"","site_location","site_name","svmp_region","contract_dnr_number","planting_date.x","planted_area_m2.x","number_shoots.x","monitoring_org","monitoring_date","veg_presence","planting_method.x","shoot_count","veg_area_m2","shoot_density_m2","days_since_planted","survival","notes.x","notes2","plantingID","planting_location_code","planting_date.y","planting_method.y","donor_site_code","subproj_code","activity_type","planting_geometry","parallel_length_m","perpendicular_length_m","plot_area_m2","planted_area_m2.y","effective_area_planted_m2","number_planting_units","number_shoots.y","plot_shoot_density_m2","planted_area_shoot_density_m2","notes.y","plt_date_match","plt_area_match","num_shoots_match","plt_method_match"
"1","Anderson Island","Amsterdam Bay - PNNL - deep - test - 2013","CPS","IAA 12-317",2013-06-06,"36",720,"PNNL",2013-12-05,"present","staple",NA,36,0,182,NA,"approximately 50% of original coverage, plants healthier and larger than shallow site, some over 0.5m, numerous snails on the blades",NA,"AMS_deep__2013-06-06__staple__THC","AMS_deep",2013-06-06,"staple","THC","twentypc__WDFW__PNNL","test","point",6,6,36,36,0.9,180,720,20,20,"None.","match","match","match","match"
"2","Anderson Island","Amsterdam Bay - PNNL - deep - test - 2013","CPS","IAA 12-317",2013-06-06,"36",720,"PNNL",2014-03-27,"present","staple",17,36,0.472222222222222,294,0.0236111111111111,"fine sediments",NA,"AMS_deep__2013-06-06__staple__THC","AMS_deep",2013-06-06,"staple","THC","twentypc__WDFW__PNNL","test","point",6,6,36,36,0.9,180,720,20,20,"None.","match","match","match","match"
"3","Anderson Island","Amsterdam Bay - PNNL - deeper - test - 2020","CPS","0",2020-06-30,"4.75",475,"PNNL",2021-04-21,"present","rebar",100,6.25,16,295,0.210526315789474,"Y","partially exposed rebar; a little ulva around but not much, can mostly see substrate, elephant ear type algae, lots of snails; plants are crusty","AMS_deeper__2020-06-30__rebar__THC","AMS_deeper",2020-06-30,"rebar","THC","zos_rec_ps__USACE__PNNL","test","point",2.5,2.5,6.25,4.75,0.475,19,475,76,100,"180 deg az, sandy with gravel some wispy ulva","match","match","match","match"
"4","Anderson Island","Amsterdam Bay - PNNL - shallow - test - 2013","CPS","IAA 12-317",2013-06-06,"36",720,"PNNL",2013-12-05,"present","staple",NA,36,0,182,NA,"disappointing, only 1 clump of eelgrass remaining and some isolated shoots, plants generally short, most ulva gone",NA,"AMS_shallow__2013-06-06__staple__THC","AMS_shallow",2013-06-06,"staple","THC","twentypc__WDFW__PNNL","test","point",6,6,36,36,0.9,180,720,20,20,"None.","match","match","match","match"
"5","Anderson Island","Amsterdam Bay - PNNL - shallow - test - 2013","CPS","IAA 12-317",2013-06-06,"36",720,"PNNL",2014-03-27,"present","staple",9,36,0.25,294,0.0125,NA,NA,"AMS_shallow__2013-06-06__staple__THC","AMS_shallow",2013-06-06,"staple","THC","twentypc__WDFW__PNNL","test","point",6,6,36,36,0.9,180,720,20,20,"None.","match","match","match","match"
"6","Anderson Island","Anderson Island Northwest - PNNL - test - 2020","CPS","0",2020-06-30,"5",500,"PNNL",2021-04-21,"present","rebar",53,6.25,8.48,295,0.106,"Y","lots of floculent, thick brown mat of diatom or algae with black possibly anoxic layer underneath. Avg. eelgrass size 10 cm but some up to 50 cm. Some eelgrass not actually attached to rebar","AND_nw1__2020-06-30__rebar__THC","AND_nw1",2020-06-30,"rebar","THC","zos_rec_ps__USACE__PNNL","test","point",2.5,2.5,6.25,5,0.5,20,500,80,100,"170deg az, sandy with non-attached ulva","match","match","match","match"
"7","Anderson Island","Anderson Island Northwest - PNNL - test - 2020","CPS","0",2020-06-30,"5",500,"DNR",2023-06-06,"present","rebar",NA,NA,NA,1071,NA,"Only a spot check. There appeared to be many more plants than the last monitoring in April 2021. Photos in Anderson Island folder (K:\projects\Eelgrass_Restoration\Photos\Anderson_Island\Anderson_Island_northwest). Will count during next field effort.",NA,"AND_nw1__2020-06-30__rebar__THC","AND_nw1",2020-06-30,"rebar","THC","zos_rec_ps__USACE__PNNL","test","point",2.5,2.5,6.25,5,0.5,20,500,80,100,"170deg az, sandy with non-attached ulva","match","match","match","match"
"8","Anderson Island","Anderson Island Northwest - PNNL - test - 2020","CPS","0",2020-06-30,"5",500,"DNR",2023-06-16,"present","rebar",665,17.6,37.7840909090909,1081,1.33,"Counted shoot density in 9 - 0.25 m2 quadrats and the X - Y area. Area was 4.4 m x 4 m. Average shoot density = 37.8 from monitoring. Multiplied 37.8 x 17.6 to get total estimated shoot count of 665.",NA,"AND_nw1__2020-06-30__rebar__THC","AND_nw1",2020-06-30,"rebar","THC","zos_rec_ps__USACE__PNNL","test","point",2.5,2.5,6.25,5,0.5,20,500,80,100,"170deg az, sandy with non-attached ulva","match","match","match","match"
"9","Anderson Island","Anderson Island Northwest - PNNL - test - 2020","CPS","0",2020-06-30,"5",500,"DNR",2024-05-09,"present","rebar",1107,22.5,49.2,1409,2.214,"Counted shoot density in 5 - 0.25 m2 quadrats and the X - Y area. Area was 4.5 m x 5 m. Average shoot density = 37.8 from monitoring. Multiplied 49.2 x 22.5 to get total estimated shoot count of 1107. 80% average canopy height = 70.2 cm.",NA,"AND_nw1__2020-06-30__rebar__THC","AND_nw1",2020-06-30,"rebar","THC","zos_rec_ps__USACE__PNNL","test","point",2.5,2.5,6.25,5,0.5,20,500,80,100,"170deg az, sandy with non-attached ulva","match","match","match","match"
"10","Anderson Island","Anderson Island Northwest - PNNL - test - 2020","CPS","0",2020-06-30,"5",500,"DNR",2025-04-01,"unknown","rebar",NA,NA,NA,NA,NA,"visited site but could not see Zm. Could be that tidal elevation was too high or algal cover too thick (ulvoids present)",NA,"AND_nw1__2020-06-30__rebar__THC","AND_nw1",2020-06-30,"rebar","THC","zos_rec_ps__USACE__PNNL","test","point",2.5,2.5,6.25,5,0.5,20,500,80,100,"170deg az, sandy with non-attached ulva","match","match","match","match"
"11","Anderson Island","Anderson Island South - PNNL - test - 2016","CPS","93-099661",2016-09-20,"6.25",500,"PNNL",2017-04-11,"present","rebar",103,6,17.1666666666667,203,0.206,"pretty good survival and the plants look great, current is strong enough to push the plants horizontal",NA,"AND_south1__2016-09-20__rebar__SPT","AND_south1",2016-09-20,"rebar","SPT","zos_rest_3_deltas__USACE__PNNL","test","point",2.5,2.5,6.25,5,0.5,20,500,80,100,"Also known as Gaeckle 3","match","no_match","match","match"
"12","Anderson Island","Anderson Island South 1 - west - HC - large - 2017","CPS","SC 16-17",2017-06-02,"40",20500,"DNR",2017-07-25,"present","turf",NA,NA,NA,53,NA,"DNR snorkel monitoring. Zm present at both sites but loads of ulvoids attached to each planting unit. Easy to find because of clumps of ulvoids. Good photos documenting monitoring.",NA,"AND_south_L2__2017-06-02__turf__RKB","AND_south_L2",2017-06-02,"turf","RKB","zos_rest_ps__WDFW__Hart Crowser","large scale","line",40,4,160,155,20.5,2050,20500,128.125,132.258064516129,"large scale area of 40 m X 4 m (160 m2). Planted with plants from Rocky Bay. Turfs plant 5-15 shoots per staple (X= ~10 shoots/staple). Estimated number of PUs at test-transplant site as 20500/10 = 2050.","match","no_match","match","match"
"13","Anderson Island","Anderson Island South 1 - west - HC - large - 2017","CPS","SC 16-17",2017-06-02,"40",20500,"DNR",2018-05-09,"absent","turf",0,NA,NA,341,0,"DNR Geoduck Compliance Diver monitoring. Lots of green algae.",NA,"AND_south_L2__2017-06-02__turf__RKB","AND_south_L2",2017-06-02,"turf","RKB","zos_rest_ps__WDFW__Hart Crowser","large scale","line",40,4,160,155,20.5,2050,20500,128.125,132.258064516129,"large scale area of 40 m X 4 m (160 m2). Planted with plants from Rocky Bay. Turfs plant 5-15 shoots per staple (X= ~10 shoots/staple). Estimated number of PUs at test-transplant site as 20500/10 = 2050.","match","no_match","match","match"
"14","Anderson Island","Anderson Island South 1 - west - HC - large - 2017","CPS","SC 16-17",2017-06-02,"40",20500,"DNR",2018-08-12,"absent","turf",0,NA,NA,436,0,"DNR snorkel monitoring. No Zm found.",NA,"AND_south_L2__2017-06-02__turf__RKB","AND_south_L2",2017-06-02,"turf","RKB","zos_rest_ps__WDFW__Hart Crowser","large scale","line",40,4,160,155,20.5,2050,20500,128.125,132.258064516129,"large scale area of 40 m X 4 m (160 m2). Planted with plants from Rocky Bay. Turfs plant 5-15 shoots per staple (X= ~10 shoots/staple). Estimated number of PUs at test-transplant site as 20500/10 = 2050.","match","no_match","match","match"
"15","Anderson Island","Anderson Island South 2 - west - HC - large - 2017","CPS","SC 16-17",2017-06-04,"40",24830,"DNR",2017-07-25,"present","turf",NA,NA,NA,51,NA,"DNR snorkel monitoring. Zm present at both sites but loads of ulvoids attached to each planting unit. Easy to find because of clumps of ulvoids. Good photos documenting monitoring.",NA,"AND_south_L3__2017-06-04__turf__RKB","AND_south_L3",2017-06-04,"turf","RKB","zos_rest_ps__WDFW__Hart Crowser","large scale","line",40,4,160,160,24.83,2483,24830,155.1875,155.1875,"large scale area of 40 m X 4 m (160 m2). Planted with plants from Rocky Bay. Planted with plants from Rocky Bay. Turfs plant 5-15 shoots per staple (X= ~10 shoots/staple). Estimated number of PUs at test-transplant site as 24,830/10 = 2483.","match","no_match","match","match"
"16","Anderson Island","Anderson Island South 2 - west - HC - large - 2017","CPS","SC 16-17",2017-06-04,"40",24830,"DNR",2018-05-09,"present","turf",55,1.25,44,339,0.00221506242448651,"DNR Geoduck Compliance Diver monitoring. Lots of green algae.",NA,"AND_south_L3__2017-06-04__turf__RKB","AND_south_L3",2017-06-04,"turf","RKB","zos_rest_ps__WDFW__Hart Crowser","large scale","line",40,4,160,160,24.83,2483,24830,155.1875,155.1875,"large scale area of 40 m X 4 m (160 m2). Planted with plants from Rocky Bay. Planted with plants from Rocky Bay. Turfs plant 5-15 shoots per staple (X= ~10 shoots/staple). Estimated number of PUs at test-transplant site as 24,830/10 = 2483.","match","no_match","match","match"
"17","Anderson Island","Anderson Island South 2 - west - HC - large - 2017","CPS","SC 16-17",2017-06-04,"40",24830,"DNR",2018-08-12,"present","turf",34,1,34,434,0.0013693113169553,"DNR snorkel monitoring. Few Zm plants found",NA,"AND_south_L3__2017-06-04__turf__RKB","AND_south_L3",2017-06-04,"turf","RKB","zos_rest_ps__WDFW__Hart Crowser","large scale","line",40,4,160,160,24.83,2483,24830,155.1875,155.1875,"large scale area of 40 m X 4 m (160 m2). Planted with plants from Rocky Bay. Planted with plants from Rocky Bay. Turfs plant 5-15 shoots per staple (X= ~10 shoots/staple). Estimated number of PUs at test-transplant site as 24,830/10 = 2483.","match","no_match","match","match"
"18","Anderson Island","Anderson Island South 3 - east - PNNL - large - 2017","CPS","IAA 15-101",2017-08-08,"105.25",10525,"PNNL",2018-03-05,"present","rebar",NA,NA,NA,209,NA,"viewed from surface, plants in tidy rows with no evidence of spread",NA,"AND_south_L4__2017-08-08__rebar__THC","AND_south_L4",2017-08-08,"rebar","THC","zos_rest_3_deltas__USACE__PNNL","large scale","line",30,5,150,105.25,10.525,421,10525,70.1666666666667,100,"Site also known as Gaeckle 3, base line runs 320°","match","match","match","match"
"19","Anderson Island","Anderson Island South 3 - east - PNNL - large - 2017","CPS","IAA 15-101",2017-08-08,"105.25",10525,"PNNL",2018-03-07,"present","rebar",NA,75,NA,211,NA,"counted 40 lines of plants, looked slightly less dense than when planted",NA,"AND_south_L4__2017-08-08__rebar__THC","AND_south_L4",2017-08-08,"rebar","THC","zos_rest_3_deltas__USACE__PNNL","large scale","line",30,5,150,105.25,10.525,421,10525,70.1666666666667,100,"Site also known as Gaeckle 3, base line runs 320°","match","match","match","match"
"20","Anderson Island","Anderson Island South 3 - east - PNNL - large - 2017","CPS","IAA 15-101",2017-08-08,"105.25",10525,"PNNL",2019-04-16,"present","rebar",4770,105,45.4285714285714,616,0.453206650831354,"PNNL divers surveyed 42, 0.25 m2 quadrats systematically with a random start throughout planted area to estimate average density m-2 for the planted area. Overall eelgrass looked good at the site, bare right along baseline. Patchy along deeper edge.",NA,"AND_south_L4__2017-08-08__rebar__THC","AND_south_L4",2017-08-08,"rebar","THC","zos_rest_3_deltas__USACE__PNNL","large scale","line",30,5,150,105.25,10.525,421,10525,70.1666666666667,100,"Site also known as Gaeckle 3, base line runs 320°","match","match","match","match"
"21","Anderson Island","Anderson Island South 3 - east - PNNL - large - 2017","CPS","IAA 15-101",2017-08-08,"rebar",150,"PNNL",2020-05-14,"present","rebar",20682,105.25,196.503562945368,1010,137.88,"PNNL divers surveyed 41 0.25 m2 quadrats along the rebar planted transects and calculated density based on shoots counted divided by surveyed area. Applied calculated density to the entire planted area to estimated number of shoots survived.",NA,"AND_south_L4__2017-08-08__rebar__THC","AND_south_L4",2017-08-08,"rebar","THC","zos_rest_3_deltas__USACE__PNNL","large scale","line",30,5,150,105.25,10.525,421,10525,70.1666666666667,100,"Site also known as Gaeckle 3, base line runs 320°","match","no_match","no_match","match"
"22","Anderson Island","Anderson Island South 3 - east - PNNL - large - 2017","CPS","IAA 15-101",2017-08-08,"105.25",10525,"DNR",2022-05-16,"present","rebar",NA,NA,NA,1742,NA,"Qualitative assessment from boat.",NA,"AND_south_L4__2017-08-08__rebar__THC","AND_south_L4",2017-08-08,"rebar","THC","zos_rest_3_deltas__USACE__PNNL","large scale","line",30,5,150,105.25,10.525,421,10525,70.1666666666667,100,"Site also known as Gaeckle 3, base line runs 320°","match","match","match","match"
"23","Anderson Island","Anderson Island South 3 - east - PNNL - large - 2017","CPS","IAA 15-101",2017-08-08,"105.25",10525,"DNR",2022-06-15,"present","rebar",NA,NA,NA,1772,NA,"quantitative shoot counts based on 15, 0.25 m2 quadrat and canopy height samples taken by Julia Ledbetter and Jeff Gaeckle. Tyler Cowdrey captured area estimates using the UAV on 6/14/2022",NA,"AND_south_L4__2017-08-08__rebar__THC","AND_south_L4",2017-08-08,"rebar","THC","zos_rest_3_deltas__USACE__PNNL","large scale","line",30,5,150,105.25,10.525,421,10525,70.1666666666667,100,"Site also known as Gaeckle 3, base line runs 320°","match","match","match","match"
"24","Anderson Island","Anderson Island South 3 - east - PNNL - large - 2017","CPS","IAA 15-101",2017-08-08,"105.25",10525,"DNR",2023-06-15,"present","rebar",NA,NA,NA,NA,NA,NA,NA,"AND_south_L4__2017-08-08__rebar__THC","AND_south_L4",2017-08-08,"rebar","THC","zos_rest_3_deltas__USACE__PNNL","large scale","line",30,5,150,105.25,10.525,421,10525,70.1666666666667,100,"Site also known as Gaeckle 3, base line runs 320°","match","match","match","match"
"25","Anderson Island","Anderson Island South 3 - east - PNNL - large - 2017","CPS","IAA 15-101",2017-08-08,"105.25",10525,"DNR",2024-06-15,"present","rebar",NA,NA,NA,NA,NA,NA,NA,"AND_south_L4__2017-08-08__rebar__THC","AND_south_L4",2017-08-08,"rebar","THC","zos_rest_3_deltas__USACE__PNNL","large scale","line",30,5,150,105.25,10.525,421,10525,70.1666666666667,100,"Site also known as Gaeckle 3, base line runs 320°","match","match","match","match"
"26","Anderson Island","Anderson Island South 3 - east - PNNL - large - 2017","CPS","IAA 15-101",2017-08-08,"105.25",10525,"DNR",2025-04-01,"present","rebar",NA,NA,NA,NA,NA,"Zm present, but very little. Seemed as though there was a significant over winter loss. Late June/July survey will provide better understanding of Zm condition.",NA,"AND_south_L4__2017-08-08__rebar__THC","AND_south_L4",2017-08-08,"rebar","THC","zos_rest_3_deltas__USACE__PNNL","large scale","line",30,5,150,105.25,10.525,421,10525,70.1666666666667,100,"Site also known as Gaeckle 3, base line runs 320°","match","match","match","match"
"27","Anderson Island","Anderson Island West - North - south - HC - test - 2017","CPS","SC 16-17",2017-05-05,"6",869,"HC",2017-07-17,"present","turf",235,6,39.1666666666667,73,0.270425776754891,"Eelgrass dying. Site covered in thick ulva.",NA,"AND_west_L1__2017-05-05__turf__RKB","AND_west_L1",2017-05-05,"turf","RKB","zos_rest_ps__WDFW__Hart Crowser","test","line",10,1,10,6,0.87,87,869,86.9,144.833333333333,"Referred to as 'Anderson Island West 1' in final report. Turfs plant 5-15 shoots per staple (X= ~10 shoots/staple). Estimated number of PUs at test-transplant site as 869/10 = 87.","match","match","match","match"
"28","Anderson Island","Anderson Island West - North - south - HC - test - 2017","CPS","SC 16-17",2017-05-05,"6",869,"DNR",2018-05-30,"absent","turf",0,0,NA,390,0,"Entire site covered with algae. Line still in place from test plot set up.",NA,"AND_west_L1__2017-05-05__turf__RKB","AND_west_L1",2017-05-05,"turf","RKB","zos_rest_ps__WDFW__Hart Crowser","test","line",10,1,10,6,0.87,87,869,86.9,144.833333333333,"Referred to as 'Anderson Island West 1' in final report. Turfs plant 5-15 shoots per staple (X= ~10 shoots/staple). Estimated number of PUs at test-transplant site as 869/10 = 87.","match","match","match","match"
"29","Anderson Island","Anderson Island West - North - south - HC - test - 2017","CPS","SC 16-17",2017-05-05,"6",869,"DNR",2023-06-06,"absent","turf",0,0,NA,2223,0,"No eelgrass. Removed helical anchors and line.",NA,"AND_west_L1__2017-05-05__turf__RKB","AND_west_L1",2017-05-05,"turf","RKB","zos_rest_ps__WDFW__Hart Crowser","test","line",10,1,10,6,0.87,87,869,86.9,144.833333333333,"Referred to as 'Anderson Island West 1' in final report. Turfs plant 5-15 shoots per staple (X= ~10 shoots/staple). Estimated number of PUs at test-transplant site as 869/10 = 87.","match","match","match","match"
"30","Anderson Island","Anderson Island West - PNNL - test - 2015","CPS","IAA 12-317.1",2015-02-27,"25",500,"DNR",2015-07-30,"present","staple",4,NA,NA,153,0.008,"DNR snorkel monitoring. Zm present but only 4 shoots.",NA,"AND_west1__2015-02-27__staple__KTI","AND_west1",2015-02-27,"staple","KTI","zos_rest_ps__DNR__PNNL","test","point",5,5,25,25,0.625,125,500,20,20,"None.","match","match","match","match"
"31","Anderson Island","Anderson Island West - PNNL - test - 2015","CPS","IAA 12-317.1",2015-02-27,"25",500,NA,2017-04-11,"absent","staple",0,NA,NA,774,0,NA,NA,"AND_west1__2015-02-27__staple__KTI","AND_west1",2015-02-27,"staple","KTI","zos_rest_ps__DNR__PNNL","test","point",5,5,25,25,0.625,125,500,20,20,"None.","match","match","match","match"
"32","Anderson Island","Anderson Island West - PNNL - test - 2016","CPS","93-099661",2016-09-20,"6.25",500,"PNNL",2017-04-11,"present","rebar",54,6,9,203,0.108,"there is eelgrass, it is healthy, the ones that are still here look good",NA,"AND_west2__2016-09-20__rebar__SPT","AND_west2",2016-09-20,"rebar","SPT","zos_rest_3_deltas__USACE__PNNL","test","point",2.5,2.5,6.25,5,0.5,20,500,80,100,"None.","match","no_match","match","match"
"33","Anderson Island","Anderson Island West - PNNL - test - 2016","CPS","93-099661",2016-09-20,"5",500,"PNNL",2019-04-16,"absent","rebar",0,NA,NA,938,0,"no eelgrass present",NA,"AND_west2__2016-09-20__rebar__SPT","AND_west2",2016-09-20,"rebar","SPT","zos_rest_3_deltas__USACE__PNNL","test","point",2.5,2.5,6.25,5,0.5,20,500,80,100,"None.","match","match","match","match"
"34","Anderson Island","Anderson Island West - PNNL - test - 2020","CPS","0",2020-07-01,"6.25",625,"PNNL",2021-04-21,"present","rebar",98,7.5,13.0666666666667,294,0.1568,"Y","Some ulva, site was hard to find and set a new waypoint, called A I W Real,  eelgrass 5cm all small","AND_west3__2020-07-01__rebar__THC","AND_west3",2020-07-01,"rebar","THC","zos_rec_ps__USACE__PNNL","test","point",3,2.5,7.5,6.25,0.625,25,625,83.3333333333333,100,"180deg az, sandy with little bit of ulva","match","match","match","match"
"35","Anderson Island","Anderson Island West - PNNL - test - 2020","CPS","0",2020-07-01,"6.25",625,"PNNL",2023-06-06,"absent","rebar",0,0,NA,1070,0,"No eelgrass present. Removed  2 helical anchors and PVC.",NA,"AND_west3__2020-07-01__rebar__THC","AND_west3",2020-07-01,"rebar","THC","zos_rec_ps__USACE__PNNL","test","point",3,2.5,7.5,6.25,0.625,25,625,83.3333333333333,100,"180deg az, sandy with little bit of ulva","match","match","match","match"
"36","Anderson Island","Anderson Island West - South - south - HC - test - 2017","CPS","SC 16-17",2017-05-05,"6",869,"HC",2017-07-17,"present","turf",69,6,11.5,73,0.0794016110471807,"Eelgrass dying. Site covered in thick ulva.",NA,"AND_south_L1__2017-05-05__turf__RKB","AND_south_L1",2017-05-05,"turf","RKB","zos_rest_ps__WDFW__Hart Crowser","test","line",10,1,10,6,0.87,87,869,86.9,144.833333333333,"Referred to as 'Anderson Island West 2' in final report. Turfs plant 5-15 shoots per staple (X= ~10 shoots/staple). Estimated number of PUs at test-transplant site as 869/10 = 87.","match","match","match","match"
"37","Anderson Island","Anderson Island West - South - south - HC - test - 2017","CPS","SC 16-17",2017-05-05,"6",869,"DNR",2018-05-30,"absent","turf",0,0,NA,390,0,"Entire site covered with algae. Line still in place from test plot set up.",NA,"AND_south_L1__2017-05-05__turf__RKB","AND_south_L1",2017-05-05,"turf","RKB","zos_rest_ps__WDFW__Hart Crowser","test","line",10,1,10,6,0.87,87,869,86.9,144.833333333333,"Referred to as 'Anderson Island West 2' in final report. Turfs plant 5-15 shoots per staple (X= ~10 shoots/staple). Estimated number of PUs at test-transplant site as 869/10 = 87.","match","match","match","match"
"38","Anderson Island","Anderson Island West - South - south - HC - test - 2017","CPS","SC 16-17",2017-05-05,"6",869,"DNR",2023-06-06,"absent","turf",0,0,NA,2223,0,"No eelgrass. Removed helical anchors and line.",NA,"AND_south_L1__2017-05-05__turf__RKB","AND_south_L1",2017-05-05,"turf","RKB","zos_rest_ps__WDFW__Hart Crowser","test","line",10,1,10,6,0.87,87,869,86.9,144.833333333333,"Referred to as 'Anderson Island West 2' in final report. Turfs plant 5-15 shoots per staple (X= ~10 shoots/staple). Estimated number of PUs at test-transplant site as 869/10 = 87.","match","match","match","match"
"39","Anderson Island","Anderson Island - Carlson Bay SE - DNR - test 1 - 2023","DNR","test",2023-06-05,"0.75",150,"DNR",2024-05-09,"absent","rebar",0,0,NA,339,0,"No eelgrass.",NA,"AND_se1__2023-06-05__rebar__DPW","AND_se1",2023-06-05,"rebar","DPW","unaffiliated__unspecified__unspecified","test","point",1.5,0.5,0.75,2.25,0.225,9,150,200,66.6666666666667,"None.","match","no_match","match","match"
"40","Chico Bay","Chico Bay - PNNL - test - 2015","CPS","IAA 12-317.1",2015-02-18,"25",500,"DNR",2015-08-28,"absent","staple",0,NA,NA,191,0,"DNR snorkel monitoring",NA,"CHC__2015-02-18__staple__CPT","CHC",2015-02-18,"staple","CPT","zos_rest_ps__DNR__PNNL","test","point",5,5,25,25,0.625,125,500,20,20,"None.","match","match","match","match"
"41","Commencement Bay","Commencement Bay - PNNL - large - 2018","CPS","93-094344",2018-06-26,"108.25",10825,"DNR",2018-07-16,"present","rebar",NA,NA,NA,NA,NA,"DNR monitoring from boat. Zm looked great.",NA,"COM_L1__2018-06-26__rebar__DMB","COM_L1",2018-06-26,"rebar","DMB","zos_rec_ps__USFWS__PNNL","large scale","line",19,10,190,108.25,10.825,433,10825,56.9736842105263,100,"Planting occurred near 2 test plots so planting was irregular to not overlap with the test plots. See planting diagram","match","match","match","match"
"42","Commencement Bay","Commencement Bay - PNNL - large - 2018","CPS","93-094344",2018-06-26,"108.25",10825,"PNNL",2019-04-17,"present","rebar",6949.5652173913,108,64.3478260869565,295,0.641992167888342,"PNNL diver surveyed 46, 0.25 m2 quadrats randomly throughout planted area to estimate average density m-2. Overall shoot count status calculated by average shoot density * original planted area (108 m2). Some pockets of ulva and small brown algae. Crabs present, but not many clams. Chain present through the middle of site, perpendicular to baseline; doesn't appear to have caused much damage. JV removed offshore. Eelgrass looks good, still in rows, some erosion could be from crab burrows.",NA,"COM_L1__2018-06-26__rebar__DMB","COM_L1",2018-06-26,"rebar","DMB","zos_rec_ps__USFWS__PNNL","large scale","line",19,10,190,108.25,10.825,433,10825,56.9736842105263,100,"Planting occurred near 2 test plots so planting was irregular to not overlap with the test plots. See planting diagram","match","match","match","match"
"43","Commencement Bay","Commencement Bay - PNNL - large - 2018","CPS","93-094344",2018-06-26,"rebar",190,"PNNL",2020-05-15,"present","rebar",10170,108.25,93.9491916859122,689,53.5263157894737,"PNNL divers surveyed 48 0.25 m2 quadrats along the rebar planted transects and calculated density based on shoots counted divided by surveyed area. Applied calculated density to the entire planted area to estimated number of shoots survived.",NA,"COM_L1__2018-06-26__rebar__DMB","COM_L1",2018-06-26,"rebar","DMB","zos_rec_ps__USFWS__PNNL","large scale","line",19,10,190,108.25,10.825,433,10825,56.9736842105263,100,"Planting occurred near 2 test plots so planting was irregular to not overlap with the test plots. See planting diagram","match","no_match","no_match","match"
"44","Commencement Bay","Commencement Bay - PNNL - large - 2019","CPS","93-099661",2019-06-09,"rebar",270,"PNNL",2020-05-15,"present","rebar",14892,164,90.8048780487805,341,55.1555555555556,"PNNL divers surveyed 67 0.25 m2 quadrats along the rebar planted transects and calculated density based on shoots counted divided by surveyed area. Applied calculated density to the entire planted area to estimated number of shoots survived.",NA,"COM_L2__2019-06-09__rebar__DMB","COM_L2",2019-06-09,"rebar","DMB","zos_rec_ps__USACE__PNNL","large scale","line",27,10,270,164,16.4,656,16400,60.7407407407407,100,"planted 5m on each side of baseline, 10m total width, starting @1m planted 4 rows 0.5m apart, skip 1.5m, repeat. Exceptions: 1 row planted inshore at 3m, offshore rows 8.5m-17.5m 2.5m long, 10m offshore row = 50shoots/rebar, 10.5m-11.5m offshore row = 35shoots/rebar. 300 extra shoots not included in total (column AD)","match","no_match","no_match","match"
"45","Commencement Bay","Commencement Bay - PNNL - Test Plot deep - 2017","CPS","93-094344",2017-08-31,"6.25",500,"PNNL",2018-03-08,"present","rebar",478,6.25,76.48,189,0.956,"No screw anchors present, but clearly our plot because rows present. 4 rows of 5 rebar. Plants growing away from rebar. Site looks great! Deeper end 20' at 1057.",NA,"COM_deep__2017-08-31__rebar__CPT","COM_deep",2017-08-31,"rebar","CPT","zos_rec_ps__USFWS__PNNL","test","point",2.5,2.5,6.25,5,0.5,20,500,80,100,"None.","match","no_match","match","match"
"46","Commencement Bay","Commencement Bay - PNNL - Test Plot shallow - 2017","CPS","93-094344",2017-08-31,"6.25",500,"PNNL",2018-03-08,"present","rebar",632,6.25,101.12,189,1.264,"Great survival! 4 rows of 5 rebar. Good spread and sediment is compact",NA,"COM_shallow__2017-08-31__rebar__CPT","COM_shallow",2017-08-31,"rebar","CPT","zos_rec_ps__USFWS__PNNL","test","point",2.5,2.5,6.25,5,0.5,20,500,80,100,"None.","match","no_match","match","match"
"47","Delano Beach","Delano Beach - PNNL - test - 2015","CPS","IAA 12-317.1",2015-02-26,"25",500,"DNR",2015-07-30,"present","staple",NA,NA,NA,154,NA,"Zm present. Looked good and definitely expanding/growing. Photos in Delano Beach folder.",NA,"DEL_1__2015-02-26__staple__KTI","DEL_1",2015-02-26,"staple","KTI","zos_rest_ps__DNR__PNNL","test","point",5,5,25,25,0.625,125,500,20,20,"""mega""-bundles were planted with 260 shoots on 26 staples outside of the plot and just south","match","match","match","match"
"48","Delano Beach","Delano Beach - PNNL - test - 2015","CPS","IAA 12-317.1",2015-02-26,"25",500,"DNR",2015-08-03,"present","staple",NA,NA,NA,158,NA,"Zm present. At site to collect temperature (18.3 C) and salinity (29.1 PSU). Photos in Delano Beach folder.",NA,"DEL_1__2015-02-26__staple__KTI","DEL_1",2015-02-26,"staple","KTI","zos_rest_ps__DNR__PNNL","test","point",5,5,25,25,0.625,125,500,20,20,"""mega""-bundles were planted with 260 shoots on 26 staples outside of the plot and just south","match","match","match","match"
"49","Delano Beach","Delano Beach - PNNL - test - 2015","CPS","IAA 12-317.1",2015-02-26,"25",500,"DNR",2015-08-11,"present","staple",NA,NA,NA,166,NA,"Zm present. On site to collect ulvoid samples for Jim Kaldy (EPA). Photos of Zm in Delano Beach folder.",NA,"DEL_1__2015-02-26__staple__KTI","DEL_1",2015-02-26,"staple","KTI","zos_rest_ps__DNR__PNNL","test","point",5,5,25,25,0.625,125,500,20,20,"""mega""-bundles were planted with 260 shoots on 26 staples outside of the plot and just south","match","match","match","match"
"50","Delano Beach","Delano Beach - PNNL - test - 2015","CPS","IAA 12-317.1",2015-02-26,"25",500,"DNR",2016-05-07,"present","staple",NA,NA,NA,436,NA,"DNR snorkel monitoring",NA,"DEL_1__2015-02-26__staple__KTI","DEL_1",2015-02-26,"staple","KTI","zos_rest_ps__DNR__PNNL","test","point",5,5,25,25,0.625,125,500,20,20,"""mega""-bundles were planted with 260 shoots on 26 staples outside of the plot and just south","match","match","match","match"
"51","Delano Beach","Delano Beach - PNNL - test - 2015","CPS","IAA 12-317.1",2015-02-26,"25",500,"HC",2016-05-16,"present","staple",NA,NA,NA,445,NA,"HC monitored PNNL's test transplant at Delano Beach. Observed approximately 800 shoots with an estimated density = 48.5 shoots m-2.",NA,"DEL_1__2015-02-26__staple__KTI","DEL_1",2015-02-26,"staple","KTI","zos_rest_ps__DNR__PNNL","test","point",5,5,25,25,0.625,125,500,20,20,"""mega""-bundles were planted with 260 shoots on 26 staples outside of the plot and just south","match","match","match","match"
"52","Delano Beach","Delano Beach - PNNL - test - 2015","CPS","IAA 12-317.1",2015-02-26,"25",500,"DNR",2016-07-19,"present","staple",526,NA,NA,509,1.052,"DNR snorkel monitoring. Collected three shoot count measurements (197, 146, & 183). Shoots covered in algae. Snails present. Photos of Zm in Delano Beach folder.",NA,"DEL_1__2015-02-26__staple__KTI","DEL_1",2015-02-26,"staple","KTI","zos_rest_ps__DNR__PNNL","test","point",5,5,25,25,0.625,125,500,20,20,"""mega""-bundles were planted with 260 shoots on 26 staples outside of the plot and just south","match","match","match","match"
"53","Delano Beach","Delano Beach - PNNL - test - 2015","CPS","IAA 12-317.1",2015-02-26,"25",500,"DNR",2017-05-29,"present","staple",NA,NA,NA,823,NA,"DNR snorkel monitoring. Reproductive shoots present. Set up site at Delano East (South Head) for future test transplant. Stopped by Delano Beach PNNL test 2015 site to confirm Zm present. Photos in Delano Beach folder.",NA,"DEL_1__2015-02-26__staple__KTI","DEL_1",2015-02-26,"staple","KTI","zos_rest_ps__DNR__PNNL","test","point",5,5,25,25,0.625,125,500,20,20,"""mega""-bundles were planted with 260 shoots on 26 staples outside of the plot and just south","match","match","match","match"
"54","Delano Beach","Delano Beach - PNNL - test - 2015","CPS","IAA 12-317.1",2015-02-26,"25",500,"DNR",2017-07-24,"present","staple",NA,NA,NA,879,NA,"DNR snorkel monitoring. Changing PAR and pH sensors. Photos of Zm in Delano Beach folder.",NA,"DEL_1__2015-02-26__staple__KTI","DEL_1",2015-02-26,"staple","KTI","zos_rest_ps__DNR__PNNL","test","point",5,5,25,25,0.625,125,500,20,20,"""mega""-bundles were planted with 260 shoots on 26 staples outside of the plot and just south","match","match","match","match"
"55","Delano Beach","Delano Beach - PNNL - test - 2015","CPS","IAA 12-317.1",2015-02-26,"25",500,"DNR",2017-08-20,"present","staple",NA,NA,NA,906,NA,"DNR snorkel monitoring. Collecting PAR and pH sensors. Photos of Zm in Delano Beach folder.",NA,"DEL_1__2015-02-26__staple__KTI","DEL_1",2015-02-26,"staple","KTI","zos_rest_ps__DNR__PNNL","test","point",5,5,25,25,0.625,125,500,20,20,"""mega""-bundles were planted with 260 shoots on 26 staples outside of the plot and just south","match","match","match","match"
"56","Delano Beach","Delano Beach - PNNL - test - 2015","CPS","IAA 12-317.1",2015-02-26,"25",500,"DNR",2018-05-30,"present","staple",NA,NA,NA,1189,NA,"DNR snorkel monitoring. Zm looked good with some repros.",NA,"DEL_1__2015-02-26__staple__KTI","DEL_1",2015-02-26,"staple","KTI","zos_rest_ps__DNR__PNNL","test","point",5,5,25,25,0.625,125,500,20,20,"""mega""-bundles were planted with 260 shoots on 26 staples outside of the plot and just south","match","match","match","match"
"57","Delano Beach","Delano Beach - PNNL - test - 2015","CPS","IAA 12-317.1",2015-02-26,"staple",25,"PNNL",2019-06-08,"present","staple",50,25,2,1563,2,"PNNL divers estimated ~50 shoots in 1m x 1.5m patch, 50-70cm tall, 4 flowering shoots, macroalgae present",NA,"DEL_1__2015-02-26__staple__KTI","DEL_1",2015-02-26,"staple","KTI","zos_rest_ps__DNR__PNNL","test","point",5,5,25,25,0.625,125,500,20,20,"""mega""-bundles were planted with 260 shoots on 26 staples outside of the plot and just south","match","no_match","no_match","match"
"58","Delano Beach","Delano Beach - PNNL - test - 2015","CPS","IAA 12-317.1",2015-02-26,"staple",25,"PNNL",2020-05-14,"present","staple",568,25,22.72,1904,22.72,"all eelgrass in 1m2 patch in the middle of test plot",NA,"DEL_1__2015-02-26__staple__KTI","DEL_1",2015-02-26,"staple","KTI","zos_rest_ps__DNR__PNNL","test","point",5,5,25,25,0.625,125,500,20,20,"""mega""-bundles were planted with 260 shoots on 26 staples outside of the plot and just south","match","no_match","no_match","match"
"59","Delano Beach","Delano Beach - PNNL - test - 2015","CPS","IAA 12-317.1",2015-02-26,"staple",25,"DNR",2021-04-30,"present","staple",53,1,53,2255,2.12,"eelgrass present along with many crabs. Shoots looked small and appear to be heavily disturbed by bioturbators (e.g., crabs). Left original helical anchors (2) and PVC (2) to demarcate site. Recovered rebar that was planted at the site on 06/28/2018.",NA,"DEL_1__2015-02-26__staple__KTI","DEL_1",2015-02-26,"staple","KTI","zos_rest_ps__DNR__PNNL","test","point",5,5,25,25,0.625,125,500,20,20,"""mega""-bundles were planted with 260 shoots on 26 staples outside of the plot and just south","match","no_match","no_match","match"
"60","Delano Beach","Delano Beach - PNNL - test - 2015","CPS","IAA 12-317.1",2015-02-26,"staple",25,"DNR",2021-06-12,"present","staple",53,1,53,2298,2.12,"Eelgrass present, evidence of wasting disease",NA,"DEL_1__2015-02-26__staple__KTI","DEL_1",2015-02-26,"staple","KTI","zos_rest_ps__DNR__PNNL","test","point",5,5,25,25,0.625,125,500,20,20,"""mega""-bundles were planted with 260 shoots on 26 staples outside of the plot and just south","match","no_match","no_match","match"
"61","Delano Beach","Delano Beach - SE - HC - large - 2016","CPS","SC 16-17",2016-06-14,"50.4",20850,"DNR",2016-07-19,"present","burlap",NA,NA,NA,35,NA,"Zm looked great. Abundance of green algae too. Lots of photos of transplants in Delano Beach folder.",NA,"DEL_P1__2016-06-14__burlap__CTI","DEL_P1",2016-06-14,"burlap","CTI","zos_rest_ps__WDFW__Hart Crowser","large scale","polygon",35,6,210,50.4,78.75,1260,20850,99.2857142857143,413.690476190476,"None.","match","match","match","match"
"62","Delano Beach","Delano Beach - SE - HC - large - 2016","CPS","SC 16-17",2016-06-14,"50.4",20850,"HC",2017-07-17,"absent","burlap",0,NA,NA,398,0,"No trace of site found. HC divers surveyed 300 ft in either direction of GPS coordinates. Evidence of disturbance via digging for geoducks.",NA,"DEL_P1__2016-06-14__burlap__CTI","DEL_P1",2016-06-14,"burlap","CTI","zos_rest_ps__WDFW__Hart Crowser","large scale","polygon",35,6,210,50.4,78.75,1260,20850,99.2857142857143,413.690476190476,"None.","match","match","match","match"
"63","Delano Beach","Delano Beach East - north - HC - test - 2017","CPS","SC 16-17",2017-07-17,"6",1172,"DNR",2018-05-30,"present","turf",308,2.75,112,317,0.262798634812287,"DNR snorkel monitoring. Zm looked OK with some repros. Quite a bit of macroalgae on site.",NA,"DEL_3__2017-07-17__turf__CTI","DEL_3",2017-07-17,"turf","CTI","zos_rest_ps__WDFW__Hart Crowser","test","point",10,1,10,6,1.67,167,1172,117.2,195.333333333333,"Referred to as 'South Head 1' in final report. Turfs plant 5-15 shoots per staple (X= ~7 shoots/staple because donor site was Cutts Island with larger Zm than Rocky Bay). Estimated number of PUs at test-transplant site as 1172/7 = 167.","match","match","match","match"
"64","Delano Beach","Delano Beach East - north - HC - test - 2017","CPS","SC 16-17",2017-07-17,"6",1172,"DNR",2018-06-28,"present","turf",NA,NA,NA,346,NA,"DNR snorkel monitoring. On site with P. Dowty to add 9, 50 cm long rebar with 25 shoots per rebar. 225 shoots total.",NA,"DEL_3__2017-07-17__turf__CTI","DEL_3",2017-07-17,"turf","CTI","zos_rest_ps__WDFW__Hart Crowser","test","point",10,1,10,6,1.67,167,1172,117.2,195.333333333333,"Referred to as 'South Head 1' in final report. Turfs plant 5-15 shoots per staple (X= ~7 shoots/staple because donor site was Cutts Island with larger Zm than Rocky Bay). Estimated number of PUs at test-transplant site as 1172/7 = 167.","match","match","match","match"
"65","Delano Beach","Delano Beach East - north - HC - test - 2017","CPS","SC 16-17",2017-07-17,"6",1172,"DNR",2018-08-12,"present","turf",NA,NA,NA,391,NA,"DNR snorkel monitoring. Counted 285 Zm shoots across site but visibility was poor and team count not account for all Zm at site with confidence.",NA,"DEL_3__2017-07-17__turf__CTI","DEL_3",2017-07-17,"turf","CTI","zos_rest_ps__WDFW__Hart Crowser","test","point",10,1,10,6,1.67,167,1172,117.2,195.333333333333,"Referred to as 'South Head 1' in final report. Turfs plant 5-15 shoots per staple (X= ~7 shoots/staple because donor site was Cutts Island with larger Zm than Rocky Bay). Estimated number of PUs at test-transplant site as 1172/7 = 167.","match","match","match","match"
"66","Delano Beach","Delano Beach East - north - HC - test - 2017","CPS","SC 16-17",2017-07-17,"6",1172,"PNNL",2019-06-08,"present","turf",10,6,1.66666666666667,691,0.00853242320819113,"PNNL divers found toggle at site and a few eelgrass shoots observed; less macroalgae present than at south site",NA,"DEL_3__2017-07-17__turf__CTI","DEL_3",2017-07-17,"turf","CTI","zos_rest_ps__WDFW__Hart Crowser","test","point",10,1,10,6,1.67,167,1172,117.2,195.333333333333,"Referred to as 'South Head 1' in final report. Turfs plant 5-15 shoots per staple (X= ~7 shoots/staple because donor site was Cutts Island with larger Zm than Rocky Bay). Estimated number of PUs at test-transplant site as 1172/7 = 167.","match","match","match","match"
"67","Delano Beach","Delano Beach East - PNNL - test - 2020","CPS","0",2020-07-01,"6.25",625,"DNR",2021-04-30,"present","rebar",NA,NA,NA,303,NA,"Zm present. Removed 16 sticks of rebar.",NA,"DEL_east_1__2020-07-01__rebar__THC","DEL_east_1",2020-07-01,"rebar","THC","zos_rec_ps__USACE__PNNL","test","point",2.5,2.5,6.25,6.25,0.625,25,625,100,100,"180deg az, sandy with shell hash, some ulva with sand on it and chaetomorpha, firm bottom","match","match","match","match"
"68","Delano Beach","Delano Beach East - PNNL - test - 2020","CPS","0",2020-07-01,"6.25",625,"DNR",2021-06-12,"present","rebar",23,NA,NA,346,NA,"eelgrass present, green algae present",NA,"DEL_east_1__2020-07-01__rebar__THC","DEL_east_1",2020-07-01,"rebar","THC","zos_rec_ps__USACE__PNNL","test","point",2.5,2.5,6.25,6.25,0.625,25,625,100,100,"180deg az, sandy with shell hash, some ulva with sand on it and chaetomorpha, firm bottom","match","match","match","match"
"69","Delano Beach","Delano Beach East - PNNL - test - 2020","CPS","0",2020-07-01,"6.25",625,"PNNL",2021-04-21,"present","rebar",38,6.25,6.08,294,0.0608,"Y","moon snail egg pieces could indicate what is disturbing, rebar skewed also showing disturbance, not a lot of ulva in site but patches of ulva just outside of site could be an issue","DEL_east_1__2020-07-01__rebar__THC","DEL_east_1",2020-07-01,"rebar","THC","zos_rec_ps__USACE__PNNL","test","point",2.5,2.5,6.25,6.25,0.625,25,625,100,100,"180deg az, sandy with shell hash, some ulva with sand on it and chaetomorpha, firm bottom","match","match","match","match"
"70","Delano Beach","Delano Beach East - PNNL - test - 2020","CPS","0",2020-07-01,"6.25",625,"PNNL",2022-05-20,"present","rebar",NA,NA,NA,688,NA,NA,NA,"DEL_east_1__2020-07-01__rebar__THC","DEL_east_1",2020-07-01,"rebar","THC","zos_rec_ps__USACE__PNNL","test","point",2.5,2.5,6.25,6.25,0.625,25,625,100,100,"180deg az, sandy with shell hash, some ulva with sand on it and chaetomorpha, firm bottom","match","match","match","match"
"71","Delano Beach","Delano Beach East - south - HC - test - 2017","CPS","SC 16-17",2017-07-17,"6",1015,"DNR",2018-05-30,"present","turf",NA,NA,NA,317,NA,"DNR snorkel monitoring. Combined with north monitoring.",NA,"DEL_2__2017-07-17__turf__CTI","DEL_2",2017-07-17,"turf","CTI","zos_rest_ps__WDFW__Hart Crowser","test","point",10,1,10,6,1.45,145,1015,101.5,169.166666666667,"Referred to as 'South Head 2' in final report. Turfs plant 5-15 shoots per staple (X= ~7 shoots/staple because donor site was Cutts Island with larger Zm than Rocky Bay). Estimated number of PUs at test-transplant site as 1015/7 = 145.","match","match","match","match"
"72","Delano Beach","Delano Beach East - south - HC - test - 2017","CPS","SC 16-17",2017-07-17,"6",1015,"PNNL",2019-06-08,"absent","turf",0,6,0,691,0,"PNNL divers found toggle at site but no eelgrass observed; macroalgae present throughout site",NA,"DEL_2__2017-07-17__turf__CTI","DEL_2",2017-07-17,"turf","CTI","zos_rest_ps__WDFW__Hart Crowser","test","point",10,1,10,6,1.45,145,1015,101.5,169.166666666667,"Referred to as 'South Head 2' in final report. Turfs plant 5-15 shoots per staple (X= ~7 shoots/staple because donor site was Cutts Island with larger Zm than Rocky Bay). Estimated number of PUs at test-transplant site as 1015/7 = 145.","match","match","match","match"
"73","Delano Beach","Delano Beach East - south - HC - test - 2017","CPS","SC 16-17",2017-07-17,"6",1015,"DNR",2021-04-30,"absent","turf",NA,NA,NA,1383,NA,"No Zm observed. Thick ulva cover. Removed ground tackle (2 helical anchors with buoys).",NA,"DEL_2__2017-07-17__turf__CTI","DEL_2",2017-07-17,"turf","CTI","zos_rest_ps__WDFW__Hart Crowser","test","point",10,1,10,6,1.45,145,1015,101.5,169.166666666667,"Referred to as 'South Head 2' in final report. Turfs plant 5-15 shoots per staple (X= ~7 shoots/staple because donor site was Cutts Island with larger Zm than Rocky Bay). Estimated number of PUs at test-transplant site as 1015/7 = 145.","match","match","match","match"
"74","Delano Beach","Delano Beach West - PNNL - large - 2021","CPS","0",2021-06-03,"250",12305,"DNR",2022-05-20,"present","rebar",NA,NA,NA,351,NA,"Lots of eelgrass present. Shoot counts not taken.",NA,"DEL_L__2021-06-03__rebar__GPT","DEL_L",2021-06-03,"rebar","GPT","zos_rec_ps__USACE__PNNL","large scale","point",50,5,250,149.25,14.925,597,12305,49.22,82.4455611390285,"None.","match","no_match","match","match"
"75","Delano Beach","Delano Beach West - PNNL - large - 2021","CPS","0",2021-06-03,"250",12305,"DNR",2022-08-10,"present","rebar",NA,NA,NA,433,NA,"Quick stop by Delano to check on eelgrass. Lots of eelgrass present. Shoot counts not taken. Rebar collected. Volunteer help from Bruce Morse.",NA,"DEL_L__2021-06-03__rebar__GPT","DEL_L",2021-06-03,"rebar","GPT","zos_rec_ps__USACE__PNNL","large scale","point",50,5,250,149.25,14.925,597,12305,49.22,82.4455611390285,"None.","match","no_match","match","match"
"76","Delano Beach","Delano Beach West - PNNL - large - 2021","CPS","0",2021-06-03,"250",12305,"DNR",2023-06-05,"present","rebar",NA,NA,NA,732,NA,"Lots of Zm present. Shoot counts not taken.",NA,"DEL_L__2021-06-03__rebar__GPT","DEL_L",2021-06-03,"rebar","GPT","zos_rec_ps__USACE__PNNL","large scale","point",50,5,250,149.25,14.925,597,12305,49.22,82.4455611390285,"None.","match","no_match","match","match"
"77","Delano Beach","Delano Beach West - PNNL - large - 2021","CPS","0",2021-06-03,"250",12305,"DNR",2023-06-18,"present","rebar",NA,NA,NA,745,NA,NA,NA,"DEL_L__2021-06-03__rebar__GPT","DEL_L",2021-06-03,"rebar","GPT","zos_rec_ps__USACE__PNNL","large scale","point",50,5,250,149.25,14.925,597,12305,49.22,82.4455611390285,"None.","match","no_match","match","match"
"78","Delano Beach","Delano Beach West - PNNL - large - 2021","CPS","0",2021-06-03,"250",12305,"DNR",2024-05-09,"present","rebar",NA,NA,NA,1071,NA,"Lots of Zm present. Shoot counts not taken.",NA,"DEL_L__2021-06-03__rebar__GPT","DEL_L",2021-06-03,"rebar","GPT","zos_rec_ps__USACE__PNNL","large scale","point",50,5,250,149.25,14.925,597,12305,49.22,82.4455611390285,"None.","match","no_match","match","match"
"79","Delano Beach","Delano Beach West - PNNL - large - 2021","CPS","0",2021-06-03,"250",12305,"DNR",2025-04-01,"present","rebar",NA,NA,NA,NA,NA,"Lots of Zm present. Shoot counts not taken. Lots of green algae on the Zm too.",NA,"DEL_L__2021-06-03__rebar__GPT","DEL_L",2021-06-03,"rebar","GPT","zos_rec_ps__USACE__PNNL","large scale","point",50,5,250,149.25,14.925,597,12305,49.22,82.4455611390285,"None.","match","no_match","match","match"
"80","Delano Beach","Delano Beach West - PNNL - test - 2020","CPS","0",2020-07-01,"6.75",692,"DNR",2021-04-30,"present","rebar",NA,NA,NA,303,NA,"Zm present. Looks great.",NA,"DEL_west_1__2020-07-01__rebar__THC","DEL_west_1",2020-07-01,"rebar","THC","zos_rec_ps__USACE__PNNL","test","point",3,2.5,7.5,6.75,0.675,27,692,92.2666666666667,102.518518518519,"270deg az, sandy with patches of ulva and other ""green stuff""","match","match","match","match"
"81","Delano Beach","Delano Beach West - PNNL - test - 2020","CPS","0",2020-07-01,"6.75",692,"PNNL",2021-04-21,"present","rebar",873,7.5,116.4,294,1.26156069364162,"Y","Lots of healthy eelgrass! 9 flowering shoots. Good visibility, seems like there are extra rebar... maybe 6-7 in 4 rows","DEL_west_1__2020-07-01__rebar__THC","DEL_west_1",2020-07-01,"rebar","THC","zos_rec_ps__USACE__PNNL","test","point",3,2.5,7.5,6.75,0.675,27,692,92.2666666666667,102.518518518519,"270deg az, sandy with patches of ulva and other ""green stuff""","match","match","match","match"
"82","Delano Beach","Delano Beach West - PNNL - test - 2020","CPS","0",2020-07-01,"6.75",692,"DNR",2025-04-01,"present","rebar",NA,NA,NA,NA,NA,"Lots of Zm present. Shoot counts not taken. Lots of green algae on the Zm too.",NA,"DEL_west_1__2020-07-01__rebar__THC","DEL_west_1",2020-07-01,"rebar","THC","zos_rec_ps__USACE__PNNL","test","point",3,2.5,7.5,6.75,0.675,27,692,92.2666666666667,102.518518518519,"270deg az, sandy with patches of ulva and other ""green stuff""","match","match","match","match"
"83","Delano Beach","Delano W T1 - HC - test - 2016","CPS","SC 16-17",2016-04-21,"39",780,"DNR",2016-05-07,"present","burlap",NA,NA,NA,16,NA,"DNR snorkel monitoring",NA,"DEL_L1__2016-04-21__burlap__CTI","DEL_L1",2016-04-21,"burlap","CTI","zos_rest_ps__WDFW__Hart Crowser","test","line",25,5,125,75,9.75,156,780,6.24,10.4,"transect line that includes 3 test plots","match","no_match","match","match"
"84","Delano Beach","Delano W T1 - HC - test - 2016","CPS","SC 16-17",2016-04-21,"39",780,"HC",2016-05-16,"present","burlap",NA,NA,NA,25,NA,"Transplants planted too shallow (-1.25 m, MLLW).",NA,"DEL_L1__2016-04-21__burlap__CTI","DEL_L1",2016-04-21,"burlap","CTI","zos_rest_ps__WDFW__Hart Crowser","test","line",25,5,125,75,9.75,156,780,6.24,10.4,"transect line that includes 3 test plots","match","no_match","match","match"
"85","Delano Beach","Delano W T1 - HC - test - 2016","CPS","SC 16-17",2016-04-21,"39",780,"HC",2017-07-17,"present","burlap",1,NA,NA,452,0.00128205128205128,"1 dying eelgrass shoot found at Delano Beach 2016 test transplant site.",NA,"DEL_L1__2016-04-21__burlap__CTI","DEL_L1",2016-04-21,"burlap","CTI","zos_rest_ps__WDFW__Hart Crowser","test","line",25,5,125,75,9.75,156,780,6.24,10.4,"transect line that includes 3 test plots","match","no_match","match","match"
"86","Dumas Bay","Dumas Bay - KC Zm Restoration - test - 2020","CPS","0",2020-07-06,"1.5",300,"DNR",2020-08-19,"present","rebar",NA,NA,NA,44,NA,"Checked on transplants and light sensor at the site. Water quality was amazing. Zm still present and it looked good. Lots of algae on the plants. Cleaned sensors.",NA,"DB_test_1__2020-07-06__rebar__DMB","DB_test_1",2020-07-06,"rebar","DMB","kingco__KingCounty__unspecified","test","point",3.5,3.5,12.25,1.5,0.45,18,300,24.4897959183673,200,"eelgrass harvested from area between Transects B and C at the Dumas Bay SeagrassNet site (WA50.1)","match","match","match","match"
"87","Dumas Bay","Dumas Bay - KC Zm Restoration - test - 2020","CPS","0",2020-07-06,"1.5",300,"DNR",2021-04-28,"present","rebar",NA,NA,NA,296,NA,"Tide not low enough to adequately count eelgrass. Quite a few plants remain from 2020 test transplant. Recovered 9 rebar sticks.",NA,"DB_test_1__2020-07-06__rebar__DMB","DB_test_1",2020-07-06,"rebar","DMB","kingco__KingCounty__unspecified","test","point",3.5,3.5,12.25,1.5,0.45,18,300,24.4897959183673,200,"eelgrass harvested from area between Transects B and C at the Dumas Bay SeagrassNet site (WA50.1)","match","match","match","match"
"88","Dumas Bay","Dumas Bay - KC Zm Restoration - test - 2020","CPS","0",2020-07-06,"1.5",300,"DNR",2021-05-13,"present","rebar",NA,NA,NA,311,NA,"Zm looked great.",NA,"DB_test_1__2020-07-06__rebar__DMB","DB_test_1",2020-07-06,"rebar","DMB","kingco__KingCounty__unspecified","test","point",3.5,3.5,12.25,1.5,0.45,18,300,24.4897959183673,200,"eelgrass harvested from area between Transects B and C at the Dumas Bay SeagrassNet site (WA50.1)","match","match","match","match"
"89","Dumas Bay","Dumas Bay - KC Zm Restoration - test - 2020","CPS","0",2020-07-06,"2.25",180,"DNR",2021-05-26,"present","rebar",NA,NA,NA,324,NA,"Zm looked great.",NA,"DB_test_1__2020-07-06__rebar__DMB","DB_test_1",2020-07-06,"rebar","DMB","kingco__KingCounty__unspecified","test","point",3.5,3.5,12.25,1.5,0.45,18,300,24.4897959183673,200,"eelgrass harvested from area between Transects B and C at the Dumas Bay SeagrassNet site (WA50.1)","match","no_match","no_match","match"
"90","Dumas Bay","Dumas Bay - KC Zm Restoration - test - 2020","CPS","0",2020-07-06,"1.5",300,"DNR",2021-06-11,"present","rebar",NA,NA,NA,340,NA,"Zm looked great. Lauren Johnson and Julia Ledbetter, replaced zincs on all sensors at SGN and Dumas Bay Zm restoration. Moved some recently tranplanted rebar back in line because they were displaced.",NA,"DB_test_1__2020-07-06__rebar__DMB","DB_test_1",2020-07-06,"rebar","DMB","kingco__KingCounty__unspecified","test","point",3.5,3.5,12.25,1.5,0.45,18,300,24.4897959183673,200,"eelgrass harvested from area between Transects B and C at the Dumas Bay SeagrassNet site (WA50.1)","match","match","match","match"
"91","Dumas Bay","Dumas Bay - KC Zm Restoration - test - 2020","CPS","0",2020-07-06,"1.5",300,"DNR",2021-06-26,"present","rebar",NA,NA,NA,355,NA,"Zm looked great.",NA,"DB_test_1__2020-07-06__rebar__DMB","DB_test_1",2020-07-06,"rebar","DMB","kingco__KingCounty__unspecified","test","point",3.5,3.5,12.25,1.5,0.45,18,300,24.4897959183673,200,"eelgrass harvested from area between Transects B and C at the Dumas Bay SeagrassNet site (WA50.1)","match","match","match","match"
"92","Dumas Bay","Dumas Bay - KC Zm Restoration - test - 2020","CPS","0",2020-07-06,"2.25",180,"DNR",2021-07-10,"present","rebar",NA,NA,NA,369,NA,"Zm looked great.",NA,"DB_test_1__2020-07-06__rebar__DMB","DB_test_1",2020-07-06,"rebar","DMB","kingco__KingCounty__unspecified","test","point",3.5,3.5,12.25,1.5,0.45,18,300,24.4897959183673,200,"eelgrass harvested from area between Transects B and C at the Dumas Bay SeagrassNet site (WA50.1)","match","no_match","no_match","match"
"93","Dumas Bay","Dumas Bay - KC Zm Restoration - test - 2020","CPS","0",2020-07-06,"2.25",180,"DNR",2024-05-08,"present","rebar",NA,NA,NA,1402,NA,"Zm looked great. Sensor swapped.",NA,"DB_test_1__2020-07-06__rebar__DMB","DB_test_1",2020-07-06,"rebar","DMB","kingco__KingCounty__unspecified","test","point",3.5,3.5,12.25,1.5,0.45,18,300,24.4897959183673,200,"eelgrass harvested from area between Transects B and C at the Dumas Bay SeagrassNet site (WA50.1)","match","no_match","no_match","match"
"94","Dumas Bay","Dumas Bay - KC Zm Restoration - test - 2021","CPS","0",2021-04-28,"1",300,"DNR",2021-05-13,"present","rebar",NA,NA,NA,15,NA,"Zm looked great.",NA,"DB_test_2__2021-04-28__rebar__DMB","DB_test_2",2021-04-28,"rebar","DMB","kingco__KingCounty__unspecified","test","point",3.5,3.5,12.25,1,0.3,12,300,24.4897959183673,300,"2020 test transplants were present so decided to add to the site. Eelgrass harvested from area between Transects B and C at the Dumas Bay SeagrassNet site (WA50.1)","match","match","match","match"
"95","Dumas Bay","Dumas Bay - KC Zm Restoration - test - 2021","CPS","0",2021-04-28,"1",300,"DNR",2021-05-26,"present","rebar",NA,NA,NA,28,NA,"Zm looked great.",NA,"DB_test_2__2021-04-28__rebar__DMB","DB_test_2",2021-04-28,"rebar","DMB","kingco__KingCounty__unspecified","test","point",3.5,3.5,12.25,1,0.3,12,300,24.4897959183673,300,"2020 test transplants were present so decided to add to the site. Eelgrass harvested from area between Transects B and C at the Dumas Bay SeagrassNet site (WA50.1)","match","match","match","match"
"96","Dumas Bay","Dumas Bay - KC Zm Restoration - test - 2021","CPS","0",2021-04-28,"1",300,"DNR",2021-06-11,"present","rebar",NA,NA,NA,44,NA,"Zm looked great.",NA,"DB_test_2__2021-04-28__rebar__DMB","DB_test_2",2021-04-28,"rebar","DMB","kingco__KingCounty__unspecified","test","point",3.5,3.5,12.25,1,0.3,12,300,24.4897959183673,300,"2020 test transplants were present so decided to add to the site. Eelgrass harvested from area between Transects B and C at the Dumas Bay SeagrassNet site (WA50.1)","match","match","match","match"
"97","Dumas Bay","Dumas Bay - KC Zm Restoration - test - 2021","CPS","0",2021-04-28,"1",300,"DNR",2021-06-26,"present","rebar",NA,NA,NA,59,NA,"Zm looked great.",NA,"DB_test_2__2021-04-28__rebar__DMB","DB_test_2",2021-04-28,"rebar","DMB","kingco__KingCounty__unspecified","test","point",3.5,3.5,12.25,1,0.3,12,300,24.4897959183673,300,"2020 test transplants were present so decided to add to the site. Eelgrass harvested from area between Transects B and C at the Dumas Bay SeagrassNet site (WA50.1)","match","match","match","match"
"98","Dumas Bay","Dumas Bay - KC Zm Restoration - test - 2021","CPS","0",2021-04-28,"1",300,"DNR",2021-07-10,"present","rebar",NA,NA,NA,73,NA,"Zm looked great.",NA,"DB_test_2__2021-04-28__rebar__DMB","DB_test_2",2021-04-28,"rebar","DMB","kingco__KingCounty__unspecified","test","point",3.5,3.5,12.25,1,0.3,12,300,24.4897959183673,300,"2020 test transplants were present so decided to add to the site. Eelgrass harvested from area between Transects B and C at the Dumas Bay SeagrassNet site (WA50.1)","match","match","match","match"
"99","Dumas Bay","Dumas Bay - KC Zm Restoration - test - 2021","CPS","0",2021-05-13,"0.75",180,"DNR",2021-05-26,"present","rebar",NA,NA,NA,13,NA,"Zm looked great.",NA,"DB_test_2__2021-04-28__rebar__DMB","DB_test_2",2021-04-28,"rebar","DMB","kingco__KingCounty__unspecified","test","point",3.5,3.5,12.25,1,0.3,12,300,24.4897959183673,300,"2020 test transplants were present so decided to add to the site. Eelgrass harvested from area between Transects B and C at the Dumas Bay SeagrassNet site (WA50.1)","no_match","no_match","no_match","match"
"100","Dumas Bay","Dumas Bay - KC Zm Restoration - test - 2021","CPS","0",2021-05-13,"0.75",180,"DNR",2021-06-11,"present","rebar",NA,NA,NA,29,NA,"Zm looked great.",NA,"DB_test_2__2021-04-28__rebar__DMB","DB_test_2",2021-04-28,"rebar","DMB","kingco__KingCounty__unspecified","test","point",3.5,3.5,12.25,1,0.3,12,300,24.4897959183673,300,"2020 test transplants were present so decided to add to the site. Eelgrass harvested from area between Transects B and C at the Dumas Bay SeagrassNet site (WA50.1)","no_match","no_match","no_match","match"
"101","Dumas Bay","Dumas Bay - KC Zm Restoration - test - 2021","CPS","0",2021-05-13,"0.75",180,"DNR",2021-06-26,"present","rebar",NA,NA,NA,44,NA,"Zm looked great.",NA,"DB_test_2__2021-04-28__rebar__DMB","DB_test_2",2021-04-28,"rebar","DMB","kingco__KingCounty__unspecified","test","point",3.5,3.5,12.25,1,0.3,12,300,24.4897959183673,300,"2020 test transplants were present so decided to add to the site. Eelgrass harvested from area between Transects B and C at the Dumas Bay SeagrassNet site (WA50.1)","no_match","no_match","no_match","match"
"102","Dumas Bay","Dumas Bay - KC Zm Restoration - test - 2021","CPS","0",2021-05-13,"0.75",180,"DNR",2021-07-10,"present","rebar",NA,NA,NA,58,NA,"Zm looked great.",NA,"DB_test_2__2021-04-28__rebar__DMB","DB_test_2",2021-04-28,"rebar","DMB","kingco__KingCounty__unspecified","test","point",3.5,3.5,12.25,1,0.3,12,300,24.4897959183673,300,"2020 test transplants were present so decided to add to the site. Eelgrass harvested from area between Transects B and C at the Dumas Bay SeagrassNet site (WA50.1)","no_match","no_match","no_match","match"
"103","Dumas Bay","Dumas Bay - KC Zm Restoration - test - 2021","CPS","0",2021-05-26,"0.75",180,"DNR",2021-06-11,"present","rebar",NA,NA,NA,16,NA,"eelgrass looks good. One rebar was several feet off the line where it was planted, moved it back in line with the others",NA,"DB_test_2__2021-04-28__rebar__DMB","DB_test_2",2021-04-28,"rebar","DMB","kingco__KingCounty__unspecified","test","point",3.5,3.5,12.25,1,0.3,12,300,24.4897959183673,300,"2020 test transplants were present so decided to add to the site. Eelgrass harvested from area between Transects B and C at the Dumas Bay SeagrassNet site (WA50.1)","no_match","no_match","no_match","match"
"104","Dumas Bay","Dumas Bay - KC Zm Restoration - test - 2021","CPS","0",2021-05-26,"0.75",180,"DNR",2021-06-26,"present","rebar",NA,NA,NA,31,NA,"Zm looked great.",NA,"DB_test_2__2021-04-28__rebar__DMB","DB_test_2",2021-04-28,"rebar","DMB","kingco__KingCounty__unspecified","test","point",3.5,3.5,12.25,1,0.3,12,300,24.4897959183673,300,"2020 test transplants were present so decided to add to the site. Eelgrass harvested from area between Transects B and C at the Dumas Bay SeagrassNet site (WA50.1)","no_match","no_match","no_match","match"
"105","Dumas Bay","Dumas Bay - KC Zm Restoration - test - 2021","CPS","0",2021-05-26,"0.75",180,"DNR",2021-07-10,"present","rebar",NA,NA,NA,45,NA,"eelgrass looks good. Sensor swap.",NA,"DB_test_2__2021-04-28__rebar__DMB","DB_test_2",2021-04-28,"rebar","DMB","kingco__KingCounty__unspecified","test","point",3.5,3.5,12.25,1,0.3,12,300,24.4897959183673,300,"2020 test transplants were present so decided to add to the site. Eelgrass harvested from area between Transects B and C at the Dumas Bay SeagrassNet site (WA50.1)","no_match","no_match","no_match","match"
"106","Dumas Bay","Dumas Bay - KC Zm Restoration - test - 2021","CPS","0",2021-06-26,"1.5",270,"DNR",2021-07-10,"present","rebar",NA,NA,NA,14,NA,"Zm looked great.",NA,"DB_test_2__2021-04-28__rebar__DMB","DB_test_2",2021-04-28,"rebar","DMB","kingco__KingCounty__unspecified","test","point",3.5,3.5,12.25,1,0.3,12,300,24.4897959183673,300,"2020 test transplants were present so decided to add to the site. Eelgrass harvested from area between Transects B and C at the Dumas Bay SeagrassNet site (WA50.1)","no_match","no_match","no_match","match"
"107","Dumas Bay","Dumas Bay - KC Zm Restoration - test - 2021","CPS","0",2020-07-06,"5.5",1230,"DNR",2022-05-19,"present","rebar",NA,NA,NA,682,NA,"Lots of eelgrass present. Shoot counts not taken.",NA,"DB_test_2__2021-04-28__rebar__DMB","DB_test_2",2021-04-28,"rebar","DMB","kingco__KingCounty__unspecified","test","point",3.5,3.5,12.25,1,0.3,12,300,24.4897959183673,300,"2020 test transplants were present so decided to add to the site. Eelgrass harvested from area between Transects B and C at the Dumas Bay SeagrassNet site (WA50.1)","no_match","no_match","no_match","match"
"108","Dumas Bay","Dumas Bay - KC Zm Restoration - test - 2021","CPS","0",2020-07-06,"5.5",1230,"DNR",2022-06-30,"present","rebar",NA,NA,NA,724,NA,"Qualitative assessment via snorkel survey with Natalie Gaeckle and Ellie Avallone. All plants looked good, lots of algae but plants still surviving.",NA,"DB_test_2__2021-04-28__rebar__DMB","DB_test_2",2021-04-28,"rebar","DMB","kingco__KingCounty__unspecified","test","point",3.5,3.5,12.25,1,0.3,12,300,24.4897959183673,300,"2020 test transplants were present so decided to add to the site. Eelgrass harvested from area between Transects B and C at the Dumas Bay SeagrassNet site (WA50.1)","no_match","no_match","no_match","match"
"109","Dumas Bay","Dumas Bay - KC Zm Restoration - test - 2021","CPS","0",2021-06-26,"1.5",270,"DNR",2022-06-30,"present","rebar",NA,NA,NA,369,NA,"Qualitative assessment via snorkel survey with Natalie Gaeckle and Ellie Avallone. All plants looked good, lots of algae but plants still surviving.",NA,"DB_test_2__2021-04-28__rebar__DMB","DB_test_2",2021-04-28,"rebar","DMB","kingco__KingCounty__unspecified","test","point",3.5,3.5,12.25,1,0.3,12,300,24.4897959183673,300,"2020 test transplants were present so decided to add to the site. Eelgrass harvested from area between Transects B and C at the Dumas Bay SeagrassNet site (WA50.1)","no_match","no_match","no_match","match"
"110","Dumas Bay","Dumas Bay - KC Zm Restoration - test - 2021","CPS","0",2021-06-26,"1.5",270,"DNR",2023-01-19,"present","rebar",NA,NA,NA,572,NA,"Qualitative assessment via snorkeling while swapping sensors. Eelgrass present and looked good.",NA,"DB_test_2__2021-04-28__rebar__DMB","DB_test_2",2021-04-28,"rebar","DMB","kingco__KingCounty__unspecified","test","point",3.5,3.5,12.25,1,0.3,12,300,24.4897959183673,300,"2020 test transplants were present so decided to add to the site. Eelgrass harvested from area between Transects B and C at the Dumas Bay SeagrassNet site (WA50.1)","no_match","no_match","no_match","match"
"111","Dumas Bay","Dumas Bay - KC Zm Restoration - test - 2021","CPS","0",2021-06-26,"1.5",270,"DNR",2023-04-22,"present","rebar",NA,NA,NA,665,NA,"Qualitative assessment via snorkeling while swapping sensors. All looked good. Some reproductive shoots.",NA,"DB_test_2__2021-04-28__rebar__DMB","DB_test_2",2021-04-28,"rebar","DMB","kingco__KingCounty__unspecified","test","point",3.5,3.5,12.25,1,0.3,12,300,24.4897959183673,300,"2020 test transplants were present so decided to add to the site. Eelgrass harvested from area between Transects B and C at the Dumas Bay SeagrassNet site (WA50.1)","no_match","no_match","no_match","match"
"112","Dumas Bay","Dumas Bay - KC Zm Restoration - test 1 - 2022","CPS","0",2022-05-19,"5",400,"DNR",2022-06-30,"present","rebar",NA,NA,NA,42,NA,"Qualitative assessment via snorkel survey with Natalie Gaeckle and Ellie Avallone. All plants looked good, lots of algae but plants still surviving.",NA,"DB_test_7__2022-05-19__rebar__DPW","DB_test_7",2022-05-19,"rebar","DPW","kingco__KingCounty__unspecified","test","point",3,0.5,1.5,5,0.5,20,400,266.666666666667,80,"planted 20 rebar (6, 0.25 m2 plots + 2 rebar) parallel to shore and deeper than 2021 test transplants from 05/26/2021.","match","match","match","match"
"113","Dumas Bay","Dumas Bay - KC Zm Restoration - test 1 - 2022","CPS","0",2022-05-19,"5",400,"DNR",2023-01-19,"present","rebar",NA,NA,NA,245,NA,"Qualitative assessment via snorkeling while swapping sensors. Eelgrass present and looked good.",NA,"DB_test_7__2022-05-19__rebar__DPW","DB_test_7",2022-05-19,"rebar","DPW","kingco__KingCounty__unspecified","test","point",3,0.5,1.5,5,0.5,20,400,266.666666666667,80,"planted 20 rebar (6, 0.25 m2 plots + 2 rebar) parallel to shore and deeper than 2021 test transplants from 05/26/2021.","match","match","match","match"
"114","Dumas Bay","Dumas Bay - KC Zm Restoration - test 1 - 2022","CPS","0",2022-05-19,"5",400,"DNR",2023-04-22,"present","rebar",NA,NA,NA,338,NA,"Qualitative assessment via snorkeling while swapping sensors. All looked good. Some reproductive shoots.",NA,"DB_test_7__2022-05-19__rebar__DPW","DB_test_7",2022-05-19,"rebar","DPW","kingco__KingCounty__unspecified","test","point",3,0.5,1.5,5,0.5,20,400,266.666666666667,80,"planted 20 rebar (6, 0.25 m2 plots + 2 rebar) parallel to shore and deeper than 2021 test transplants from 05/26/2021.","match","match","match","match"
"115","Dumas Bay","Dumas Bay - KC Zm Restoration - test 2 - 2022","CPS","0",2022-06-16,"5",720,"DNR",2022-06-30,"present","rebar",NA,NA,NA,14,NA,"Qualitative assessment via snorkel survey with Natalie Gaeckle and Ellie Avallone. All plants looked good, lots of algae but plants still surviving.",NA,"DB_test_6__2022-06-16__rebar__DPW","DB_test_6",2022-06-16,"rebar","DPW","kingco__KingCounty__unspecified","test","point",10,1,10,5,1.5,60,720,72,144,"set helical anchor 20 m NE of light sensor. From that point, measure out 20 m and planted a 0.25 m2 checkboard along the tape starting at 2 m to 7 m, then again at 12 m to 17 m. Checkerboard pattern layout as follows: 2-2.5 m nearshore planting, 2.5-3 m offshore planting, 3-3.5 nearshore planting, etc.","match","match","match","match"
"116","Dumas Bay","Dumas Bay - KC Zm Restoration - test 2 - 2022","CPS","0",2022-05-19,"5",400,"DNR",2022-08-11,"present","rebar",NA,NA,NA,84,NA,"Qualitative assessment via float over by boat while swapping sensor. Eelgrass transplanted in 2021 and 2022 was present and looked good. Lots of macroalgae, a blanket, over the 2022 eelgrass transplants.",NA,"DB_test_6__2022-06-16__rebar__DPW","DB_test_6",2022-06-16,"rebar","DPW","kingco__KingCounty__unspecified","test","point",10,1,10,5,1.5,60,720,72,144,"set helical anchor 20 m NE of light sensor. From that point, measure out 20 m and planted a 0.25 m2 checkboard along the tape starting at 2 m to 7 m, then again at 12 m to 17 m. Checkerboard pattern layout as follows: 2-2.5 m nearshore planting, 2.5-3 m offshore planting, 3-3.5 nearshore planting, etc.","no_match","match","no_match","match"
"117","Dumas Bay","Dumas Bay - KC Zm Restoration - test 2 - 2022","CPS","0",2022-06-16,"5",720,"DNR",2022-08-11,"present","rebar",NA,NA,NA,56,NA,"Qualitative assessment via float over by boat while swapping sensor. Eelgrass transplanted in 2021 and 2022 was present and looked good. Lots of macroalgae, a blanket, over the 2022 eelgrass transplants.",NA,"DB_test_6__2022-06-16__rebar__DPW","DB_test_6",2022-06-16,"rebar","DPW","kingco__KingCounty__unspecified","test","point",10,1,10,5,1.5,60,720,72,144,"set helical anchor 20 m NE of light sensor. From that point, measure out 20 m and planted a 0.25 m2 checkboard along the tape starting at 2 m to 7 m, then again at 12 m to 17 m. Checkerboard pattern layout as follows: 2-2.5 m nearshore planting, 2.5-3 m offshore planting, 3-3.5 nearshore planting, etc.","match","match","match","match"
"118","Dumas Bay","Dumas Bay - KC Zm Restoration - test 1 - 2022","CPS","0",2022-05-19,"5",400,"DNR",2022-06-16,"present","rebar",NA,NA,NA,28,NA,"Qualitative assessment via snorkel survey. Plants looked great. Planted an additional 720 eelgrass shoots northeast of the 2020, 2021 and early 2022 eelgrass transplants.",NA,"DB_test_7__2022-05-19__rebar__DPW","DB_test_7",2022-05-19,"rebar","DPW","kingco__KingCounty__unspecified","test","point",3,0.5,1.5,5,0.5,20,400,266.666666666667,80,"planted 20 rebar (6, 0.25 m2 plots + 2 rebar) parallel to shore and deeper than 2021 test transplants from 05/26/2021.","match","match","match","match"
"119","Dumas Bay","Dumas Bay - KC Zm Restoration - test 2 - 2022","CPS","0",2022-06-16,"5",720,"DNR",2022-08-11,"present","rebar",NA,NA,NA,56,NA,"Qualitative assessment via float over by boat while swapping sensor. Eelgrass transplanted in 2021 and 2022 was present and looked good. Lots of macroalgae, a blanket, over the 2022 eelgrass transplants.",NA,"DB_test_6__2022-06-16__rebar__DPW","DB_test_6",2022-06-16,"rebar","DPW","kingco__KingCounty__unspecified","test","point",10,1,10,5,1.5,60,720,72,144,"set helical anchor 20 m NE of light sensor. From that point, measure out 20 m and planted a 0.25 m2 checkboard along the tape starting at 2 m to 7 m, then again at 12 m to 17 m. Checkerboard pattern layout as follows: 2-2.5 m nearshore planting, 2.5-3 m offshore planting, 3-3.5 nearshore planting, etc.","match","match","match","match"
"120","Dumas Bay","Dumas Bay - KC Zm Restoration - test 2 - 2022","CPS","0",2022-06-16,"5",720,"DNR",2023-01-19,"present","rebar",NA,NA,NA,217,NA,"Qualitative assessment via snorkeling while swapping sensors. Eelgrass present and looked good. Encouraging for transplant success as the plants were smothered with ulva during the last monitoring in August 2022.",NA,"DB_test_6__2022-06-16__rebar__DPW","DB_test_6",2022-06-16,"rebar","DPW","kingco__KingCounty__unspecified","test","point",10,1,10,5,1.5,60,720,72,144,"set helical anchor 20 m NE of light sensor. From that point, measure out 20 m and planted a 0.25 m2 checkboard along the tape starting at 2 m to 7 m, then again at 12 m to 17 m. Checkerboard pattern layout as follows: 2-2.5 m nearshore planting, 2.5-3 m offshore planting, 3-3.5 nearshore planting, etc.","match","match","match","match"
"121","Dumas Bay","Dumas Bay - KC Zm Restoration - test 2 - 2022","CPS","0",2022-06-16,"5",720,"DNR",2023-04-22,"present","rebar",NA,NA,NA,310,NA,"Qualitative assessment via snorkeling while swapping sensors. All looked good. Some reproductive shoots. Recovered some rebar.",NA,"DB_test_6__2022-06-16__rebar__DPW","DB_test_6",2022-06-16,"rebar","DPW","kingco__KingCounty__unspecified","test","point",10,1,10,5,1.5,60,720,72,144,"set helical anchor 20 m NE of light sensor. From that point, measure out 20 m and planted a 0.25 m2 checkboard along the tape starting at 2 m to 7 m, then again at 12 m to 17 m. Checkerboard pattern layout as follows: 2-2.5 m nearshore planting, 2.5-3 m offshore planting, 3-3.5 nearshore planting, etc.","match","match","match","match"
"122","Eld Inlet","Eld Inlet - deep - PNNL - test - 2015","SPS","IAA 12-317.1",2015-03-12,"25",500,"PNNL",2018-03-07,"absent","staple",0,25,0,1091,0,"found and retrieved all screw anchors. Visibility low, sediment soft. No eelgrass observed.",NA,"ELD_deep__2015-03-12__staple__WNB","ELD_deep",2015-03-12,"staple","WNB","zos_rest_ps__DNR__PNNL","test","point",5,5,25,25,0.625,125,500,20,20,"""mega""-bundles were planted nearby, see Eld Inlet shallow","match","match","match","match"
"123","Eld Inlet","Eld Inlet - PNNL - test - 2020","SPS","0",2020-07-01,"6.25",625,"PNNL",2021-04-20,"absent","rebar",0,7.5,0,293,0,"Y","Layer of  cf. microalgae approx 1 m below surface = low visibility, collected rebar and screw anchors","ELD__2020-07-01__rebar__THC","ELD",2020-07-01,"rebar","THC","zos_rec_ps__USACE__PNNL","test","point",3,2.5,7.5,6.25,0.625,25,625,83.3333333333333,100,"160deg az, mixed fines, soft, no algae","match","match","match","match"
"124","Eld Inlet","Eld Inlet - shallow - PNNL - test - 2015","SPS","IAA 12-317.1",2015-03-12,"25",500,"DNR",2015-08-13,"present","staple",NA,NA,NA,154,NA,"DNR snorkel monitoring. Lots of plants. Zm looked good. Took lots of photos. Only found shallow.",NA,"ELD_shallow__2015-03-12__staple__WNB","ELD_shallow",2015-03-12,"staple","WNB","zos_rest_ps__DNR__PNNL","test","point",5,5,25,25,0.625,125,500,20,20,"""mega""-bundles were planted with 260 shoots on 26 staples outside of the plot 1 m west of the shallow plot","match","match","match","match"
"125","Eld Inlet","Eld Inlet - shallow - PNNL - test - 2015","SPS","IAA 12-317.1",2015-03-12,"25",500,"DNR",2016-05-23,"absent","staple",0,NA,NA,438,0,"DNR boat monitoring. No Zm observed.",NA,"ELD_shallow__2015-03-12__staple__WNB","ELD_shallow",2015-03-12,"staple","WNB","zos_rest_ps__DNR__PNNL","test","point",5,5,25,25,0.625,125,500,20,20,"""mega""-bundles were planted with 260 shoots on 26 staples outside of the plot 1 m west of the shallow plot","match","match","match","match"
"126","Eld Inlet","Eld Inlet - shallow - PNNL - test - 2015","SPS","IAA 12-317.1",2015-03-12,"25",500,"PNNL",2018-03-07,"absent","staple",0,25,0,1091,0,"found and retrieved all screw anchors. Visibility low, sediment soft, fine and jiggly. Mud up to the big knuckle. No eelgrass observed.",NA,"ELD_shallow__2015-03-12__staple__WNB","ELD_shallow",2015-03-12,"staple","WNB","zos_rest_ps__DNR__PNNL","test","point",5,5,25,25,0.625,125,500,20,20,"""mega""-bundles were planted with 260 shoots on 26 staples outside of the plot 1 m west of the shallow plot","match","match","match","match"
"127","Elwha Delta","Elwha Delta - deep west - PNNL - test - 2016","SJS","93-099661",2016-08-11,"4",500,"PNNL",2016-10-21,"present","rebar",NA,4,0,71,NA,"""all is there but some of the grass is missing on the eastern side "", lots of scour at site",NA,"ELW_deep_west__2016-08-11__rebar__FWB","ELW_deep_west",2016-08-11,"rebar","FWB","zos_rest_3_deltas__USACE__PNNL","test","point",2,2,4,5,0.5,20,500,125,100,"None.","match","no_match","match","match"
"128","Elwha Delta","Elwha Delta - deep west - PNNL - test - 2016","SJS","93-099661",2016-08-11,"4",500,"PNNL",2017-04-17,"present","rebar",NA,4,0,249,NA,"found marker stake and some eelgrass but not a lot, some rebar found just below surface and some places where there should be rebar and its missing",NA,"ELW_deep_west__2016-08-11__rebar__FWB","ELW_deep_west",2016-08-11,"rebar","FWB","zos_rest_3_deltas__USACE__PNNL","test","point",2,2,4,5,0.5,20,500,125,100,"None.","match","no_match","match","match"
"129","Elwha Delta","Elwha Delta - shallow west - PNNL - test - 2016","SJS","93-099661",2016-08-11,"4",550,"PNNL",2016-10-21,"present","rebar",NA,4,0,71,NA,"3-4 rebar worth of Zm is visible, some bar rebar and some rebar completely missing, some scour around Zm, very fine sediment",NA,"ELW_shallow_west__2016-08-11__rebar__FWB","ELW_shallow_west",2016-08-11,"rebar","FWB","zos_rest_3_deltas__USACE__PNNL","test","point",2,2,4,5.5,0.55,22,550,137.5,100,"None.","match","no_match","match","match"
"130","Elwha Delta","Elwha Delta - shallow west - PNNL - test - 2016","SJS","93-099661",2016-08-11,"4",550,"PNNL",2017-04-17,"absent","rebar",0,4,0,249,0,"found some rebar without any eelgrass",NA,"ELW_shallow_west__2016-08-11__rebar__FWB","ELW_shallow_west",2016-08-11,"rebar","FWB","zos_rest_3_deltas__USACE__PNNL","test","point",2,2,4,5.5,0.55,22,550,137.5,100,"None.","match","no_match","match","match"
"131","Fudge Point","Fudge Point North - south - HC - test - 2017","CPS","SC 16-17",2017-06-19,"6",1160,"PNNL",2018-03-07,"present","turf",50,NA,NA,261,0.0431034482758621,"PNNL survey done when doing Harstine Island monitoring; survival sparse, found north and South screw anchors. Counts for N, mid, and S plots. Plants small and scraggly",NA,"FDG_L2__2017-07-19__turf__RKB","FDG_L2",2017-07-19,"turf","RKB","zos_rest_ps__WDFW__Hart Crowser","test","line",10,1,10,6,1.16,116,1160,116,193.333333333333,"Referred to as 'Fudge Point 1' in final report. Turfs plant 5-15 shoots per staple (X= ~10 shoots/staple b/c donor site was Rocky Bay). Estimated number of PUs at test-transplant site as 1160/10 = 116","no_match","match","match","match"
"132","Fudge Point","Fudge Point North - south - HC - test - 2017","CPS","SC 16-17",2017-07-19,"6",1160,"DNR",2018-05-30,"absent","turf",0,NA,NA,315,0,"DNR snorkel monitoring. Found buoys marking test transplant transect but no Zm present. Should consider using larger Zm from DuPont Wharf donor site.",NA,"FDG_L2__2017-07-19__turf__RKB","FDG_L2",2017-07-19,"turf","RKB","zos_rest_ps__WDFW__Hart Crowser","test","line",10,1,10,6,1.16,116,1160,116,193.333333333333,"Referred to as 'Fudge Point 1' in final report. Turfs plant 5-15 shoots per staple (X= ~10 shoots/staple b/c donor site was Rocky Bay). Estimated number of PUs at test-transplant site as 1160/10 = 116","match","match","match","match"
"133","Fudge Point","Fudge Point North - south - HC - test - 2018","CPS","0",2018-06-12,"0.75",225,"DNR",2018-08-10,"present","rebar",299,0.75,398.666666666667,59,1.32888888888889,"DNR snorkel monitoring. Less algae at North site than South site.",NA,"FDG_L2__2018-06-12__rebar__DPW","FDG_L2",2018-06-12,"rebar","DPW","dnr__DNR__unspecified","test","line",10,0.5,5,2.25,0.225,9,225,45,100,"Same location as 2017 Fudge Point test transplant sites, just different donor plants. Screw anchor at 0 and 10 m, planted at 1, 5, and 9 meters between screw anchor","match","no_match","match","match"
"134","Fudge Point","Fudge Point South - north - DNR - rebar test - 2017","CPS","0",2017-07-19,"1",250,"DNR",2018-05-30,"absent","rebar",0,NA,NA,315,0,"DNR snorkel monitoring. Found north buoy at Fudge Point South and rebar test plot was just to north of buoy. No Zm observed.  Should consider using larger Zm from DuPont Wharf donor site.",NA,"FDG_1__2017-07-19__rebar__RKB","FDG_1",2017-07-19,"rebar","RKB","dnr__DNR__unspecified","test","point",1,1,1,1.25,0.125,5,250,250,200,"None.","match","no_match","match","match"
"135","Fudge Point","Fudge Point South - south - HC - test - 2017","CPS","SC 16-17",2017-07-19,"6",1056,"DNR",2018-05-30,"absent","turf",0,NA,NA,315,0,"DNR snorkel monitoring. Found buoys marking test transplant transect but no Zm present. Should consider using larger Zm from DuPont Wharf donor site.",NA,"FDG_L1__2017-07-19__turf__RKB","FDG_L1",2017-07-19,"turf","RKB","zos_rest_ps__WDFW__Hart Crowser","test","line",10,1,10,6,1.06,106,1056,105.6,176,"Referred to as 'Fudge Point 2' in final report. Turfs plant 5-15 shoots per staple (X= ~10 shoots/staple b/c donor site was Rocky Bay). Estimated number of PUs at test-transplant site as 1056/10 = 105","match","match","match","match"
"136","Fudge Point","Fudge Point South - south - HC - test - 2018","CPS","0",2018-06-12,"0.75",225,"DNR",2018-08-10,"present","rebar",180,0.75,240,59,0.8,"DNR snorkel monitoring. More algae at South site than North site.",NA,"FDG_L1__2018-06-12__rebar__DPW","FDG_L1",2018-06-12,"rebar","DPW","dnr__DNR__unspecified","test","line",10,0.5,5,2.25,0.225,9,225,45,100,"Same location as 2017 Fudge Point test transplant sites, just different donor plants. Screw anchor at 0 and 10 m, planted at 1, 5, and 9 meters between screw anchor","match","no_match","match","match"
"137","Graham Point","Graham Point - DNR - test - chia -2016","SPS","0",2016-07-21,"0.25",201,"DNR",2016-08-18,"present","rebar",1,NA,NA,28,0.00497512437810945,"DNR snorkel monitoring. Only 1 plant remained. Looked terrible and likely not going to survive.",NA,"GRA_2__2016-07-21__rebar__DPW","GRA_2",2016-07-21,"rebar","DPW","dnr__DNR__unspecified","test","point",0.25,9,2.25,12.5625,1.25625,50.25,201,89.3333333333333,16,"planted 0.0625 m2 rebar quads at 0 m, -0.2 m, -0.3 m & -0.4 m (4 total 0.0625 m2 quads). Planted slightly shallower than 2015 test plots.","match","no_match","match","match"
"138","Graham Point","Graham Point - PNNL - test - 2015","SPS","IAA 12-317.1",2015-03-12,"25",500,"DNR",2015-08-26,"absent","staple",0,NA,NA,167,0,"DNR snorkel monitoring. Found 4 corner markers set by PNNL. No Zm observed.",NA,"GRA_1__2015-03-12__staple__WNB","GRA_1",2015-03-12,"staple","WNB","zos_rest_ps__DNR__PNNL","test","point",5,5,25,25,0.625,125,500,20,20,"planting depths on slope depth range of -1.2m, MLLW to -2.1m, MLLW","match","match","match","match"
"139","Harstine Island","Harstine - PNNL - Large Scale 1 - north (deep) - 2018","CPS","93-094344",2018-05-15,"138",13800,"PNNL",2019-04-17,"present","rebar",1058,138,7.66666666666667,337,0.0766666666666667,"PNNL divers surveyed 180, 0.25 m2 quadrats along the rebar planted transects and calculated density based on shoots counted divided by surveyed area. Applied calculated density to the entire planted area to estimated number of shoots survived.  A lot of ulva and porphyra - 30-50% cover, worms but not much disturbance, plants small and patchy, no expansion,",NA,"HAR_deep_L1__2018-05-15__rebar__RPT","HAR_deep_L1",2018-05-15,"rebar","RPT","zos_rec_ps__USFWS__PNNL","large scale","line",42,5,210,138,13.8,552,13800,65.7142857142857,100,"base line runs 30°M; 25 shoots/rebar; 552 rebar planted on the offshore side of the base line, see planting diagram, offshore transect","match","match","match","match"
"140","Harstine Island","Harstine - PNNL - Large Scale 1 - north (deep) - 2018","CPS","93-094344",2018-05-15,"rebar",210,"PNNL",2020-05-13,"absent","rebar",0,NA,NA,729,0,"PNNL divers could not find screw anchors, but observed some rebar where plot should be. No eelgrass observed.",NA,"HAR_deep_L1__2018-05-15__rebar__RPT","HAR_deep_L1",2018-05-15,"rebar","RPT","zos_rec_ps__USFWS__PNNL","large scale","line",42,5,210,138,13.8,552,13800,65.7142857142857,100,"base line runs 30°M; 25 shoots/rebar; 552 rebar planted on the offshore side of the base line, see planting diagram, offshore transect","match","no_match","no_match","match"
"141","Harstine Island","Harstine - PNNL - Large Scale 1 - south (shallow) - 2018","CPS","93-099661",2018-06-14,"97",9688,"PNNL",2019-04-17,"present","rebar",13252,97,136.618556701031,307,1.36787778695293,"PNNL diver surveyed 36 0.25 m2 quadrats randomly throughout planted area to estimate average density m-2. Overall site is doing great. possible location for further planting. Test transplant near 0m mark is doing fantastic!",NA,"HAR_shallow_L1__2018-06-14__rebar__WNB","HAR_shallow_L1",2018-06-14,"rebar","WNB","zos_rest_3_deltas__USACE__PNNL","large scale","line",31,5,155,97,9.7,388,9688,62.5032258064516,99.8762886597938,"2","match","match","match","match"
"142","Harstine Island","Harstine - PNNL - Large Scale 1 - south (shallow) - 2018","CPS","93-099661",2018-06-14,"rebar",155,"PNNL",2020-05-13,"present","rebar",66057,97,681,699,426.174193548387,"PNNL divers surveyed 24 0.25 m2 quadrats along the rebar planted transects and calculated density based on shoots counted divided by surveyed area. Applied calculated density to the entire planted area to estimated number of shoots survived.",NA,"HAR_shallow_L1__2018-06-14__rebar__WNB","HAR_shallow_L1",2018-06-14,"rebar","WNB","zos_rest_3_deltas__USACE__PNNL","large scale","line",31,5,155,97,9.7,388,9688,62.5032258064516,99.8762886597938,"2","match","no_match","no_match","match"
"143","Harstine Island","Harstine Island - PNNL - Large Scale 2 - shallow - 2019","CPS","93-094344",2019-05-14,"rebar",234,"PNNL",2020-05-13,"present","rebar",35065,136.75,256.416819012797,365,149.850427350427,"PNNL divers surveyed 48 0.25 m2 quadrats along the rebar planted transects and calculated density based on shoots counted divided by surveyed area. Applied calculated density to the entire planted area to estimated number of shoots survived.",NA,"HAR_shallow_L2__2019-05-14__rebar__Mix","HAR_shallow_L2",2019-05-14,"rebar","Mix","zos_rec_ps__USFWS__PNNL","large scale","line",39,6,234,136.75,13.675,547,13320,56.9230769230769,97.4040219378428,"2","match","no_match","no_match","match"
"144","Harstine Island","Harstine - PNNL - Large Scale 1 - north (deep) - 2018","CPS","93-094344",2018-05-15,"138",13800,"PNNL",NA,NA,NA,NA,NA,NA,NA,NA,NA,NA,"HAR_deep_L1__2018-05-15__rebar__RPT","HAR_deep_L1",2018-05-15,"rebar","RPT","zos_rec_ps__USFWS__PNNL","large scale","line",42,5,210,138,13.8,552,13800,65.7142857142857,100,"base line runs 30°M; 25 shoots/rebar; 552 rebar planted on the offshore side of the base line, see planting diagram, offshore transect","match","match","match",NA
"145","Harstine Island","Harstine - PNNL - Large Scale 1 - north (deep) - 2018","CPS","93-094344",2018-05-15,"rebar",210,"PNNL",NA,NA,NA,NA,NA,NA,NA,NA,NA,NA,"HAR_deep_L1__2018-05-15__rebar__RPT","HAR_deep_L1",2018-05-15,"rebar","RPT","zos_rec_ps__USFWS__PNNL","large scale","line",42,5,210,138,13.8,552,13800,65.7142857142857,100,"base line runs 30°M; 25 shoots/rebar; 552 rebar planted on the offshore side of the base line, see planting diagram, offshore transect","match","no_match","no_match",NA
"146","Harstine Island","Harstine - PNNL - Large Scale 1 - south (shallow) - 2018","CPS","93-099661",2018-06-14,"97",9688,"PNNL",NA,NA,NA,NA,NA,NA,NA,NA,NA,NA,"HAR_shallow_L1__2018-06-14__rebar__WNB","HAR_shallow_L1",2018-06-14,"rebar","WNB","zos_rest_3_deltas__USACE__PNNL","large scale","line",31,5,155,97,9.7,388,9688,62.5032258064516,99.8762886597938,"2","match","match","match",NA
"147","Harstine Island","Harstine - PNNL - Large Scale 1 - south (shallow) - 2018","CPS","93-099661",2018-06-14,"rebar",155,"PNNL",NA,NA,NA,NA,NA,NA,NA,NA,NA,NA,"HAR_shallow_L1__2018-06-14__rebar__WNB","HAR_shallow_L1",2018-06-14,"rebar","WNB","zos_rest_3_deltas__USACE__PNNL","large scale","line",31,5,155,97,9.7,388,9688,62.5032258064516,99.8762886597938,"2","match","no_match","no_match",NA
"148","Harstine Island","Harstine Island - PNNL - Large Scale 2 - shallow - 2019","CPS","93-094344",2019-05-14,"rebar",234,"PNNL",NA,NA,NA,NA,NA,NA,NA,NA,NA,NA,"HAR_shallow_L2__2019-05-14__rebar__Mix","HAR_shallow_L2",2019-05-14,"rebar","Mix","zos_rec_ps__USFWS__PNNL","large scale","line",39,6,234,136.75,13.675,547,13320,56.9230769230769,97.4040219378428,"2","match","no_match","no_match",NA
"149","Harstine Island","Harstine - PNNL - Large Scale 1 - north (deep) - 2018","CPS","93-094344",2018-05-15,"138",13800,"PNNL",NA,NA,NA,NA,NA,NA,NA,NA,NA,NA,"HAR_deep_L1__2018-05-15__rebar__RPT","HAR_deep_L1",2018-05-15,"rebar","RPT","zos_rec_ps__USFWS__PNNL","large scale","line",42,5,210,138,13.8,552,13800,65.7142857142857,100,"base line runs 30°M; 25 shoots/rebar; 552 rebar planted on the offshore side of the base line, see planting diagram, offshore transect","match","match","match",NA
"150","Harstine Island","Harstine - PNNL - Large Scale 1 - north (deep) - 2018","CPS","93-094344",2018-05-15,"rebar",210,"PNNL",NA,NA,NA,NA,NA,NA,NA,NA,NA,NA,"HAR_deep_L1__2018-05-15__rebar__RPT","HAR_deep_L1",2018-05-15,"rebar","RPT","zos_rec_ps__USFWS__PNNL","large scale","line",42,5,210,138,13.8,552,13800,65.7142857142857,100,"base line runs 30°M; 25 shoots/rebar; 552 rebar planted on the offshore side of the base line, see planting diagram, offshore transect","match","no_match","no_match",NA
"151","Harstine Island","Harstine - PNNL - Large Scale 1 - south (shallow) - 2018","CPS","93-099661",2018-06-14,"97",9688,"PNNL",NA,NA,NA,NA,NA,NA,NA,NA,NA,NA,"HAR_shallow_L1__2018-06-14__rebar__WNB","HAR_shallow_L1",2018-06-14,"rebar","WNB","zos_rest_3_deltas__USACE__PNNL","large scale","line",31,5,155,97,9.7,388,9688,62.5032258064516,99.8762886597938,"2","match","match","match",NA
"152","Harstine Island","Harstine - PNNL - Large Scale 1 - south (shallow) - 2018","CPS","93-099661",2018-06-14,"rebar",155,"PNNL",NA,NA,NA,NA,NA,NA,NA,NA,NA,NA,"HAR_shallow_L1__2018-06-14__rebar__WNB","HAR_shallow_L1",2018-06-14,"rebar","WNB","zos_rest_3_deltas__USACE__PNNL","large scale","line",31,5,155,97,9.7,388,9688,62.5032258064516,99.8762886597938,"2","match","no_match","no_match",NA
"153","Harstine Island","Harstine Island - PNNL - Large Scale 2 - shallow - 2019","CPS","93-094344",2019-05-14,"rebar",234,"PNNL",NA,NA,NA,NA,NA,NA,NA,NA,NA,NA,"HAR_shallow_L2__2019-05-14__rebar__Mix","HAR_shallow_L2",2019-05-14,"rebar","Mix","zos_rec_ps__USFWS__PNNL","large scale","line",39,6,234,136.75,13.675,547,13320,56.9230769230769,97.4040219378428,"2","match","no_match","no_match",NA
"154","Harstine Island","Harstine - PNNL - Large Scale 1 - north (deep) - 2018","CPS","93-094344",2018-05-15,"138",13800,"PNNL",NA,NA,NA,NA,NA,NA,NA,NA,NA,NA,"HAR_deep_L1__2018-05-15__rebar__RPT","HAR_deep_L1",2018-05-15,"rebar","RPT","zos_rec_ps__USFWS__PNNL","large scale","line",42,5,210,138,13.8,552,13800,65.7142857142857,100,"base line runs 30°M; 25 shoots/rebar; 552 rebar planted on the offshore side of the base line, see planting diagram, offshore transect","match","match","match",NA
"155","Harstine Island","Harstine - PNNL - Large Scale 1 - north (deep) - 2018","CPS","93-094344",2018-05-15,"rebar",210,"PNNL",NA,NA,NA,NA,NA,NA,NA,NA,NA,NA,"HAR_deep_L1__2018-05-15__rebar__RPT","HAR_deep_L1",2018-05-15,"rebar","RPT","zos_rec_ps__USFWS__PNNL","large scale","line",42,5,210,138,13.8,552,13800,65.7142857142857,100,"base line runs 30°M; 25 shoots/rebar; 552 rebar planted on the offshore side of the base line, see planting diagram, offshore transect","match","no_match","no_match",NA
"156","Harstine Island","Harstine - PNNL - Large Scale 1 - south (shallow) - 2018","CPS","93-099661",2018-06-14,"97",9688,"PNNL",NA,NA,NA,NA,NA,NA,NA,NA,NA,NA,"HAR_shallow_L1__2018-06-14__rebar__WNB","HAR_shallow_L1",2018-06-14,"rebar","WNB","zos_rest_3_deltas__USACE__PNNL","large scale","line",31,5,155,97,9.7,388,9688,62.5032258064516,99.8762886597938,"2","match","match","match",NA
"157","Harstine Island","Harstine - PNNL - Large Scale 1 - south (shallow) - 2018","CPS","93-099661",2018-06-14,"rebar",155,"PNNL",NA,NA,NA,NA,NA,NA,NA,NA,NA,NA,"HAR_shallow_L1__2018-06-14__rebar__WNB","HAR_shallow_L1",2018-06-14,"rebar","WNB","zos_rest_3_deltas__USACE__PNNL","large scale","line",31,5,155,97,9.7,388,9688,62.5032258064516,99.8762886597938,"2","match","no_match","no_match",NA
"158","Harstine Island","Harstine Island - PNNL - Large Scale 2 - shallow - 2019","CPS","93-094344",2019-05-14,"rebar",234,"PNNL",NA,NA,NA,NA,NA,NA,NA,NA,NA,NA,"HAR_shallow_L2__2019-05-14__rebar__Mix","HAR_shallow_L2",2019-05-14,"rebar","Mix","zos_rec_ps__USFWS__PNNL","large scale","line",39,6,234,136.75,13.675,547,13320,56.9230769230769,97.4040219378428,"2","match","no_match","no_match",NA
"159","Harstine Island","Harstine - PNNL - Large Scale 1 - north (deep) - 2018","CPS","93-094344",2018-05-15,"138",13800,"DNR",2024-06-20,"absent","rebar",NA,NA,NA,NA,NA,NA,NA,"HAR_deep_L1__2018-05-15__rebar__RPT","HAR_deep_L1",2018-05-15,"rebar","RPT","zos_rec_ps__USFWS__PNNL","large scale","line",42,5,210,138,13.8,552,13800,65.7142857142857,100,"base line runs 30°M; 25 shoots/rebar; 552 rebar planted on the offshore side of the base line, see planting diagram, offshore transect","match","match","match","match"
"160","Harstine Island","Harstine - PNNL - Large Scale 1 - north (deep) - 2018","CPS","93-094344",2018-05-15,"rebar",210,"DNR",2024-06-20,"absent","rebar",NA,NA,NA,NA,NA,NA,NA,"HAR_deep_L1__2018-05-15__rebar__RPT","HAR_deep_L1",2018-05-15,"rebar","RPT","zos_rec_ps__USFWS__PNNL","large scale","line",42,5,210,138,13.8,552,13800,65.7142857142857,100,"base line runs 30°M; 25 shoots/rebar; 552 rebar planted on the offshore side of the base line, see planting diagram, offshore transect","match","no_match","no_match","match"
"161","Harstine Island","Harstine - PNNL - Large Scale 1 - south (shallow) - 2018","CPS","93-099661",2018-06-14,"97",9688,"DNR",2024-06-20,"absent","rebar",NA,NA,NA,NA,NA,NA,NA,"HAR_shallow_L1__2018-06-14__rebar__WNB","HAR_shallow_L1",2018-06-14,"rebar","WNB","zos_rest_3_deltas__USACE__PNNL","large scale","line",31,5,155,97,9.7,388,9688,62.5032258064516,99.8762886597938,"2","match","match","match","match"
"162","Harstine Island","Harstine - PNNL - Large Scale 1 - south (shallow) - 2018","CPS","93-099661",2018-06-14,"rebar",155,"DNR",2024-06-20,"absent","rebar",NA,NA,NA,NA,NA,NA,NA,"HAR_shallow_L1__2018-06-14__rebar__WNB","HAR_shallow_L1",2018-06-14,"rebar","WNB","zos_rest_3_deltas__USACE__PNNL","large scale","line",31,5,155,97,9.7,388,9688,62.5032258064516,99.8762886597938,"2","match","no_match","no_match","match"
"163","Harstine Island","Harstine Island - PNNL - Large Scale 2 - shallow - 2019","CPS","93-094344",2019-05-14,"rebar",234,"DNR",2024-06-20,"absent","rebar",NA,NA,NA,NA,NA,NA,NA,"HAR_shallow_L2__2019-05-14__rebar__Mix","HAR_shallow_L2",2019-05-14,"rebar","Mix","zos_rec_ps__USFWS__PNNL","large scale","line",39,6,234,136.75,13.675,547,13320,56.9230769230769,97.4040219378428,"2","match","no_match","no_match","match"
"164","Harstine Island","Harstine Island - PNNL - Test Plot 1 of 4 (north of north plot) - 2017","CPS","93-094344",2017-06-07,"6",1000,"PNNL",2018-03-06,"present","rebar",377,6,62.8333333333333,272,0.377,"moderate survival, Plants on all 5 rows. Some rebar misplaced but still had plants. Row with fewest shoot 0.5 = 48 was missing shoots on part of row. Lots of new shoots; very little algae, lots of exposed rhizomes and rebar on row 2.0",NA,"HAR_1__2017-06-07__rebar__WNB","HAR_1",2017-06-07,"rebar","WNB","zos_rec_ps__USFWS__PNNL","test","point",3,2,6,5,0.5,20,1000,166.666666666667,200,"None.","match","no_match","match","match"
"165","Harstine Island","Harstine Island - PNNL - Test Plot 2 of 4 (north plot) - 2017","CPS","93-094344",2017-06-07,"6",1000,"PNNL",2018-03-06,"present","rebar",623,6,103.833333333333,272,0.623,"good survival, Plants on all 5 rows. Lots of new shoots; very little algae, lots of small snails",NA,"HAR_2__2017-06-07__rebar__WNB","HAR_2",2017-06-07,"rebar","WNB","zos_rec_ps__USFWS__PNNL","test","point",3,2,6,5,0.5,20,1000,166.666666666667,200,"S screw anchor for test plot","match","no_match","match","match"
"166","Harstine Island","Harstine Island - PNNL - Test Plot 3 of 4 (south plot) - 2017","CPS","93-094344",2017-06-07,"6",1000,"PNNL",2018-03-06,"present","rebar",425,6,70.8333333333333,272,0.425,"good survival, Plants on all 5 rows. Lots of new shoots; very little algae, lots of small snails",NA,"HAR_3__2017-06-07__rebar__WNB","HAR_3",2017-06-07,"rebar","WNB","zos_rec_ps__USFWS__PNNL","test","point",3,2,6,5,0.5,20,1000,166.666666666667,200,"S screw anchor for test plot","match","no_match","match","match"
"167","Harstine Island","Harstine Island - PNNL - Test Plot 4 of 4 (south of south plot) rebar - 2017","CPS","93-094344",2017-06-07,"6",1000,"PNNL",2018-03-06,"present","rebar",164,6,27.3333333333333,272,0.164,"MODERATE SURVIVAL slightly smaller and more sparse than plot 1, Plants on all 5 rows. ONE rebar EXPOSED but still had plants. Some new shoots; very little algae",NA,"HAR_4__2017-06-07__rebar__WNB","HAR_4",2017-06-07,"rebar","WNB","zos_rec_ps__USFWS__PNNL","test","point",3,2,6,5,0.5,20,1000,166.666666666667,200,"side by side plantings using 2 methods","match","no_match","match","match"
"168","Harstine Island","Harstine Island - PNNL - Test Plot 4 of 4 (south of south plot) staples - 2017","CPS","93-094344",2017-06-07,"5",800,"PNNL",2018-03-06,"present","staple",113,5,22.6,272,0.14125,"MODERATE SURVIVAL slightly smaller and more sparse than plot 1, Plants on all 4 rows. ONE STAPLE FLAT ON THE GROUND NO OTHERS OBSERVED. Some new shoots; very little algae",NA,"HAR_4__2017-06-07__staple__WNB","HAR_4",2017-06-07,"staple","WNB","zos_rec_ps__USFWS__PNNL","test","point",2.5,2,5,5,0.5,100,800,160,160,"side by side plantings using 2 methods","match","match","match","match"
"169","Harstine Island","Harstine Island - PNNL - Test Plot 5 (north of north plot) rebar shallow- 2020","CPS","0",2020-06-29,"5",500,"PNNL",2021-04-20,"present","rebar",290,6.25,46.4,295,0.58,"Y",NA,"HAR_5__2020-06-29__rebar__RKB","HAR_5",2020-06-29,"rebar","RKB","zos_rec_ps__USACE__PNNL","test","point",2.5,2.5,6.25,5,0.5,20,500,80,100,"330 deg az, substrate is bare sand, little more current at this site on a rising tide, substrate is more course and sand is not sticky","match","match","match","match"
"170","Harstine Island","Harstine Island - PNNL - Test Plot 6 (south of south plot) rebar shallow - 2020","CPS","0",2020-06-29,"5",500,"PNNL",2021-04-20,"present","rebar",291,6.25,46.56,295,0.582,"Y","Poor visibility, not very much algae on sediment surface but some. Gaps in some of the rows; scour holes?","HAR_6__2020-06-29__rebar__RKB","HAR_6",2020-06-29,"rebar","RKB","zos_rec_ps__USACE__PNNL","test","point",2.5,2.5,6.25,5,0.5,20,500,80,100,"15deg azimuth, offshore depth 11ft dive computer,","match","match","match","match"
"171","Herron Island","Herron Island - PNNL - test - 2015","CPS","IAA 12-317.1",2015-03-12,"25",500,"DNR",2016-07-02,"absent","staple",0,NA,NA,NA,0,"DNR snorkel monitoring. No Zm observed.",NA,"HRI__2015-03-12__staple__WNB","HRI",2015-03-12,"staple","WNB","zos_rest_ps__DNR__PNNL","test","point",5,5,25,25,0.625,125,500,20,20,"""mega""-bundles were planted with 260 shoots on 26 staples outside of the plot and south","match","match","match","match"
"172","Hunter Point","Edgewater - north - PNNL - test - 2015","SPS","IAA 12-317.1",2015-05-18,"25",500,"DNR",2015-08-13,"present","staple",NA,NA,NA,87,NA,"DNR snorkel monitoring. Zm present, looked OK, but not great.",NA,"HPT_north_2__2015-05-18__staple__THC","HPT_north_2",2015-05-18,"staple","THC","zos_rest_ps__DNR__PNNL","test","point",5,5,25,25,0.625,125,500,20,20,"SW corner of plot, depth taken at NE corner of plot","match","match","match","match"
"173","Hunter Point","Edgewater - north - PNNL - test - 2015","SPS","IAA 12-317.1",2015-05-18,"25",500,"DNR",2016-05-23,"present","staple",NA,NA,NA,371,NA,"DNR boat monitoring. Lots of Zm at site. Looks encouraging. Photos in Edgewater folder.",NA,"HPT_north_2__2015-05-18__staple__THC","HPT_north_2",2015-05-18,"staple","THC","zos_rest_ps__DNR__PNNL","test","point",5,5,25,25,0.625,125,500,20,20,"SW corner of plot, depth taken at NE corner of plot","match","match","match","match"
"174","Hunter Point","Edgewater - north - PNNL - test - 2015","SPS","IAA 12-317.1",2015-05-18,"25",500,"DNR",2016-07-02,"present","staple",NA,NA,NA,411,NA,"DNR snorkel monitoring. Plants looked great! Sensors cleaned.",NA,"HPT_north_2__2015-05-18__staple__THC","HPT_north_2",2015-05-18,"staple","THC","zos_rest_ps__DNR__PNNL","test","point",5,5,25,25,0.625,125,500,20,20,"SW corner of plot, depth taken at NE corner of plot","match","match","match","match"
"175","Hunter Point","Edgewater - north - PNNL - test - 2015","SPS","IAA 12-317.1",2015-05-18,"25",500,"DNR",2016-07-18,"present","staple",480,NA,NA,427,0.96,"DNR snorkel monitoring. 2 reproductive shoots. Swapped PAR sensors",NA,"HPT_north_2__2015-05-18__staple__THC","HPT_north_2",2015-05-18,"staple","THC","zos_rest_ps__DNR__PNNL","test","point",5,5,25,25,0.625,125,500,20,20,"SW corner of plot, depth taken at NE corner of plot","match","match","match","match"
"176","Hunter Point","Edgewater - north - PNNL - test - 2015","SPS","IAA 12-317.1",2015-05-18,"25",500,"DNR",2016-08-18,"present","staple",NA,NA,NA,458,NA,"DNR snorkel monitoring. Zm looked good, but not expanding much. Collected PAR sensor.",NA,"HPT_north_2__2015-05-18__staple__THC","HPT_north_2",2015-05-18,"staple","THC","zos_rest_ps__DNR__PNNL","test","point",5,5,25,25,0.625,125,500,20,20,"SW corner of plot, depth taken at NE corner of plot","match","match","match","match"
"177","Hunter Point","Edgewater - north - PNNL - test - 2015","SPS","IAA 12-317.1",2015-05-18,"25",500,"DNR",2017-05-27,"present","staple",227,NA,NA,740,0.454,"DNR snorkel monitoring. Pulled helical anchors and PVC posts delineating plot.",NA,"HPT_north_2__2015-05-18__staple__THC","HPT_north_2",2015-05-18,"staple","THC","zos_rest_ps__DNR__PNNL","test","point",5,5,25,25,0.625,125,500,20,20,"SW corner of plot, depth taken at NE corner of plot","match","match","match","match"
"178","Hunter Point","Edgewater - north - PNNL - test - 2015","SPS","IAA 12-317.1",2015-05-18,"25",500,"DNR",2019-08-14,"absent","staple",0,NA,NA,1549,0,"DNR boat monitoring. Floated over site but did not observe any Zm.",NA,"HPT_north_2__2015-05-18__staple__THC","HPT_north_2",2015-05-18,"staple","THC","zos_rest_ps__DNR__PNNL","test","point",5,5,25,25,0.625,125,500,20,20,"SW corner of plot, depth taken at NE corner of plot","match","match","match","match"
"179","Hunter Point","Edgewater - north - PNNL - test - deep - 2020","SPS","0",2020-06-29,"6",600,"PNNL",2021-04-20,"absent","rebar",6,7.5,0.8,295,0.01,"Y","6 shoots on 2 rhizomes... hardly any eelgrass in site. collected screwanchors and some rebar","HPT_north_2__2020-06-29__rebar__RKB","HPT_north_2",2020-06-29,"rebar","RKB","zos_rec_ps__USACE__PNNL","test","point",3,2.5,7.5,6,0.6,24,600,80,100,"4 extra rebar planted at this site, 60 deg az, mixed fines fairly compact some kelp but can see mostly sand, baseline 14' offshore 15'","match","match","match","match"
"180","Hunter Point","Edgewater - south - PNNL - test - 2015","SPS","IAA 12-317.1",2015-05-18,"25",500,"DNR",2015-08-13,"present","staple",NA,NA,NA,87,NA,"DNR snorkel monitoring. Few Zm plants remaining.",NA,"HPT_south_1__2015-05-18__staple__THC","HPT_south_1",2015-05-18,"staple","THC","zos_rest_ps__DNR__PNNL","test","point",5,5,25,25,0.625,125,500,20,20,"SW corner of plot","match","match","match","match"
"181","Hunter Point","Edgewater - south - PNNL - test - 2015","SPS","IAA 12-317.1",2015-05-18,"25",500,"DNR",2016-05-23,"absent","staple",0,NA,NA,371,0,"DNR boat monitoring.",NA,"HPT_south_1__2015-05-18__staple__THC","HPT_south_1",2015-05-18,"staple","THC","zos_rest_ps__DNR__PNNL","test","point",5,5,25,25,0.625,125,500,20,20,"SW corner of plot","match","match","match","match"
"182","Hunter Point","Edgewater - south - PNNL - test - 2015","SPS","IAA 12-317.1",2015-05-18,"25",500,"DNR",2017-05-27,"absent","staple",0,NA,NA,740,0,"DNR snorkel monitoring. No Zm. Pulled helical anchors and PVC posts delineating plot.",NA,"HPT_south_1__2015-05-18__staple__THC","HPT_south_1",2015-05-18,"staple","THC","zos_rest_ps__DNR__PNNL","test","point",5,5,25,25,0.625,125,500,20,20,"SW corner of plot","match","match","match","match"
"183","Hunter Point","Edgewater - south - PNNL - test - deep - 2020","SPS","0",2020-06-29,"5",500,"PNNL",2021-04-20,"absent","rebar",0,6.25,0,295,0,"Y","No eelgrass, can still see rebar but suspect current was too strong, collected rebar and screw anchors","HPT_south_2__2020-06-29__rebar__RKB","HPT_south_2",2020-06-29,"rebar","RKB","zos_rec_ps__USACE__PNNL","test","point",2.5,2.5,6.25,5,0.5,20,500,80,100,"10deg az, course and compacted sand with lots of fines, lots of algae but still lots of sand visible","match","match","match","match"
"184","Joemma Beach State Park","Joemma Beach State Park - Mid - Puck 1 - 2018","CPS","0",2018-07-14,"0.25",63,"DNR",2019-08-01,"present","puck",202,0.25,808,383,3.20634920634921,"DNR snorkel monitoring. Zm looked great. Pucks removed.",NA,"JSP_mid_1__2018-07-14__pucks__DPW","JSP_mid_1",2018-07-14,"pucks","DPW","dnr__DNR__unspecified","test","point",0.5,0.5,0.25,0.25,0.07065,9,63,252,252,"Transplanted 9 ceramic pucks with 7 shoots per puck in a 0.25 m2 area. 3 replicates total along a 16 m transect between the north and south points.","match","match","match","no_match"
"185","Joemma Beach State Park","Joemma Beach State Park - Mid - Puck 1 - 2018","CPS","0",2018-07-14,"0.25",63,"DNR",2020-07-21,"present","puck",NA,NA,NA,738,NA,"DNR snorkel monitoring. Zm looked great. Pucks removed.",NA,"JSP_mid_1__2018-07-14__pucks__DPW","JSP_mid_1",2018-07-14,"pucks","DPW","dnr__DNR__unspecified","test","point",0.5,0.5,0.25,0.25,0.07065,9,63,252,252,"Transplanted 9 ceramic pucks with 7 shoots per puck in a 0.25 m2 area. 3 replicates total along a 16 m transect between the north and south points.","match","match","match","no_match"
"186","Joemma Beach State Park","Joemma Beach State Park - Mid - Puck 2 - 2018","CPS","0",2018-07-14,"0.25",63,"DNR",2019-08-01,"present","puck",386,0.25,1544,383,6.12698412698413,"DNR snorkel monitoring. Zm looked great. Pucks removed. 377 shoots + 9 reproductive shoots.",NA,"JSP_mid_2__2018-07-14__pucks__DPW","JSP_mid_2",2018-07-14,"pucks","DPW","dnr__DNR__unspecified","test","point",0.5,0.5,0.25,0.25,0.07065,9,63,252,252,"Transplanted 9 ceramic pucks with 7 shoots per puck in a 0.25 m2 area. 3 replicates total along a 16 m transect between the north and south points.","match","match","match","no_match"
"187","Joemma Beach State Park","Joemma Beach State Park - Mid - Puck 2 - 2018","CPS","0",2018-07-14,"0.25",63,"DNR",2020-07-21,"present","puck",NA,NA,NA,738,NA,"DNR snorkel monitoring. Zm looked great. Pucks removed. 377 shoots + 9 reproductive shoots.",NA,"JSP_mid_2__2018-07-14__pucks__DPW","JSP_mid_2",2018-07-14,"pucks","DPW","dnr__DNR__unspecified","test","point",0.5,0.5,0.25,0.25,0.07065,9,63,252,252,"Transplanted 9 ceramic pucks with 7 shoots per puck in a 0.25 m2 area. 3 replicates total along a 16 m transect between the north and south points.","match","match","match","no_match"
"188","Joemma Beach State Park","Joemma Beach State Park - Mid - Puck 3 - 2018","CPS","0",2018-07-14,"0.25",63,"DNR",2019-08-01,"present","puck",92,0.25,368,383,1.46031746031746,"DNR snorkel monitoring. Zm looked great. Pucks removed.",NA,"JSP_mid_3__2018-07-14__pucks__DPW","JSP_mid_3",2018-07-14,"pucks","DPW","dnr__DNR__unspecified","test","point",0.5,0.5,0.25,0.25,0.07065,9,63,252,252,"Northern most replicate. Transplanted 9 ceramic pucks with 7 shoots per puck in a 0.25 m2 area. 3 replicates total along a 16 m transect between the north and south points.","match","match","match","no_match"
"189","Joemma Beach State Park","Joemma Beach State Park - Mid - Puck 3 - 2018","CPS","0",2018-07-14,"0.25",63,"DNR",2020-07-21,"present","puck",NA,NA,NA,738,NA,"DNR snorkel monitoring. Zm looked great. Pucks removed.",NA,"JSP_mid_3__2018-07-14__pucks__DPW","JSP_mid_3",2018-07-14,"pucks","DPW","dnr__DNR__unspecified","test","point",0.5,0.5,0.25,0.25,0.07065,9,63,252,252,"Northern most replicate. Transplanted 9 ceramic pucks with 7 shoots per puck in a 0.25 m2 area. 3 replicates total along a 16 m transect between the north and south points.","match","match","match","no_match"
"190","Joemma Beach State Park","Joemma Beach State Park - Mid - Rebar 1 - 2018","CPS","0",2018-07-14,"0.25",63,"DNR",2019-08-01,"present","rebar",230,0.25,920,383,3.65079365079365,"DNR snorkel monitoring. Zm looked great. Rebar removed. 229 shoots + 1 reproductive shoot.",NA,"JSP_mid_1__2018-07-14__rebar__DPW","JSP_mid_1",2018-07-14,"rebar","DPW","dnr__DNR__unspecified","test","point",0.5,0.5,0.25,0.25,0.075,3,63,252,252,"Southern most replicate. Transplanted 3, 50 cm long lengths of rebar with 21 shoots each in a 0.25 m2 area.  3 replicates total along a 16 m transect between the north and south points.","match","match","match","match"
"191","Joemma Beach State Park","Joemma Beach State Park - Mid - Rebar 1 - 2018","CPS","0",2018-07-14,"0.25",63,"DNR",2020-07-21,"present","rebar",NA,NA,NA,738,NA,"DNR snorkel monitoring. Zm looked great. Rebar removed. 229 shoots + 1 reproductive shoot.",NA,"JSP_mid_1__2018-07-14__rebar__DPW","JSP_mid_1",2018-07-14,"rebar","DPW","dnr__DNR__unspecified","test","point",0.5,0.5,0.25,0.25,0.075,3,63,252,252,"Southern most replicate. Transplanted 3, 50 cm long lengths of rebar with 21 shoots each in a 0.25 m2 area.  3 replicates total along a 16 m transect between the north and south points.","match","match","match","match"
"192","Joemma Beach State Park","Joemma Beach State Park - Mid - Rebar 2 - 2018","CPS","0",2018-07-14,"0.25",63,"DNR",2019-08-01,"present","rebar",303,0.25,1212,383,4.80952380952381,"DNR snorkel monitoring. Zm looked great. Rebar removed. 298 shoots + 5 reproductive shoots.",NA,"JSP_mid_2__2018-07-14__rebar__DPW","JSP_mid_2",2018-07-14,"rebar","DPW","dnr__DNR__unspecified","test","point",0.5,0.5,0.25,0.25,0.075,3,63,252,252,"Transplanted 3, 50 cm long lengths of rebar with 21 shoots each in a 0.25 m2 area.  3 replicates total along a 16 m transect between the north and south points.","match","match","match","match"
"193","Joemma Beach State Park","Joemma Beach State Park - Mid - Rebar 2 - 2018","CPS","0",2018-07-14,"0.25",63,"DNR",2020-07-21,"present","rebar",NA,NA,NA,738,NA,"DNR snorkel monitoring. Zm looked great. Rebar removed. 298 shoots + 5 reproductive shoots.",NA,"JSP_mid_2__2018-07-14__rebar__DPW","JSP_mid_2",2018-07-14,"rebar","DPW","dnr__DNR__unspecified","test","point",0.5,0.5,0.25,0.25,0.075,3,63,252,252,"Transplanted 3, 50 cm long lengths of rebar with 21 shoots each in a 0.25 m2 area.  3 replicates total along a 16 m transect between the north and south points.","match","match","match","match"
"194","Joemma Beach State Park","Joemma Beach State Park - Mid - Rebar 3 - 2018","CPS","0",2018-07-14,"0.25",63,"DNR",2019-08-01,"present","rebar",235,0.25,940,383,3.73015873015873,"DNR snorkel monitoring. Zm looked great. Rebar removed.",NA,"JSP_mid_3__2018-07-14__rebar__DPW","JSP_mid_3",2018-07-14,"rebar","DPW","dnr__DNR__unspecified","test","point",0.5,0.5,0.25,0.25,0.075,3,63,252,252,"Transplanted 3, 50 cm long lengths of rebar with 21 shoots each in a 0.25 m2 area.  3 replicates total along a 16 m transect between the north and south points..","match","match","match","match"
"195","Joemma Beach State Park","Joemma Beach State Park - Mid - Rebar 3 - 2018","CPS","0",2018-07-14,"0.25",63,"DNR",2020-07-21,"present","rebar",NA,NA,NA,738,NA,"DNR snorkel monitoring. Zm looked great. Rebar removed.",NA,"JSP_mid_3__2018-07-14__rebar__DPW","JSP_mid_3",2018-07-14,"rebar","DPW","dnr__DNR__unspecified","test","point",0.5,0.5,0.25,0.25,0.075,3,63,252,252,"Transplanted 3, 50 cm long lengths of rebar with 21 shoots each in a 0.25 m2 area.  3 replicates total along a 16 m transect between the north and south points..","match","match","match","match"
"196","Joemma Beach State Park","Joemma Beach State Park - southeast - PNNL - test - 2015","CPS","IAA 12-317.1",2015-06-09,"25",500,"DNR",2015-07-29,"present","staple",NA,NA,NA,50,NA,"DNR snorkel monitoring. Few Zm shoots observed covered with ulvoids. Kelp crab present. Photos in Joemma_SP_way_South folder.",NA,"JSP_southeast__2015-06-09__staple__Mix","JSP_southeast",2015-06-09,"staple","Mix","zos_rest_ps__DNR__PNNL","test","point",5,5,25,25,0.625,125,500,20,20,"planned, site is between JSP and Taylor Bay","match","match","match","match"
"197","Joemma Beach State Park","Joemma Beach State Park Mid - DNR - BESE - AG - 1 - 2017","CPS","0",2017-05-25,"8.0000000000000002E-3",12,"DNR",2017-05-28,"present","staple",11,0.008,1375,3,0.916666666666667,"DNR snorkel monitoring. Canopy height also recorded. Reproductive shoots listed on data sheet are not included in shoot count as these were planted 3 days earlier.",NA,"JSP_mid_AG1__2017-05-25__staple__DPW","JSP_mid_AG1",2017-05-25,"staple","DPW","bese__DNR__unspecified","test","point",1,1,1,0.008,0.015,3,12,12,1500,"Biodegradable ecosystem engineering elements (BESE) for Marjolijn Christianen, Wageningen University & Research, Netherlands. Overall area was 1 m2. Actual was 0.1 m2 (10 x 10 cm area in center of BESE. 3 planting units with 4 shoots each. DuPont Wharf shoots.","match","no_match","match","match"
"198","Joemma Beach State Park","Joemma Beach State Park Mid - DNR - BESE - AG - 1 - 2017","CPS","0",2017-05-25,"8.0000000000000002E-3",12,"DNR",2017-07-22,"present","staple",3,0.008,375,58,0.25,"DNR snorkel monitoring. Canopy height also recorded. Reproductive shoots listed on data sheet are not included in shoot count here as these were planted in May.",NA,"JSP_mid_AG1__2017-05-25__staple__DPW","JSP_mid_AG1",2017-05-25,"staple","DPW","bese__DNR__unspecified","test","point",1,1,1,0.008,0.015,3,12,12,1500,"Biodegradable ecosystem engineering elements (BESE) for Marjolijn Christianen, Wageningen University & Research, Netherlands. Overall area was 1 m2. Actual was 0.1 m2 (10 x 10 cm area in center of BESE. 3 planting units with 4 shoots each. DuPont Wharf shoots.","match","no_match","match","match"
"199","Joemma Beach State Park","Joemma Beach State Park Mid - DNR - BESE - AG - 1 - 2017","CPS","0",2017-05-25,"8.0000000000000002E-3",12,"DNR",2017-08-20,"absent","staple",0,0,NA,87,0,"DNR snorkel monitoring. Canopy height also recorded. Reproductive shoots listed on data sheet are not included in shoot count here as these were planted in May.",NA,"JSP_mid_AG1__2017-05-25__staple__DPW","JSP_mid_AG1",2017-05-25,"staple","DPW","bese__DNR__unspecified","test","point",1,1,1,0.008,0.015,3,12,12,1500,"Biodegradable ecosystem engineering elements (BESE) for Marjolijn Christianen, Wageningen University & Research, Netherlands. Overall area was 1 m2. Actual was 0.1 m2 (10 x 10 cm area in center of BESE. 3 planting units with 4 shoots each. DuPont Wharf shoots.","match","no_match","match","match"
"200","Joemma Beach State Park","Joemma Beach State Park Mid - DNR - BESE - AG - 1 - 2017","CPS","0",2017-05-25,"8.0000000000000002E-3",12,"DNR",2017-12-04,"absent","staple",0,NA,NA,193,0,"DNR snorkel monitoring. Canopy height recorded. Did not measure rhizome extension to estimate status area.",NA,"JSP_mid_AG1__2017-05-25__staple__DPW","JSP_mid_AG1",2017-05-25,"staple","DPW","bese__DNR__unspecified","test","point",1,1,1,0.008,0.015,3,12,12,1500,"Biodegradable ecosystem engineering elements (BESE) for Marjolijn Christianen, Wageningen University & Research, Netherlands. Overall area was 1 m2. Actual was 0.1 m2 (10 x 10 cm area in center of BESE. 3 planting units with 4 shoots each. DuPont Wharf shoots.","match","no_match","match","match"
"201","Joemma Beach State Park","Joemma Beach State Park Mid - DNR - BESE - AG - 1 - 2017","CPS","0",2017-05-25,"8.0000000000000002E-3",12,"DNR",2018-01-30,"absent","staple",0,0,NA,250,0,"DNR snorkel monitoring. Canopy height also recorded. Status area calculated as area of circle based on diameter measured. A= (pi)r2. 20 cm circle of plants = 3.14*(10)^2.",NA,"JSP_mid_AG1__2017-05-25__staple__DPW","JSP_mid_AG1",2017-05-25,"staple","DPW","bese__DNR__unspecified","test","point",1,1,1,0.008,0.015,3,12,12,1500,"Biodegradable ecosystem engineering elements (BESE) for Marjolijn Christianen, Wageningen University & Research, Netherlands. Overall area was 1 m2. Actual was 0.1 m2 (10 x 10 cm area in center of BESE. 3 planting units with 4 shoots each. DuPont Wharf shoots.","match","no_match","match","match"
"202","Joemma Beach State Park","Joemma Beach State Park Mid - DNR - BESE - AG - 1 - 2017","CPS","0",2017-05-25,"8.0000000000000002E-3",12,"DNR",2018-05-15,"absent","staple",0,NA,NA,355,0,"DNR snorkel monitoring.",NA,"JSP_mid_AG1__2017-05-25__staple__DPW","JSP_mid_AG1",2017-05-25,"staple","DPW","bese__DNR__unspecified","test","point",1,1,1,0.008,0.015,3,12,12,1500,"Biodegradable ecosystem engineering elements (BESE) for Marjolijn Christianen, Wageningen University & Research, Netherlands. Overall area was 1 m2. Actual was 0.1 m2 (10 x 10 cm area in center of BESE. 3 planting units with 4 shoots each. DuPont Wharf shoots.","match","no_match","match","match"
"203","Joemma Beach State Park","Joemma Beach State Park Mid - DNR - BESE - AG - 1 - 2017","CPS","0",2017-05-25,"8.0000000000000002E-3",12,"DNR",2018-07-11,"absent","staple",0,NA,NA,412,0,NA,NA,"JSP_mid_AG1__2017-05-25__staple__DPW","JSP_mid_AG1",2017-05-25,"staple","DPW","bese__DNR__unspecified","test","point",1,1,1,0.008,0.015,3,12,12,1500,"Biodegradable ecosystem engineering elements (BESE) for Marjolijn Christianen, Wageningen University & Research, Netherlands. Overall area was 1 m2. Actual was 0.1 m2 (10 x 10 cm area in center of BESE. 3 planting units with 4 shoots each. DuPont Wharf shoots.","match","no_match","match","match"
"204","Joemma Beach State Park","Joemma Beach State Park Mid - DNR - BESE - AG - 1 - 2017","CPS","0",2017-05-25,"8.0000000000000002E-3",12,"DNR",2018-08-08,"absent","staple",0,NA,NA,440,0,NA,NA,"JSP_mid_AG1__2017-05-25__staple__DPW","JSP_mid_AG1",2017-05-25,"staple","DPW","bese__DNR__unspecified","test","point",1,1,1,0.008,0.015,3,12,12,1500,"Biodegradable ecosystem engineering elements (BESE) for Marjolijn Christianen, Wageningen University & Research, Netherlands. Overall area was 1 m2. Actual was 0.1 m2 (10 x 10 cm area in center of BESE. 3 planting units with 4 shoots each. DuPont Wharf shoots.","match","no_match","match","match"
"205","Joemma Beach State Park","Joemma Beach State Park Mid - DNR - BESE - AG - 1 - 2017","CPS","0",2017-05-25,"8.0000000000000002E-3",12,"DNR",2019-07-30,"absent","staple",0,NA,NA,796,0,NA,NA,"JSP_mid_AG1__2017-05-25__staple__DPW","JSP_mid_AG1",2017-05-25,"staple","DPW","bese__DNR__unspecified","test","point",1,1,1,0.008,0.015,3,12,12,1500,"Biodegradable ecosystem engineering elements (BESE) for Marjolijn Christianen, Wageningen University & Research, Netherlands. Overall area was 1 m2. Actual was 0.1 m2 (10 x 10 cm area in center of BESE. 3 planting units with 4 shoots each. DuPont Wharf shoots.","match","no_match","match","match"
"206","Joemma Beach State Park","Joemma Beach State Park Mid - DNR - BESE - AG - 1 - 2017","CPS","0",2017-05-25,"8.0000000000000002E-3",12,"DNR",2020-07-21,"absent","staple",0,NA,NA,1153,0,NA,NA,"JSP_mid_AG1__2017-05-25__staple__DPW","JSP_mid_AG1",2017-05-25,"staple","DPW","bese__DNR__unspecified","test","point",1,1,1,0.008,0.015,3,12,12,1500,"Biodegradable ecosystem engineering elements (BESE) for Marjolijn Christianen, Wageningen University & Research, Netherlands. Overall area was 1 m2. Actual was 0.1 m2 (10 x 10 cm area in center of BESE. 3 planting units with 4 shoots each. DuPont Wharf shoots.","match","no_match","match","match"
"207","Joemma Beach State Park","Joemma Beach State Park Mid - DNR - BESE - AG - 2 - 2017","CPS","0",2017-05-25,"8.0000000000000002E-3",12,"DNR",2017-05-28,"present","staple",9,0.008,1125,3,0.75,"DNR snorkel monitoring. Canopy height also recorded. Reproductive shoots listed on data sheet are not included in shoot count as these were planted 3 days earlier.",NA,"JSP_mid_AG2__2017-05-25__staple__DPW","JSP_mid_AG2",2017-05-25,"staple","DPW","bese__DNR__unspecified","test","point",1,1,1,0.008,0.015,3,12,12,1500,"Biodegradable ecosystem engineering elements (BESE) for Marjolijn Christianen, Wageningen University & Research, Netherlands. Overall area was 1 m2. Actual was 0.1 m2 (10 x 10 cm area in center of BESE. 3 planting units with 4 shoots each. DuPont Wharf shoots.","match","no_match","match","match"
"208","Joemma Beach State Park","Joemma Beach State Park Mid - DNR - BESE - AG - 2 - 2017","CPS","0",2017-05-25,"8.0000000000000002E-3",12,"DNR",2017-07-22,"present","staple",4,0.008,500,58,0.333333333333333,"DNR snorkel monitoring. Canopy height also recorded. Reproductive shoots listed on data sheet are not included in shoot count here as these were planted in May.",NA,"JSP_mid_AG2__2017-05-25__staple__DPW","JSP_mid_AG2",2017-05-25,"staple","DPW","bese__DNR__unspecified","test","point",1,1,1,0.008,0.015,3,12,12,1500,"Biodegradable ecosystem engineering elements (BESE) for Marjolijn Christianen, Wageningen University & Research, Netherlands. Overall area was 1 m2. Actual was 0.1 m2 (10 x 10 cm area in center of BESE. 3 planting units with 4 shoots each. DuPont Wharf shoots.","match","no_match","match","match"
"209","Joemma Beach State Park","Joemma Beach State Park Mid - DNR - BESE - AG - 2 - 2017","CPS","0",2017-05-25,"8.0000000000000002E-3",12,"DNR",2017-08-20,"absent","staple",0,0,NA,87,0,"DNR snorkel monitoring. Canopy height also recorded. Reproductive shoots listed on data sheet are not included in shoot count here as these were planted in May.",NA,"JSP_mid_AG2__2017-05-25__staple__DPW","JSP_mid_AG2",2017-05-25,"staple","DPW","bese__DNR__unspecified","test","point",1,1,1,0.008,0.015,3,12,12,1500,"Biodegradable ecosystem engineering elements (BESE) for Marjolijn Christianen, Wageningen University & Research, Netherlands. Overall area was 1 m2. Actual was 0.1 m2 (10 x 10 cm area in center of BESE. 3 planting units with 4 shoots each. DuPont Wharf shoots.","match","no_match","match","match"
"210","Joemma Beach State Park","Joemma Beach State Park Mid - DNR - BESE - AG - 2 - 2017","CPS","0",2017-05-25,"8.0000000000000002E-3",12,"DNR",2017-12-04,"absent","staple",0,NA,NA,193,0,"DNR snorkel monitoring. Canopy height recorded. Did not measure rhizome extension to estimate status area.",NA,"JSP_mid_AG2__2017-05-25__staple__DPW","JSP_mid_AG2",2017-05-25,"staple","DPW","bese__DNR__unspecified","test","point",1,1,1,0.008,0.015,3,12,12,1500,"Biodegradable ecosystem engineering elements (BESE) for Marjolijn Christianen, Wageningen University & Research, Netherlands. Overall area was 1 m2. Actual was 0.1 m2 (10 x 10 cm area in center of BESE. 3 planting units with 4 shoots each. DuPont Wharf shoots.","match","no_match","match","match"
"211","Joemma Beach State Park","Joemma Beach State Park Mid - DNR - BESE - AG - 2 - 2017","CPS","0",2017-05-25,"8.0000000000000002E-3",12,"DNR",2018-01-30,"absent","staple",0,0,NA,250,0,"DNR snorkel monitoring. Canopy height also recorded. Status area calculated as area of circle based on diameter measured. A= (pi)r2. 20 cm circle of plants = 3.14*(10)^2.",NA,"JSP_mid_AG2__2017-05-25__staple__DPW","JSP_mid_AG2",2017-05-25,"staple","DPW","bese__DNR__unspecified","test","point",1,1,1,0.008,0.015,3,12,12,1500,"Biodegradable ecosystem engineering elements (BESE) for Marjolijn Christianen, Wageningen University & Research, Netherlands. Overall area was 1 m2. Actual was 0.1 m2 (10 x 10 cm area in center of BESE. 3 planting units with 4 shoots each. DuPont Wharf shoots.","match","no_match","match","match"
"212","Joemma Beach State Park","Joemma Beach State Park Mid - DNR - BESE - AG - 2 - 2017","CPS","0",2017-05-25,"8.0000000000000002E-3",12,"DNR",2018-05-15,"absent","staple",0,NA,NA,355,0,"DNR snorkel monitoring.",NA,"JSP_mid_AG2__2017-05-25__staple__DPW","JSP_mid_AG2",2017-05-25,"staple","DPW","bese__DNR__unspecified","test","point",1,1,1,0.008,0.015,3,12,12,1500,"Biodegradable ecosystem engineering elements (BESE) for Marjolijn Christianen, Wageningen University & Research, Netherlands. Overall area was 1 m2. Actual was 0.1 m2 (10 x 10 cm area in center of BESE. 3 planting units with 4 shoots each. DuPont Wharf shoots.","match","no_match","match","match"
"213","Joemma Beach State Park","Joemma Beach State Park Mid - DNR - BESE - AG - 2 - 2017","CPS","0",2017-05-25,"8.0000000000000002E-3",12,"DNR",2018-07-11,"absent","staple",0,NA,NA,412,0,NA,NA,"JSP_mid_AG2__2017-05-25__staple__DPW","JSP_mid_AG2",2017-05-25,"staple","DPW","bese__DNR__unspecified","test","point",1,1,1,0.008,0.015,3,12,12,1500,"Biodegradable ecosystem engineering elements (BESE) for Marjolijn Christianen, Wageningen University & Research, Netherlands. Overall area was 1 m2. Actual was 0.1 m2 (10 x 10 cm area in center of BESE. 3 planting units with 4 shoots each. DuPont Wharf shoots.","match","no_match","match","match"
"214","Joemma Beach State Park","Joemma Beach State Park Mid - DNR - BESE - AG - 2 - 2017","CPS","0",2017-05-25,"8.0000000000000002E-3",12,"DNR",2018-08-08,"absent","staple",0,NA,NA,440,0,NA,NA,"JSP_mid_AG2__2017-05-25__staple__DPW","JSP_mid_AG2",2017-05-25,"staple","DPW","bese__DNR__unspecified","test","point",1,1,1,0.008,0.015,3,12,12,1500,"Biodegradable ecosystem engineering elements (BESE) for Marjolijn Christianen, Wageningen University & Research, Netherlands. Overall area was 1 m2. Actual was 0.1 m2 (10 x 10 cm area in center of BESE. 3 planting units with 4 shoots each. DuPont Wharf shoots.","match","no_match","match","match"
"215","Joemma Beach State Park","Joemma Beach State Park Mid - DNR - BESE - AG - 2 - 2017","CPS","0",2017-05-25,"8.0000000000000002E-3",12,"DNR",2019-07-30,"absent","staple",0,NA,NA,796,0,NA,NA,"JSP_mid_AG2__2017-05-25__staple__DPW","JSP_mid_AG2",2017-05-25,"staple","DPW","bese__DNR__unspecified","test","point",1,1,1,0.008,0.015,3,12,12,1500,"Biodegradable ecosystem engineering elements (BESE) for Marjolijn Christianen, Wageningen University & Research, Netherlands. Overall area was 1 m2. Actual was 0.1 m2 (10 x 10 cm area in center of BESE. 3 planting units with 4 shoots each. DuPont Wharf shoots.","match","no_match","match","match"
"216","Joemma Beach State Park","Joemma Beach State Park Mid - DNR - BESE - AG - 2 - 2017","CPS","0",2017-05-25,"8.0000000000000002E-3",12,"DNR",2020-07-21,"absent","staple",0,NA,NA,1153,0,NA,NA,"JSP_mid_AG2__2017-05-25__staple__DPW","JSP_mid_AG2",2017-05-25,"staple","DPW","bese__DNR__unspecified","test","point",1,1,1,0.008,0.015,3,12,12,1500,"Biodegradable ecosystem engineering elements (BESE) for Marjolijn Christianen, Wageningen University & Research, Netherlands. Overall area was 1 m2. Actual was 0.1 m2 (10 x 10 cm area in center of BESE. 3 planting units with 4 shoots each. DuPont Wharf shoots.","match","no_match","match","match"
"217","Joemma Beach State Park","Joemma Beach State Park Mid - DNR - BESE - AG - 3 - 2017","CPS","0",2017-05-25,"8.0000000000000002E-3",12,"DNR",2017-05-28,"present","staple",9,0.008,1125,3,0.75,"DNR snorkel monitoring. Canopy height also recorded. Reproductive shoots listed on data sheet are not included in shoot count as these were planted 3 days earlier.",NA,"JSP_mid_AG3__2017-05-25__staple__DPW","JSP_mid_AG3",2017-05-25,"staple","DPW","bese__DNR__unspecified","test","point",1,1,1,0.008,0.015,3,12,12,1500,"Biodegradable ecosystem engineering elements (BESE) for Marjolijn Christianen, Wageningen University & Research, Netherlands. Overall area was 1 m2. Actual was 0.1 m2 (10 x 10 cm area in center of BESE. 3 planting units with 4 shoots each. DuPont Wharf shoots.","match","no_match","match","match"
"218","Joemma Beach State Park","Joemma Beach State Park Mid - DNR - BESE - AG - 3 - 2017","CPS","0",2017-05-25,"8.0000000000000002E-3",12,"DNR",2017-07-22,"present","staple",2,0.008,250,58,0.166666666666667,"DNR snorkel monitoring. Canopy height also recorded. Reproductive shoots listed on data sheet are not included in shoot count here as these were planted in May.",NA,"JSP_mid_AG3__2017-05-25__staple__DPW","JSP_mid_AG3",2017-05-25,"staple","DPW","bese__DNR__unspecified","test","point",1,1,1,0.008,0.015,3,12,12,1500,"Biodegradable ecosystem engineering elements (BESE) for Marjolijn Christianen, Wageningen University & Research, Netherlands. Overall area was 1 m2. Actual was 0.1 m2 (10 x 10 cm area in center of BESE. 3 planting units with 4 shoots each. DuPont Wharf shoots.","match","no_match","match","match"
"219","Joemma Beach State Park","Joemma Beach State Park Mid - DNR - BESE - AG - 3 - 2017","CPS","0",2017-05-25,"8.0000000000000002E-3",12,"DNR",2017-08-20,"absent","staple",0,0,NA,87,0,"DNR snorkel monitoring. Canopy height also recorded. Reproductive shoots listed on data sheet are not included in shoot count here as these were planted in May.",NA,"JSP_mid_AG3__2017-05-25__staple__DPW","JSP_mid_AG3",2017-05-25,"staple","DPW","bese__DNR__unspecified","test","point",1,1,1,0.008,0.015,3,12,12,1500,"Biodegradable ecosystem engineering elements (BESE) for Marjolijn Christianen, Wageningen University & Research, Netherlands. Overall area was 1 m2. Actual was 0.1 m2 (10 x 10 cm area in center of BESE. 3 planting units with 4 shoots each. DuPont Wharf shoots.","match","no_match","match","match"
"220","Joemma Beach State Park","Joemma Beach State Park Mid - DNR - BESE - AG - 3 - 2017","CPS","0",2017-05-25,"8.0000000000000002E-3",12,"DNR",2017-12-04,"absent","staple",0,NA,NA,193,0,"DNR snorkel monitoring. Canopy height recorded. Did not measure rhizome extension to estimate status area.",NA,"JSP_mid_AG3__2017-05-25__staple__DPW","JSP_mid_AG3",2017-05-25,"staple","DPW","bese__DNR__unspecified","test","point",1,1,1,0.008,0.015,3,12,12,1500,"Biodegradable ecosystem engineering elements (BESE) for Marjolijn Christianen, Wageningen University & Research, Netherlands. Overall area was 1 m2. Actual was 0.1 m2 (10 x 10 cm area in center of BESE. 3 planting units with 4 shoots each. DuPont Wharf shoots.","match","no_match","match","match"
"221","Joemma Beach State Park","Joemma Beach State Park Mid - DNR - BESE - AG - 3 - 2017","CPS","0",2017-05-25,"8.0000000000000002E-3",12,"DNR",2018-01-30,"absent","staple",0,0,NA,250,0,"DNR snorkel monitoring. Canopy height also recorded. Status area calculated as area of circle based on diameter measured. A= (pi)r2. 20 cm circle of plants = 3.14*(10)^2.",NA,"JSP_mid_AG3__2017-05-25__staple__DPW","JSP_mid_AG3",2017-05-25,"staple","DPW","bese__DNR__unspecified","test","point",1,1,1,0.008,0.015,3,12,12,1500,"Biodegradable ecosystem engineering elements (BESE) for Marjolijn Christianen, Wageningen University & Research, Netherlands. Overall area was 1 m2. Actual was 0.1 m2 (10 x 10 cm area in center of BESE. 3 planting units with 4 shoots each. DuPont Wharf shoots.","match","no_match","match","match"
"222","Joemma Beach State Park","Joemma Beach State Park Mid - DNR - BESE - AG - 3 - 2017","CPS","0",2017-05-25,"8.0000000000000002E-3",12,"DNR",2018-05-15,"absent","staple",0,NA,NA,355,0,"DNR snorkel monitoring.",NA,"JSP_mid_AG3__2017-05-25__staple__DPW","JSP_mid_AG3",2017-05-25,"staple","DPW","bese__DNR__unspecified","test","point",1,1,1,0.008,0.015,3,12,12,1500,"Biodegradable ecosystem engineering elements (BESE) for Marjolijn Christianen, Wageningen University & Research, Netherlands. Overall area was 1 m2. Actual was 0.1 m2 (10 x 10 cm area in center of BESE. 3 planting units with 4 shoots each. DuPont Wharf shoots.","match","no_match","match","match"
"223","Joemma Beach State Park","Joemma Beach State Park Mid - DNR - BESE - AG - 3 - 2017","CPS","0",2017-05-25,"8.0000000000000002E-3",12,"DNR",2018-07-11,"absent","staple",0,NA,NA,412,0,NA,NA,"JSP_mid_AG3__2017-05-25__staple__DPW","JSP_mid_AG3",2017-05-25,"staple","DPW","bese__DNR__unspecified","test","point",1,1,1,0.008,0.015,3,12,12,1500,"Biodegradable ecosystem engineering elements (BESE) for Marjolijn Christianen, Wageningen University & Research, Netherlands. Overall area was 1 m2. Actual was 0.1 m2 (10 x 10 cm area in center of BESE. 3 planting units with 4 shoots each. DuPont Wharf shoots.","match","no_match","match","match"
"224","Joemma Beach State Park","Joemma Beach State Park Mid - DNR - BESE - AG - 3 - 2017","CPS","0",2017-05-25,"8.0000000000000002E-3",12,"DNR",2018-08-08,"absent","staple",0,NA,NA,440,0,NA,NA,"JSP_mid_AG3__2017-05-25__staple__DPW","JSP_mid_AG3",2017-05-25,"staple","DPW","bese__DNR__unspecified","test","point",1,1,1,0.008,0.015,3,12,12,1500,"Biodegradable ecosystem engineering elements (BESE) for Marjolijn Christianen, Wageningen University & Research, Netherlands. Overall area was 1 m2. Actual was 0.1 m2 (10 x 10 cm area in center of BESE. 3 planting units with 4 shoots each. DuPont Wharf shoots.","match","no_match","match","match"
"225","Joemma Beach State Park","Joemma Beach State Park Mid - DNR - BESE - AG - 3 - 2017","CPS","0",2017-05-25,"8.0000000000000002E-3",12,"DNR",2019-07-30,"absent","staple",0,NA,NA,796,0,NA,NA,"JSP_mid_AG3__2017-05-25__staple__DPW","JSP_mid_AG3",2017-05-25,"staple","DPW","bese__DNR__unspecified","test","point",1,1,1,0.008,0.015,3,12,12,1500,"Biodegradable ecosystem engineering elements (BESE) for Marjolijn Christianen, Wageningen University & Research, Netherlands. Overall area was 1 m2. Actual was 0.1 m2 (10 x 10 cm area in center of BESE. 3 planting units with 4 shoots each. DuPont Wharf shoots.","match","no_match","match","match"
"226","Joemma Beach State Park","Joemma Beach State Park Mid - DNR - BESE - AG - 3 - 2017","CPS","0",2017-05-25,"8.0000000000000002E-3",12,"DNR",2020-07-21,"absent","staple",0,NA,NA,1153,0,NA,NA,"JSP_mid_AG3__2017-05-25__staple__DPW","JSP_mid_AG3",2017-05-25,"staple","DPW","bese__DNR__unspecified","test","point",1,1,1,0.008,0.015,3,12,12,1500,"Biodegradable ecosystem engineering elements (BESE) for Marjolijn Christianen, Wageningen University & Research, Netherlands. Overall area was 1 m2. Actual was 0.1 m2 (10 x 10 cm area in center of BESE. 3 planting units with 4 shoots each. DuPont Wharf shoots.","match","no_match","match","match"
"227","Joemma Beach State Park","Joemma Beach State Park Mid - DNR - BESE - AG - 4 - 2017","CPS","0",2017-05-25,"8.0000000000000002E-3",12,"DNR",2017-05-28,"present","staple",11,0.008,1375,3,0.916666666666667,"DNR snorkel monitoring. Canopy height also recorded. Reproductive shoots listed on data sheet are not included in shoot count as these were planted 3 days earlier.",NA,"JSP_mid_AG4__2017-05-25__staple__DPW","JSP_mid_AG4",2017-05-25,"staple","DPW","bese__DNR__unspecified","test","point",1,1,1,0.008,0.015,3,12,12,1500,"Biodegradable ecosystem engineering elements (BESE) for Marjolijn Christianen, Wageningen University & Research, Netherlands. Overall area was 1 m2. Actual was 0.1 m2 (10 x 10 cm area in center of BESE. 3 planting units with 4 shoots each. DuPont Wharf shoots.","match","no_match","match","match"
"228","Joemma Beach State Park","Joemma Beach State Park Mid - DNR - BESE - AG - 4 - 2017","CPS","0",2017-05-25,"8.0000000000000002E-3",12,"DNR",2017-07-22,"present","staple",11,0.008,1375,58,0.916666666666667,"DNR snorkel monitoring. Canopy height also recorded. Reproductive shoots listed on data sheet are not included in shoot count here as these were planted in May.",NA,"JSP_mid_AG4__2017-05-25__staple__DPW","JSP_mid_AG4",2017-05-25,"staple","DPW","bese__DNR__unspecified","test","point",1,1,1,0.008,0.015,3,12,12,1500,"Biodegradable ecosystem engineering elements (BESE) for Marjolijn Christianen, Wageningen University & Research, Netherlands. Overall area was 1 m2. Actual was 0.1 m2 (10 x 10 cm area in center of BESE. 3 planting units with 4 shoots each. DuPont Wharf shoots.","match","no_match","match","match"
"229","Joemma Beach State Park","Joemma Beach State Park Mid - DNR - BESE - AG - 4 - 2017","CPS","0",2017-05-25,"8.0000000000000002E-3",12,"DNR",2017-08-20,"present","staple",12,0.0113,1061.94690265487,87,1,"DNR snorkel monitoring. Canopy height also recorded. Reproductive shoots listed on data sheet are not included in shoot count here as these were planted in May.",NA,"JSP_mid_AG4__2017-05-25__staple__DPW","JSP_mid_AG4",2017-05-25,"staple","DPW","bese__DNR__unspecified","test","point",1,1,1,0.008,0.015,3,12,12,1500,"Biodegradable ecosystem engineering elements (BESE) for Marjolijn Christianen, Wageningen University & Research, Netherlands. Overall area was 1 m2. Actual was 0.1 m2 (10 x 10 cm area in center of BESE. 3 planting units with 4 shoots each. DuPont Wharf shoots.","match","no_match","match","match"
"230","Joemma Beach State Park","Joemma Beach State Park Mid - DNR - BESE - AG - 4 - 2017","CPS","0",2017-05-25,"8.0000000000000002E-3",12,"DNR",2017-12-04,"present","staple",8,NA,NA,193,0.666666666666667,"DNR snorkel monitoring. Canopy height recorded. Did not measure rhizome extension to estimate status area.",NA,"JSP_mid_AG4__2017-05-25__staple__DPW","JSP_mid_AG4",2017-05-25,"staple","DPW","bese__DNR__unspecified","test","point",1,1,1,0.008,0.015,3,12,12,1500,"Biodegradable ecosystem engineering elements (BESE) for Marjolijn Christianen, Wageningen University & Research, Netherlands. Overall area was 1 m2. Actual was 0.1 m2 (10 x 10 cm area in center of BESE. 3 planting units with 4 shoots each. DuPont Wharf shoots.","match","no_match","match","match"
"231","Joemma Beach State Park","Joemma Beach State Park Mid - DNR - BESE - AG - 4 - 2017","CPS","0",2017-05-25,"8.0000000000000002E-3",12,"DNR",2018-01-30,"present","staple",10,0.0314,318.471337579618,250,0.833333333333333,"DNR snorkel monitoring. Canopy height also recorded. Status area calculated as area of circle based on diameter measured. A= (pi)r2. 20 cm circle of plants = 3.14*(10)^2.",NA,"JSP_mid_AG4__2017-05-25__staple__DPW","JSP_mid_AG4",2017-05-25,"staple","DPW","bese__DNR__unspecified","test","point",1,1,1,0.008,0.015,3,12,12,1500,"Biodegradable ecosystem engineering elements (BESE) for Marjolijn Christianen, Wageningen University & Research, Netherlands. Overall area was 1 m2. Actual was 0.1 m2 (10 x 10 cm area in center of BESE. 3 planting units with 4 shoots each. DuPont Wharf shoots.","match","no_match","match","match"
"232","Joemma Beach State Park","Joemma Beach State Park Mid - DNR - BESE - AG - 4 - 2017","CPS","0",2017-05-25,"8.0000000000000002E-3",12,"DNR",2018-05-15,"present","staple",8,0.0415265,192.648068101092,355,0.666666666666667,"DNR snorkel monitoring. Canopy height recorded. Status area calculated as area of circle based on diameter measured. A= (pi)r2. 20 cm circle of plants = 3.14*(10)^2",NA,"JSP_mid_AG4__2017-05-25__staple__DPW","JSP_mid_AG4",2017-05-25,"staple","DPW","bese__DNR__unspecified","test","point",1,1,1,0.008,0.015,3,12,12,1500,"Biodegradable ecosystem engineering elements (BESE) for Marjolijn Christianen, Wageningen University & Research, Netherlands. Overall area was 1 m2. Actual was 0.1 m2 (10 x 10 cm area in center of BESE. 3 planting units with 4 shoots each. DuPont Wharf shoots.","match","no_match","match","match"
"233","Joemma Beach State Park","Joemma Beach State Park Mid - DNR - BESE - AG - 4 - 2017","CPS","0",2017-05-25,"8.0000000000000002E-3",12,"DNR",2018-07-11,"present","staple",3,0.015386,194.982451579358,412,0.25,"DNR snorkel monitoring. Canopy height also recorded. Status area calculated as area of circle based on diameter measured. A= (pi)r2. 20 cm circle of plants = 3.14*(10)^2",NA,"JSP_mid_AG4__2017-05-25__staple__DPW","JSP_mid_AG4",2017-05-25,"staple","DPW","bese__DNR__unspecified","test","point",1,1,1,0.008,0.015,3,12,12,1500,"Biodegradable ecosystem engineering elements (BESE) for Marjolijn Christianen, Wageningen University & Research, Netherlands. Overall area was 1 m2. Actual was 0.1 m2 (10 x 10 cm area in center of BESE. 3 planting units with 4 shoots each. DuPont Wharf shoots.","match","no_match","match","match"
"234","Joemma Beach State Park","Joemma Beach State Park Mid - DNR - BESE - AG - 4 - 2017","CPS","0",2017-05-25,"8.0000000000000002E-3",12,"DNR",2018-08-08,"present","staple",2,0.00785,254.777070063694,440,0.166666666666667,"DNR snorkel monitoring. Canopy height also recorded. Status area calculated as area of circle based on diameter measured. A= (pi)r2. 20 cm circle of plants = 3.14*(10)^2",NA,"JSP_mid_AG4__2017-05-25__staple__DPW","JSP_mid_AG4",2017-05-25,"staple","DPW","bese__DNR__unspecified","test","point",1,1,1,0.008,0.015,3,12,12,1500,"Biodegradable ecosystem engineering elements (BESE) for Marjolijn Christianen, Wageningen University & Research, Netherlands. Overall area was 1 m2. Actual was 0.1 m2 (10 x 10 cm area in center of BESE. 3 planting units with 4 shoots each. DuPont Wharf shoots.","match","no_match","match","match"
"235","Joemma Beach State Park","Joemma Beach State Park Mid - DNR - BESE - AG - 4 - 2017","CPS","0",2017-05-25,"8.0000000000000002E-3",12,"DNR",2019-07-30,"absent","staple",0,NA,NA,796,0,NA,NA,"JSP_mid_AG4__2017-05-25__staple__DPW","JSP_mid_AG4",2017-05-25,"staple","DPW","bese__DNR__unspecified","test","point",1,1,1,0.008,0.015,3,12,12,1500,"Biodegradable ecosystem engineering elements (BESE) for Marjolijn Christianen, Wageningen University & Research, Netherlands. Overall area was 1 m2. Actual was 0.1 m2 (10 x 10 cm area in center of BESE. 3 planting units with 4 shoots each. DuPont Wharf shoots.","match","no_match","match","match"
"236","Joemma Beach State Park","Joemma Beach State Park Mid - DNR - BESE - AG - 4 - 2017","CPS","0",2017-05-25,"8.0000000000000002E-3",12,"DNR",2020-07-21,"absent","staple",0,NA,NA,1153,0,NA,NA,"JSP_mid_AG4__2017-05-25__staple__DPW","JSP_mid_AG4",2017-05-25,"staple","DPW","bese__DNR__unspecified","test","point",1,1,1,0.008,0.015,3,12,12,1500,"Biodegradable ecosystem engineering elements (BESE) for Marjolijn Christianen, Wageningen University & Research, Netherlands. Overall area was 1 m2. Actual was 0.1 m2 (10 x 10 cm area in center of BESE. 3 planting units with 4 shoots each. DuPont Wharf shoots.","match","no_match","match","match"
"237","Joemma Beach State Park","Joemma Beach State Park Mid - DNR - BESE - BG - 1 - 2017","CPS","0",2017-05-25,"8.0000000000000002E-3",12,"DNR",2017-05-28,"present","staple",11,0.008,1375,3,0.916666666666667,"DNR snorkel monitoring. Canopy height also recorded. Reproductive shoots listed on data sheet are not included in shoot count as these were planted 3 days earlier.",NA,"JSP_mid_BG1__2017-05-25__staple__DPW","JSP_mid_BG1",2017-05-25,"staple","DPW","bese__DNR__unspecified","test","point",1,1,1,0.008,0.015,3,12,12,1500,"Biodegradable ecosystem engineering elements (BESE) for Marjolijn Christianen, Wageningen University & Research, Netherlands. Overall area was 1 m2. Actual was 0.1 m2 (10 x 10 cm area in center of BESE. 3 planting units with 4 shoots each. DuPont Wharf shoots.","match","no_match","match","match"
"238","Joemma Beach State Park","Joemma Beach State Park Mid - DNR - BESE - BG - 1 - 2017","CPS","0",2017-05-25,"8.0000000000000002E-3",12,"DNR",2017-07-22,"present","staple",16,0.008,2000,58,1.33333333333333,"DNR snorkel monitoring. Canopy height also recorded. Reproductive shoots listed on data sheet are not included in shoot count here as these were planted in May.",NA,"JSP_mid_BG1__2017-05-25__staple__DPW","JSP_mid_BG1",2017-05-25,"staple","DPW","bese__DNR__unspecified","test","point",1,1,1,0.008,0.015,3,12,12,1500,"Biodegradable ecosystem engineering elements (BESE) for Marjolijn Christianen, Wageningen University & Research, Netherlands. Overall area was 1 m2. Actual was 0.1 m2 (10 x 10 cm area in center of BESE. 3 planting units with 4 shoots each. DuPont Wharf shoots.","match","no_match","match","match"
"239","Joemma Beach State Park","Joemma Beach State Park Mid - DNR - BESE - BG - 1 - 2017","CPS","0",2017-05-25,"8.0000000000000002E-3",12,"DNR",2017-08-20,"present","staple",25,0.0314,796.178343949045,87,2.08333333333333,"DNR snorkel monitoring. Canopy height also recorded. Status area calculated as area of circle based on diameter measured. A= (pi)r2. 20 cm circle of plants = 3.14*(10)^2. Reproductive shoots listed on data sheet are not included in shoot count here as these were planted in May.",NA,"JSP_mid_BG1__2017-05-25__staple__DPW","JSP_mid_BG1",2017-05-25,"staple","DPW","bese__DNR__unspecified","test","point",1,1,1,0.008,0.015,3,12,12,1500,"Biodegradable ecosystem engineering elements (BESE) for Marjolijn Christianen, Wageningen University & Research, Netherlands. Overall area was 1 m2. Actual was 0.1 m2 (10 x 10 cm area in center of BESE. 3 planting units with 4 shoots each. DuPont Wharf shoots.","match","no_match","match","match"
"240","Joemma Beach State Park","Joemma Beach State Park Mid - DNR - BESE - BG - 1 - 2017","CPS","0",2017-05-25,"8.0000000000000002E-3",12,"DNR",2017-12-04,"present","staple",66,NA,NA,193,5.5,"DNR snorkel monitoring. Canopy height recorded. Did not measure rhizome extension to estimate status area.",NA,"JSP_mid_BG1__2017-05-25__staple__DPW","JSP_mid_BG1",2017-05-25,"staple","DPW","bese__DNR__unspecified","test","point",1,1,1,0.008,0.015,3,12,12,1500,"Biodegradable ecosystem engineering elements (BESE) for Marjolijn Christianen, Wageningen University & Research, Netherlands. Overall area was 1 m2. Actual was 0.1 m2 (10 x 10 cm area in center of BESE. 3 planting units with 4 shoots each. DuPont Wharf shoots.","match","no_match","match","match"
"241","Joemma Beach State Park","Joemma Beach State Park Mid - DNR - BESE - BG - 1 - 2017","CPS","0",2017-05-25,"8.0000000000000002E-3",12,"DNR",2018-01-30,"present","staple",61,0.090746,672.205937451788,250,5.08333333333333,"DNR snorkel monitoring. Canopy height also recorded. Status area calculated as area of circle based on diameter measured. A= (pi)r2. 20 cm circle of plants = 3.14*(10)^2.",NA,"JSP_mid_BG1__2017-05-25__staple__DPW","JSP_mid_BG1",2017-05-25,"staple","DPW","bese__DNR__unspecified","test","point",1,1,1,0.008,0.015,3,12,12,1500,"Biodegradable ecosystem engineering elements (BESE) for Marjolijn Christianen, Wageningen University & Research, Netherlands. Overall area was 1 m2. Actual was 0.1 m2 (10 x 10 cm area in center of BESE. 3 planting units with 4 shoots each. DuPont Wharf shoots.","match","no_match","match","match"
"242","Joemma Beach State Park","Joemma Beach State Park Mid - DNR - BESE - BG - 1 - 2017","CPS","0",2017-05-25,"8.0000000000000002E-3",12,"DNR",2018-05-15,"present","staple",46,0.0785,585.987261146497,355,3.83333333333333,"DNR snorkel monitoring. Canopy height recorded. Status area calculated as area of ellipse based the X and Y of vegetated area measured. A = (pi)ab, where a= radius of one axis, b = radias of other axis.",NA,"JSP_mid_BG1__2017-05-25__staple__DPW","JSP_mid_BG1",2017-05-25,"staple","DPW","bese__DNR__unspecified","test","point",1,1,1,0.008,0.015,3,12,12,1500,"Biodegradable ecosystem engineering elements (BESE) for Marjolijn Christianen, Wageningen University & Research, Netherlands. Overall area was 1 m2. Actual was 0.1 m2 (10 x 10 cm area in center of BESE. 3 planting units with 4 shoots each. DuPont Wharf shoots.","match","no_match","match","match"
"243","Joemma Beach State Park","Joemma Beach State Park Mid - DNR - BESE - BG - 1 - 2017","CPS","0",2017-05-25,"8.0000000000000002E-3",12,"DNR",2018-07-11,"present","staple",8,0.1074665,74.4418027943592,412,0.666666666666667,"DNR snorkel monitoring. Canopy height also recorded. Status area calculated as area of circle based on diameter measured. A= (pi)r2. 20 cm circle of plants = 3.14*(10)^2",NA,"JSP_mid_BG1__2017-05-25__staple__DPW","JSP_mid_BG1",2017-05-25,"staple","DPW","bese__DNR__unspecified","test","point",1,1,1,0.008,0.015,3,12,12,1500,"Biodegradable ecosystem engineering elements (BESE) for Marjolijn Christianen, Wageningen University & Research, Netherlands. Overall area was 1 m2. Actual was 0.1 m2 (10 x 10 cm area in center of BESE. 3 planting units with 4 shoots each. DuPont Wharf shoots.","match","no_match","match","match"
"244","Joemma Beach State Park","Joemma Beach State Park Mid - DNR - BESE - BG - 1 - 2017","CPS","0",2017-05-25,"8.0000000000000002E-3",12,"DNR",2018-08-08,"absent","staple",0,NA,NA,440,0,NA,NA,"JSP_mid_BG1__2017-05-25__staple__DPW","JSP_mid_BG1",2017-05-25,"staple","DPW","bese__DNR__unspecified","test","point",1,1,1,0.008,0.015,3,12,12,1500,"Biodegradable ecosystem engineering elements (BESE) for Marjolijn Christianen, Wageningen University & Research, Netherlands. Overall area was 1 m2. Actual was 0.1 m2 (10 x 10 cm area in center of BESE. 3 planting units with 4 shoots each. DuPont Wharf shoots.","match","no_match","match","match"
"245","Joemma Beach State Park","Joemma Beach State Park Mid - DNR - BESE - BG - 1 - 2017","CPS","0",2017-05-25,"8.0000000000000002E-3",12,"DNR",2019-07-30,"absent","staple",0,NA,NA,796,0,NA,NA,"JSP_mid_BG1__2017-05-25__staple__DPW","JSP_mid_BG1",2017-05-25,"staple","DPW","bese__DNR__unspecified","test","point",1,1,1,0.008,0.015,3,12,12,1500,"Biodegradable ecosystem engineering elements (BESE) for Marjolijn Christianen, Wageningen University & Research, Netherlands. Overall area was 1 m2. Actual was 0.1 m2 (10 x 10 cm area in center of BESE. 3 planting units with 4 shoots each. DuPont Wharf shoots.","match","no_match","match","match"
"246","Joemma Beach State Park","Joemma Beach State Park Mid - DNR - BESE - BG - 1 - 2017","CPS","0",2017-05-25,"8.0000000000000002E-3",12,"DNR",2020-07-21,"absent","staple",0,NA,NA,1153,0,NA,NA,"JSP_mid_BG1__2017-05-25__staple__DPW","JSP_mid_BG1",2017-05-25,"staple","DPW","bese__DNR__unspecified","test","point",1,1,1,0.008,0.015,3,12,12,1500,"Biodegradable ecosystem engineering elements (BESE) for Marjolijn Christianen, Wageningen University & Research, Netherlands. Overall area was 1 m2. Actual was 0.1 m2 (10 x 10 cm area in center of BESE. 3 planting units with 4 shoots each. DuPont Wharf shoots.","match","no_match","match","match"
"247","Joemma Beach State Park","Joemma Beach State Park Mid - DNR - BESE - BG - 2 - 2017","CPS","0",2017-05-25,"8.0000000000000002E-3",12,"DNR",2017-05-28,"present","staple",12,0.008,1500,3,1,"DNR snorkel monitoring. Canopy height also recorded. Reproductive shoots listed on data sheet are not included in shoot count as these were planted 3 days earlier.",NA,"JSP_mid_BG2__2017-05-25__staple__DPW","JSP_mid_BG2",2017-05-25,"staple","DPW","bese__DNR__unspecified","test","point",1,1,1,0.008,0.015,3,12,12,1500,"Biodegradable ecosystem engineering elements (BESE) for Marjolijn Christianen, Wageningen University & Research, Netherlands. Overall area was 1 m2. Actual was 0.1 m2 (10 x 10 cm area in center of BESE. 3 planting units with 4 shoots each. DuPont Wharf shoots.","match","no_match","match","match"
"248","Joemma Beach State Park","Joemma Beach State Park Mid - DNR - BESE - BG - 2 - 2017","CPS","0",2017-05-25,"8.0000000000000002E-3",12,"DNR",2017-07-22,"present","staple",17,0.008,2125,58,1.41666666666667,"DNR snorkel monitoring. Canopy height also recorded. Reproductive shoots listed on data sheet are not included in shoot count here as these were planted in May.",NA,"JSP_mid_BG2__2017-05-25__staple__DPW","JSP_mid_BG2",2017-05-25,"staple","DPW","bese__DNR__unspecified","test","point",1,1,1,0.008,0.015,3,12,12,1500,"Biodegradable ecosystem engineering elements (BESE) for Marjolijn Christianen, Wageningen University & Research, Netherlands. Overall area was 1 m2. Actual was 0.1 m2 (10 x 10 cm area in center of BESE. 3 planting units with 4 shoots each. DuPont Wharf shoots.","match","no_match","match","match"
"249","Joemma Beach State Park","Joemma Beach State Park Mid - DNR - BESE - BG - 2 - 2017","CPS","0",2017-05-25,"8.0000000000000002E-3",12,"DNR",2017-08-20,"present","staple",29,0.04906,591.112922951488,87,2.41666666666667,"DNR snorkel monitoring. Canopy height also recorded. Reproductive shoots listed on data sheet are not included in shoot count here as these were planted in May.",NA,"JSP_mid_BG2__2017-05-25__staple__DPW","JSP_mid_BG2",2017-05-25,"staple","DPW","bese__DNR__unspecified","test","point",1,1,1,0.008,0.015,3,12,12,1500,"Biodegradable ecosystem engineering elements (BESE) for Marjolijn Christianen, Wageningen University & Research, Netherlands. Overall area was 1 m2. Actual was 0.1 m2 (10 x 10 cm area in center of BESE. 3 planting units with 4 shoots each. DuPont Wharf shoots.","match","no_match","match","match"
"250","Joemma Beach State Park","Joemma Beach State Park Mid - DNR - BESE - BG - 2 - 2017","CPS","0",2017-05-25,"8.0000000000000002E-3",12,"DNR",2017-12-04,"present","staple",71,NA,NA,193,5.91666666666667,"DNR snorkel monitoring. Canopy height recorded. Did not measure rhizome extension to estimate status area.",NA,"JSP_mid_BG2__2017-05-25__staple__DPW","JSP_mid_BG2",2017-05-25,"staple","DPW","bese__DNR__unspecified","test","point",1,1,1,0.008,0.015,3,12,12,1500,"Biodegradable ecosystem engineering elements (BESE) for Marjolijn Christianen, Wageningen University & Research, Netherlands. Overall area was 1 m2. Actual was 0.1 m2 (10 x 10 cm area in center of BESE. 3 planting units with 4 shoots each. DuPont Wharf shoots.","match","no_match","match","match"
"251","Joemma Beach State Park","Joemma Beach State Park Mid - DNR - BESE - BG - 2 - 2017","CPS","0",2017-05-25,"8.0000000000000002E-3",12,"DNR",2018-01-30,"present","staple",23,0.228906,100.477925436642,250,1.91666666666667,"DNR snorkel monitoring. Canopy height also recorded. Status area calculated as area of circle based on diameter measured. A= (pi)r2. 20 cm circle of plants = 3.14*(10)^2.",NA,"JSP_mid_BG2__2017-05-25__staple__DPW","JSP_mid_BG2",2017-05-25,"staple","DPW","bese__DNR__unspecified","test","point",1,1,1,0.008,0.015,3,12,12,1500,"Biodegradable ecosystem engineering elements (BESE) for Marjolijn Christianen, Wageningen University & Research, Netherlands. Overall area was 1 m2. Actual was 0.1 m2 (10 x 10 cm area in center of BESE. 3 planting units with 4 shoots each. DuPont Wharf shoots.","match","no_match","match","match"
"252","Joemma Beach State Park","Joemma Beach State Park Mid - DNR - BESE - BG - 2 - 2017","CPS","0",2017-05-25,"8.0000000000000002E-3",12,"DNR",2018-05-15,"present","staple",27,0.39564,68.2438580527753,355,2.25,"DNR snorkel monitoring. Canopy height recorded. Status area calculated as area of ellipse based the X and Y of vegetated area measured. A = (pi)ab, where a= radius of one axis, b = radias of other axis.",NA,"JSP_mid_BG2__2017-05-25__staple__DPW","JSP_mid_BG2",2017-05-25,"staple","DPW","bese__DNR__unspecified","test","point",1,1,1,0.008,0.015,3,12,12,1500,"Biodegradable ecosystem engineering elements (BESE) for Marjolijn Christianen, Wageningen University & Research, Netherlands. Overall area was 1 m2. Actual was 0.1 m2 (10 x 10 cm area in center of BESE. 3 planting units with 4 shoots each. DuPont Wharf shoots.","match","no_match","match","match"
"253","Joemma Beach State Park","Joemma Beach State Park Mid - DNR - BESE - BG - 2 - 2017","CPS","0",2017-05-25,"8.0000000000000002E-3",12,"DNR",2018-07-11,"present","staple",2,0.1589625,12.5815837068491,412,0.166666666666667,"DNR snorkel monitoring. Canopy height also recorded. Status area calculated as area of circle based on diameter measured. A= (pi)r2. 20 cm circle of plants = 3.14*(10)^2",NA,"JSP_mid_BG2__2017-05-25__staple__DPW","JSP_mid_BG2",2017-05-25,"staple","DPW","bese__DNR__unspecified","test","point",1,1,1,0.008,0.015,3,12,12,1500,"Biodegradable ecosystem engineering elements (BESE) for Marjolijn Christianen, Wageningen University & Research, Netherlands. Overall area was 1 m2. Actual was 0.1 m2 (10 x 10 cm area in center of BESE. 3 planting units with 4 shoots each. DuPont Wharf shoots.","match","no_match","match","match"
"254","Joemma Beach State Park","Joemma Beach State Park Mid - DNR - BESE - BG - 2 - 2017","CPS","0",2017-05-25,"8.0000000000000002E-3",12,"DNR",2018-08-08,"absent","staple",0,NA,NA,440,0,NA,NA,"JSP_mid_BG2__2017-05-25__staple__DPW","JSP_mid_BG2",2017-05-25,"staple","DPW","bese__DNR__unspecified","test","point",1,1,1,0.008,0.015,3,12,12,1500,"Biodegradable ecosystem engineering elements (BESE) for Marjolijn Christianen, Wageningen University & Research, Netherlands. Overall area was 1 m2. Actual was 0.1 m2 (10 x 10 cm area in center of BESE. 3 planting units with 4 shoots each. DuPont Wharf shoots.","match","no_match","match","match"
"255","Joemma Beach State Park","Joemma Beach State Park Mid - DNR - BESE - BG - 2 - 2017","CPS","0",2017-05-25,"8.0000000000000002E-3",12,"DNR",2019-07-30,"absent","staple",0,NA,NA,796,0,NA,NA,"JSP_mid_BG2__2017-05-25__staple__DPW","JSP_mid_BG2",2017-05-25,"staple","DPW","bese__DNR__unspecified","test","point",1,1,1,0.008,0.015,3,12,12,1500,"Biodegradable ecosystem engineering elements (BESE) for Marjolijn Christianen, Wageningen University & Research, Netherlands. Overall area was 1 m2. Actual was 0.1 m2 (10 x 10 cm area in center of BESE. 3 planting units with 4 shoots each. DuPont Wharf shoots.","match","no_match","match","match"
"256","Joemma Beach State Park","Joemma Beach State Park Mid - DNR - BESE - BG - 2 - 2017","CPS","0",2017-05-25,"8.0000000000000002E-3",12,"DNR",2020-07-21,"absent","staple",0,NA,NA,1153,0,NA,NA,"JSP_mid_BG2__2017-05-25__staple__DPW","JSP_mid_BG2",2017-05-25,"staple","DPW","bese__DNR__unspecified","test","point",1,1,1,0.008,0.015,3,12,12,1500,"Biodegradable ecosystem engineering elements (BESE) for Marjolijn Christianen, Wageningen University & Research, Netherlands. Overall area was 1 m2. Actual was 0.1 m2 (10 x 10 cm area in center of BESE. 3 planting units with 4 shoots each. DuPont Wharf shoots.","match","no_match","match","match"
"257","Joemma Beach State Park","Joemma Beach State Park Mid - DNR - BESE - BG - 3 - 2017","CPS","0",2017-05-25,"8.0000000000000002E-3",12,"DNR",2017-05-28,"present","staple",9,0.008,1125,3,0.75,"DNR snorkel monitoring. Canopy height also recorded. Reproductive shoots listed on data sheet are not included in shoot count as these were planted 3 days earlier.",NA,"JSP_mid_BG3__2017-05-25__staple__DPW","JSP_mid_BG3",2017-05-25,"staple","DPW","bese__DNR__unspecified","test","point",1,1,1,0.008,0.015,3,12,12,1500,"Biodegradable ecosystem engineering elements (BESE) for Marjolijn Christianen, Wageningen University & Research, Netherlands. Overall area was 1 m2. Actual was 0.1 m2 (10 x 10 cm area in center of BESE. 3 planting units with 4 shoots each. DuPont Wharf shoots.","match","no_match","match","match"
"258","Joemma Beach State Park","Joemma Beach State Park Mid - DNR - BESE - BG - 3 - 2017","CPS","0",2017-05-25,"8.0000000000000002E-3",12,"DNR",2017-07-22,"present","staple",12,0.008,1500,58,1,"DNR snorkel monitoring. Canopy height also recorded. Reproductive shoots listed on data sheet are not included in shoot count here as these were planted in May.",NA,"JSP_mid_BG3__2017-05-25__staple__DPW","JSP_mid_BG3",2017-05-25,"staple","DPW","bese__DNR__unspecified","test","point",1,1,1,0.008,0.015,3,12,12,1500,"Biodegradable ecosystem engineering elements (BESE) for Marjolijn Christianen, Wageningen University & Research, Netherlands. Overall area was 1 m2. Actual was 0.1 m2 (10 x 10 cm area in center of BESE. 3 planting units with 4 shoots each. DuPont Wharf shoots.","match","no_match","match","match"
"259","Joemma Beach State Park","Joemma Beach State Park Mid - DNR - BESE - BG - 3 - 2017","CPS","0",2017-05-25,"8.0000000000000002E-3",12,"DNR",2017-08-20,"present","staple",22,0.05307,414.546824948182,87,1.83333333333333,"DNR snorkel monitoring. Canopy height also recorded. Reproductive shoots listed on data sheet are not included in shoot count here as these were planted in May.",NA,"JSP_mid_BG3__2017-05-25__staple__DPW","JSP_mid_BG3",2017-05-25,"staple","DPW","bese__DNR__unspecified","test","point",1,1,1,0.008,0.015,3,12,12,1500,"Biodegradable ecosystem engineering elements (BESE) for Marjolijn Christianen, Wageningen University & Research, Netherlands. Overall area was 1 m2. Actual was 0.1 m2 (10 x 10 cm area in center of BESE. 3 planting units with 4 shoots each. DuPont Wharf shoots.","match","no_match","match","match"
"260","Joemma Beach State Park","Joemma Beach State Park Mid - DNR - BESE - BG - 3 - 2017","CPS","0",2017-05-25,"8.0000000000000002E-3",12,"DNR",2017-12-04,"present","staple",36,NA,NA,193,3,"DNR snorkel monitoring. Canopy height recorded. Did not measure rhizome extension to estimate status area.",NA,"JSP_mid_BG3__2017-05-25__staple__DPW","JSP_mid_BG3",2017-05-25,"staple","DPW","bese__DNR__unspecified","test","point",1,1,1,0.008,0.015,3,12,12,1500,"Biodegradable ecosystem engineering elements (BESE) for Marjolijn Christianen, Wageningen University & Research, Netherlands. Overall area was 1 m2. Actual was 0.1 m2 (10 x 10 cm area in center of BESE. 3 planting units with 4 shoots each. DuPont Wharf shoots.","match","no_match","match","match"
"261","Joemma Beach State Park","Joemma Beach State Park Mid - DNR - BESE - BG - 3 - 2017","CPS","0",2017-05-25,"8.0000000000000002E-3",12,"DNR",2018-01-30,"present","staple",24,0.0490625,489.171974522293,250,2,"DNR snorkel monitoring. Canopy height also recorded. Status area calculated as area of circle based on diameter measured. A= (pi)r2. 20 cm circle of plants = 3.14*(10)^2.",NA,"JSP_mid_BG3__2017-05-25__staple__DPW","JSP_mid_BG3",2017-05-25,"staple","DPW","bese__DNR__unspecified","test","point",1,1,1,0.008,0.015,3,12,12,1500,"Biodegradable ecosystem engineering elements (BESE) for Marjolijn Christianen, Wageningen University & Research, Netherlands. Overall area was 1 m2. Actual was 0.1 m2 (10 x 10 cm area in center of BESE. 3 planting units with 4 shoots each. DuPont Wharf shoots.","match","no_match","match","match"
"262","Joemma Beach State Park","Joemma Beach State Park Mid - DNR - BESE - BG - 3 - 2017","CPS","0",2017-05-25,"8.0000000000000002E-3",12,"DNR",2018-05-15,"present","staple",67,0.37366,179.307391746508,355,5.58333333333333,"DNR snorkel monitoring. Canopy height recorded. Status area calculated as area of ellipse based the X and Y of vegetated area measured. A = (pi)ab, where a= radius of one axis, b = radias of other axis. This plot had 64 terminal shoots and 3 reproductive shoots for a total of 67 shoots. Including reproductive shoots here because 1 year after transplanting.",NA,"JSP_mid_BG3__2017-05-25__staple__DPW","JSP_mid_BG3",2017-05-25,"staple","DPW","bese__DNR__unspecified","test","point",1,1,1,0.008,0.015,3,12,12,1500,"Biodegradable ecosystem engineering elements (BESE) for Marjolijn Christianen, Wageningen University & Research, Netherlands. Overall area was 1 m2. Actual was 0.1 m2 (10 x 10 cm area in center of BESE. 3 planting units with 4 shoots each. DuPont Wharf shoots.","match","no_match","match","match"
"263","Joemma Beach State Park","Joemma Beach State Park Mid - DNR - BESE - BG - 3 - 2017","CPS","0",2017-05-25,"8.0000000000000002E-3",12,"DNR",2018-07-11,"present","staple",89,0.517001,172.146668961956,412,7.41666666666667,"DNR snorkel monitoring. Canopy height recorded. Status area calculated as area of ellipse based the X and Y of vegetated area measured. A = (pi)ab, where a= radius of one axis, b = radias of other axis. This plot had 85 terminal shoots and 4 reproductive shoots for a total of 89 shoots. Including reproductive shoots this time because sampling is 1 year after transplanting.",NA,"JSP_mid_BG3__2017-05-25__staple__DPW","JSP_mid_BG3",2017-05-25,"staple","DPW","bese__DNR__unspecified","test","point",1,1,1,0.008,0.015,3,12,12,1500,"Biodegradable ecosystem engineering elements (BESE) for Marjolijn Christianen, Wageningen University & Research, Netherlands. Overall area was 1 m2. Actual was 0.1 m2 (10 x 10 cm area in center of BESE. 3 planting units with 4 shoots each. DuPont Wharf shoots.","match","no_match","match","match"
"264","Joemma Beach State Park","Joemma Beach State Park Mid - DNR - BESE - BG - 3 - 2017","CPS","0",2017-05-25,"8.0000000000000002E-3",12,"DNR",2018-08-08,"present","staple",110,0.4082,269.475747182754,440,9.16666666666667,"DNR snorkel monitoring. Canopy height recorded. Status area calculated as area of ellipse based on the X and Y of vegetated area measured. A = (pi)ab, where a= radius of one axis, b = radias of other axis. This plot had 106 terminal shoots and 4 reproductive shoots for a total of 110 shoots. Including reproductive shoots this time because sampling is 1 year after transplanting.",NA,"JSP_mid_BG3__2017-05-25__staple__DPW","JSP_mid_BG3",2017-05-25,"staple","DPW","bese__DNR__unspecified","test","point",1,1,1,0.008,0.015,3,12,12,1500,"Biodegradable ecosystem engineering elements (BESE) for Marjolijn Christianen, Wageningen University & Research, Netherlands. Overall area was 1 m2. Actual was 0.1 m2 (10 x 10 cm area in center of BESE. 3 planting units with 4 shoots each. DuPont Wharf shoots.","match","no_match","match","match"
"265","Joemma Beach State Park","Joemma Beach State Park Mid - DNR - BESE - BG - 3 - 2017","CPS","0",2017-05-25,"8.0000000000000002E-3",12,"DNR",2019-07-30,"present","staple",374,2.983,125.377137110292,796,31.1666666666667,"DNR snorkel monitoring. Canopy height recorded. Status area calculated as area of ellipse based the X and Y of vegetated area measured. A = (pi)ab, where a= radius of one axis, b = radias of other axis. This plot had 369 terminal shoots and 5 reproductive shoots for a total of 374 shoots. Including reproductive shoots this time because sampling is 1 year after transplanting.",NA,"JSP_mid_BG3__2017-05-25__staple__DPW","JSP_mid_BG3",2017-05-25,"staple","DPW","bese__DNR__unspecified","test","point",1,1,1,0.008,0.015,3,12,12,1500,"Biodegradable ecosystem engineering elements (BESE) for Marjolijn Christianen, Wageningen University & Research, Netherlands. Overall area was 1 m2. Actual was 0.1 m2 (10 x 10 cm area in center of BESE. 3 planting units with 4 shoots each. DuPont Wharf shoots.","match","no_match","match","match"
"266","Joemma Beach State Park","Joemma Beach State Park Mid - DNR - BESE - BG - 3 - 2017","CPS","0",2017-05-25,"8.0000000000000002E-3",12,"DNR",2020-07-21,"present","staple",NA,NA,NA,1153,NA,"DNR snorkel monitoring. Canopy height recorded. Status area calculated as area of ellipse based the X and Y of vegetated area measured. A = (pi)ab, where a= radius of one axis, b = radias of other axis. This plot had 369 terminal shoots and 5 reproductive shoots for a total of 374 shoots. Including reproductive shoots this time because sampling is 1 year after transplanting.",NA,"JSP_mid_BG3__2017-05-25__staple__DPW","JSP_mid_BG3",2017-05-25,"staple","DPW","bese__DNR__unspecified","test","point",1,1,1,0.008,0.015,3,12,12,1500,"Biodegradable ecosystem engineering elements (BESE) for Marjolijn Christianen, Wageningen University & Research, Netherlands. Overall area was 1 m2. Actual was 0.1 m2 (10 x 10 cm area in center of BESE. 3 planting units with 4 shoots each. DuPont Wharf shoots.","match","no_match","match","match"
"267","Joemma Beach State Park","Joemma Beach State Park Mid - DNR - BESE - BG - 4 - 2017","CPS","0",2017-05-25,"8.0000000000000002E-3",12,"DNR",2017-05-28,"present","staple",8,0.008,1000,3,0.666666666666667,"DNR snorkel monitoring. Canopy height also recorded. Reproductive shoots listed on data sheet are not included in shoot count as these were planted 3 days earlier.",NA,"JSP_mid_BG4__2017-05-25__staple__DPW","JSP_mid_BG4",2017-05-25,"staple","DPW","bese__DNR__unspecified","test","point",1,1,1,0.008,0.015,3,12,12,1500,"Biodegradable ecosystem engineering elements (BESE) for Marjolijn Christianen, Wageningen University & Research, Netherlands. Overall area was 1 m2. Actual was 0.1 m2 (10 x 10 cm area in center of BESE. 3 planting units with 4 shoots each. DuPont Wharf shoots.","match","no_match","match","match"
"268","Joemma Beach State Park","Joemma Beach State Park Mid - DNR - BESE - BG - 4 - 2017","CPS","0",2017-05-25,"8.0000000000000002E-3",12,"DNR",2017-07-22,"present","staple",18,0.008,2250,58,1.5,"DNR snorkel monitoring. Canopy height also recorded. Reproductive shoots listed on data sheet are not included in shoot count here as these were planted in May.",NA,"JSP_mid_BG4__2017-05-25__staple__DPW","JSP_mid_BG4",2017-05-25,"staple","DPW","bese__DNR__unspecified","test","point",1,1,1,0.008,0.015,3,12,12,1500,"Biodegradable ecosystem engineering elements (BESE) for Marjolijn Christianen, Wageningen University & Research, Netherlands. Overall area was 1 m2. Actual was 0.1 m2 (10 x 10 cm area in center of BESE. 3 planting units with 4 shoots each. DuPont Wharf shoots.","match","no_match","match","match"
"269","Joemma Beach State Park","Joemma Beach State Park Mid - DNR - BESE - BG - 4 - 2017","CPS","0",2017-05-25,"8.0000000000000002E-3",12,"DNR",2017-08-20,"present","staple",34,0.15198,223.713646532438,87,2.83333333333333,"DNR snorkel monitoring. Canopy height also recorded. Reproductive shoots listed on data sheet are not included in shoot count here as these were planted in May.",NA,"JSP_mid_BG4__2017-05-25__staple__DPW","JSP_mid_BG4",2017-05-25,"staple","DPW","bese__DNR__unspecified","test","point",1,1,1,0.008,0.015,3,12,12,1500,"Biodegradable ecosystem engineering elements (BESE) for Marjolijn Christianen, Wageningen University & Research, Netherlands. Overall area was 1 m2. Actual was 0.1 m2 (10 x 10 cm area in center of BESE. 3 planting units with 4 shoots each. DuPont Wharf shoots.","match","no_match","match","match"
"270","Joemma Beach State Park","Joemma Beach State Park Mid - DNR - BESE - BG - 4 - 2017","CPS","0",2017-05-25,"8.0000000000000002E-3",12,"DNR",2017-12-04,"present","staple",95,NA,NA,193,7.91666666666667,"DNR snorkel monitoring. Canopy height recorded. Did not measure rhizome extension to estimate status area.",NA,"JSP_mid_BG4__2017-05-25__staple__DPW","JSP_mid_BG4",2017-05-25,"staple","DPW","bese__DNR__unspecified","test","point",1,1,1,0.008,0.015,3,12,12,1500,"Biodegradable ecosystem engineering elements (BESE) for Marjolijn Christianen, Wageningen University & Research, Netherlands. Overall area was 1 m2. Actual was 0.1 m2 (10 x 10 cm area in center of BESE. 3 planting units with 4 shoots each. DuPont Wharf shoots.","match","no_match","match","match"
"271","Joemma Beach State Park","Joemma Beach State Park Mid - DNR - BESE - BG - 4 - 2017","CPS","0",2017-05-25,"8.0000000000000002E-3",12,"DNR",2018-01-30,"present","staple",78,0.1256,621.019108280255,250,6.5,"DNR snorkel monitoring. Canopy height also recorded. Status area calculated as area of circle based on diameter measured. A= (pi)r2. 20 cm circle of plants = 3.14*(10)^2.",NA,"JSP_mid_BG4__2017-05-25__staple__DPW","JSP_mid_BG4",2017-05-25,"staple","DPW","bese__DNR__unspecified","test","point",1,1,1,0.008,0.015,3,12,12,1500,"Biodegradable ecosystem engineering elements (BESE) for Marjolijn Christianen, Wageningen University & Research, Netherlands. Overall area was 1 m2. Actual was 0.1 m2 (10 x 10 cm area in center of BESE. 3 planting units with 4 shoots each. DuPont Wharf shoots.","match","no_match","match","match"
"272","Joemma Beach State Park","Joemma Beach State Park Mid - DNR - BESE - BG - 4 - 2017","CPS","0",2017-05-25,"8.0000000000000002E-3",12,"DNR",2018-05-15,"present","staple",118,0.49455,238.600748154888,355,9.83333333333333,"DNR snorkel monitoring. Canopy height recorded. Status area calculated as area of ellipse based the X and Y of vegetated area measured. A = (pi)ab, where a= radius of one axis, b = radias of other axis.",NA,"JSP_mid_BG4__2017-05-25__staple__DPW","JSP_mid_BG4",2017-05-25,"staple","DPW","bese__DNR__unspecified","test","point",1,1,1,0.008,0.015,3,12,12,1500,"Biodegradable ecosystem engineering elements (BESE) for Marjolijn Christianen, Wageningen University & Research, Netherlands. Overall area was 1 m2. Actual was 0.1 m2 (10 x 10 cm area in center of BESE. 3 planting units with 4 shoots each. DuPont Wharf shoots.","match","no_match","match","match"
"273","Joemma Beach State Park","Joemma Beach State Park Mid - DNR - BESE - BG - 4 - 2017","CPS","0",2017-05-25,"8.0000000000000002E-3",12,"DNR",2018-07-11,"present","staple",143,0.4891335,292.353723472222,412,11.9166666666667,"DNR snorkel monitoring. Canopy height recorded. Status area calculated as area of ellipse based the X and Y of vegetated area measured. A = (pi)ab, where a= radius of one axis, b = radias of other axis.",NA,"JSP_mid_BG4__2017-05-25__staple__DPW","JSP_mid_BG4",2017-05-25,"staple","DPW","bese__DNR__unspecified","test","point",1,1,1,0.008,0.015,3,12,12,1500,"Biodegradable ecosystem engineering elements (BESE) for Marjolijn Christianen, Wageningen University & Research, Netherlands. Overall area was 1 m2. Actual was 0.1 m2 (10 x 10 cm area in center of BESE. 3 planting units with 4 shoots each. DuPont Wharf shoots.","match","no_match","match","match"
"274","Joemma Beach State Park","Joemma Beach State Park Mid - DNR - BESE - BG - 4 - 2017","CPS","0",2017-05-25,"8.0000000000000002E-3",12,"DNR",2018-08-08,"present","staple",107,0.56049,190.9043872326,440,8.91666666666667,"DNR snorkel monitoring. Canopy height recorded. Status area calculated as area of ellipse based on the X and Y of vegetated area measured. A = (pi)ab, where a= radius of one axis, b = radias of other axis.",NA,"JSP_mid_BG4__2017-05-25__staple__DPW","JSP_mid_BG4",2017-05-25,"staple","DPW","bese__DNR__unspecified","test","point",1,1,1,0.008,0.015,3,12,12,1500,"Biodegradable ecosystem engineering elements (BESE) for Marjolijn Christianen, Wageningen University & Research, Netherlands. Overall area was 1 m2. Actual was 0.1 m2 (10 x 10 cm area in center of BESE. 3 planting units with 4 shoots each. DuPont Wharf shoots.","match","no_match","match","match"
"275","Joemma Beach State Park","Joemma Beach State Park Mid - DNR - BESE - BG - 4 - 2017","CPS","0",2017-05-25,"8.0000000000000002E-3",12,"DNR",2019-07-30,"present","staple",531,1.7485875,303.673679469858,796,44.25,"DNR snorkel monitoring. Canopy height recorded. Status area calculated as area of ellipse based the X and Y of vegetated area measured. A = (pi)ab, where a= radius of one axis, b = radias of other axis.",NA,"JSP_mid_BG4__2017-05-25__staple__DPW","JSP_mid_BG4",2017-05-25,"staple","DPW","bese__DNR__unspecified","test","point",1,1,1,0.008,0.015,3,12,12,1500,"Biodegradable ecosystem engineering elements (BESE) for Marjolijn Christianen, Wageningen University & Research, Netherlands. Overall area was 1 m2. Actual was 0.1 m2 (10 x 10 cm area in center of BESE. 3 planting units with 4 shoots each. DuPont Wharf shoots.","match","no_match","match","match"
"276","Joemma Beach State Park","Joemma Beach State Park Mid - DNR - BESE - BG - 4 - 2017","CPS","0",2017-05-25,"8.0000000000000002E-3",12,"DNR",2020-07-21,"present","staple",NA,NA,NA,1153,NA,"DNR snorkel monitoring. Canopy height recorded. Status area calculated as area of ellipse based the X and Y of vegetated area measured. A = (pi)ab, where a= radius of one axis, b = radias of other axis.",NA,"JSP_mid_BG4__2017-05-25__staple__DPW","JSP_mid_BG4",2017-05-25,"staple","DPW","bese__DNR__unspecified","test","point",1,1,1,0.008,0.015,3,12,12,1500,"Biodegradable ecosystem engineering elements (BESE) for Marjolijn Christianen, Wageningen University & Research, Netherlands. Overall area was 1 m2. Actual was 0.1 m2 (10 x 10 cm area in center of BESE. 3 planting units with 4 shoots each. DuPont Wharf shoots.","match","no_match","match","match"
"277","Joemma Beach State Park","Joemma Beach State Park Mid - DNR - BESE - C - 1 - 2017","CPS","0",2017-05-25,"8.0000000000000002E-3",12,"DNR",2017-05-28,"present","staple",12,0.008,1500,3,1,"DNR snorkel monitoring. Canopy height also recorded. Reproductive shoots listed on data sheet are not included in shoot count as these were planted 3 days earlier.",NA,"JSP_mid_C1__2017-05-25__staple__DPW","JSP_mid_C1",2017-05-25,"staple","DPW","bese__DNR__unspecified","test","point",1,1,1,0.008,0.015,3,12,12,1500,"Biodegradable ecosystem engineering elements (BESE) for Marjolijn Christianen, Wageningen University & Research, Netherlands. Overall area was 1 m2. Actual was 0.1 m2 (10 x 10 cm area in center of BESE. 3 planting units with 4 shoots each. DuPont Wharf shoots.","match","no_match","match","match"
"278","Joemma Beach State Park","Joemma Beach State Park Mid - DNR - BESE - C - 1 - 2017","CPS","0",2017-05-25,"8.0000000000000002E-3",12,"DNR",2017-07-22,"present","staple",13,0.008,1625,58,1.08333333333333,"DNR snorkel monitoring. Canopy height also recorded. Reproductive shoots listed on data sheet are not included in shoot count here as these were planted in May.",NA,"JSP_mid_C1__2017-05-25__staple__DPW","JSP_mid_C1",2017-05-25,"staple","DPW","bese__DNR__unspecified","test","point",1,1,1,0.008,0.015,3,12,12,1500,"Biodegradable ecosystem engineering elements (BESE) for Marjolijn Christianen, Wageningen University & Research, Netherlands. Overall area was 1 m2. Actual was 0.1 m2 (10 x 10 cm area in center of BESE. 3 planting units with 4 shoots each. DuPont Wharf shoots.","match","no_match","match","match"
"279","Joemma Beach State Park","Joemma Beach State Park Mid - DNR - BESE - C - 1 - 2017","CPS","0",2017-05-25,"8.0000000000000002E-3",12,"DNR",2017-08-20,"present","staple",22,0.09075,242.424242424242,87,1.83333333333333,"DNR snorkel monitoring. Canopy height also recorded. Reproductive shoots listed on data sheet are not included in shoot count here as these were planted in May.",NA,"JSP_mid_C1__2017-05-25__staple__DPW","JSP_mid_C1",2017-05-25,"staple","DPW","bese__DNR__unspecified","test","point",1,1,1,0.008,0.015,3,12,12,1500,"Biodegradable ecosystem engineering elements (BESE) for Marjolijn Christianen, Wageningen University & Research, Netherlands. Overall area was 1 m2. Actual was 0.1 m2 (10 x 10 cm area in center of BESE. 3 planting units with 4 shoots each. DuPont Wharf shoots.","match","no_match","match","match"
"280","Joemma Beach State Park","Joemma Beach State Park Mid - DNR - BESE - C - 1 - 2017","CPS","0",2017-05-25,"8.0000000000000002E-3",12,"DNR",2017-12-04,"present","staple",40,NA,NA,193,3.33333333333333,"DNR snorkel monitoring. Canopy height recorded. Did not measure rhizome extension to estimate status area.",NA,"JSP_mid_C1__2017-05-25__staple__DPW","JSP_mid_C1",2017-05-25,"staple","DPW","bese__DNR__unspecified","test","point",1,1,1,0.008,0.015,3,12,12,1500,"Biodegradable ecosystem engineering elements (BESE) for Marjolijn Christianen, Wageningen University & Research, Netherlands. Overall area was 1 m2. Actual was 0.1 m2 (10 x 10 cm area in center of BESE. 3 planting units with 4 shoots each. DuPont Wharf shoots.","match","no_match","match","match"
"281","Joemma Beach State Park","Joemma Beach State Park Mid - DNR - BESE - C - 1 - 2017","CPS","0",2017-05-25,"8.0000000000000002E-3",12,"DNR",2018-01-30,"present","staple",56,0.264074,212.061770564312,250,4.66666666666667,"DNR snorkel monitoring. Canopy height also recorded. Status area calculated as area of circle based on diameter measured. A= (pi)r2. 20 cm circle of plants = 3.14*(10)^2.",NA,"JSP_mid_C1__2017-05-25__staple__DPW","JSP_mid_C1",2017-05-25,"staple","DPW","bese__DNR__unspecified","test","point",1,1,1,0.008,0.015,3,12,12,1500,"Biodegradable ecosystem engineering elements (BESE) for Marjolijn Christianen, Wageningen University & Research, Netherlands. Overall area was 1 m2. Actual was 0.1 m2 (10 x 10 cm area in center of BESE. 3 planting units with 4 shoots each. DuPont Wharf shoots.","match","no_match","match","match"
"282","Joemma Beach State Park","Joemma Beach State Park Mid - DNR - BESE - C - 1 - 2017","CPS","0",2017-05-25,"8.0000000000000002E-3",12,"DNR",2018-05-15,"present","staple",45,0.35325,127.388535031847,355,3.75,"DNR snorkel monitoring. Canopy height recorded. Status area calculated as area of ellipse based the X and Y of vegetated area measured. A = (pi)ab, where a= radius of one axis, b = radias of other axis.",NA,"JSP_mid_C1__2017-05-25__staple__DPW","JSP_mid_C1",2017-05-25,"staple","DPW","bese__DNR__unspecified","test","point",1,1,1,0.008,0.015,3,12,12,1500,"Biodegradable ecosystem engineering elements (BESE) for Marjolijn Christianen, Wageningen University & Research, Netherlands. Overall area was 1 m2. Actual was 0.1 m2 (10 x 10 cm area in center of BESE. 3 planting units with 4 shoots each. DuPont Wharf shoots.","match","no_match","match","match"
"283","Joemma Beach State Park","Joemma Beach State Park Mid - DNR - BESE - C - 1 - 2017","CPS","0",2017-05-25,"8.0000000000000002E-3",12,"DNR",2018-07-11,"present","staple",0,NA,NA,412,0,NA,NA,"JSP_mid_C1__2017-05-25__staple__DPW","JSP_mid_C1",2017-05-25,"staple","DPW","bese__DNR__unspecified","test","point",1,1,1,0.008,0.015,3,12,12,1500,"Biodegradable ecosystem engineering elements (BESE) for Marjolijn Christianen, Wageningen University & Research, Netherlands. Overall area was 1 m2. Actual was 0.1 m2 (10 x 10 cm area in center of BESE. 3 planting units with 4 shoots each. DuPont Wharf shoots.","match","no_match","match","match"
"284","Joemma Beach State Park","Joemma Beach State Park Mid - DNR - BESE - C - 1 - 2017","CPS","0",2017-05-25,"8.0000000000000002E-3",12,"DNR",2018-08-08,"absent","staple",0,NA,NA,440,0,NA,NA,"JSP_mid_C1__2017-05-25__staple__DPW","JSP_mid_C1",2017-05-25,"staple","DPW","bese__DNR__unspecified","test","point",1,1,1,0.008,0.015,3,12,12,1500,"Biodegradable ecosystem engineering elements (BESE) for Marjolijn Christianen, Wageningen University & Research, Netherlands. Overall area was 1 m2. Actual was 0.1 m2 (10 x 10 cm area in center of BESE. 3 planting units with 4 shoots each. DuPont Wharf shoots.","match","no_match","match","match"
"285","Joemma Beach State Park","Joemma Beach State Park Mid - DNR - BESE - C - 1 - 2017","CPS","0",2017-05-25,"8.0000000000000002E-3",12,"DNR",2019-07-30,"absent","staple",0,NA,NA,796,0,NA,NA,"JSP_mid_C1__2017-05-25__staple__DPW","JSP_mid_C1",2017-05-25,"staple","DPW","bese__DNR__unspecified","test","point",1,1,1,0.008,0.015,3,12,12,1500,"Biodegradable ecosystem engineering elements (BESE) for Marjolijn Christianen, Wageningen University & Research, Netherlands. Overall area was 1 m2. Actual was 0.1 m2 (10 x 10 cm area in center of BESE. 3 planting units with 4 shoots each. DuPont Wharf shoots.","match","no_match","match","match"
"286","Joemma Beach State Park","Joemma Beach State Park Mid - DNR - BESE - C - 1 - 2017","CPS","0",2017-05-25,"8.0000000000000002E-3",12,"DNR",2020-07-21,"absent","staple",0,NA,NA,1153,0,NA,NA,"JSP_mid_C1__2017-05-25__staple__DPW","JSP_mid_C1",2017-05-25,"staple","DPW","bese__DNR__unspecified","test","point",1,1,1,0.008,0.015,3,12,12,1500,"Biodegradable ecosystem engineering elements (BESE) for Marjolijn Christianen, Wageningen University & Research, Netherlands. Overall area was 1 m2. Actual was 0.1 m2 (10 x 10 cm area in center of BESE. 3 planting units with 4 shoots each. DuPont Wharf shoots.","match","no_match","match","match"
"287","Joemma Beach State Park","Joemma Beach State Park Mid - DNR - BESE - C - 2 - 2017","CPS","0",2017-05-25,"8.0000000000000002E-3",12,"DNR",2017-05-28,"present","staple",11,0.008,1375,3,0.916666666666667,"DNR snorkel monitoring. Canopy height also recorded. Reproductive shoots listed on data sheet are not included in shoot count as these were planted 3 days earlier.",NA,"JSP_mid_C2__2017-05-25__staple__DPW","JSP_mid_C2",2017-05-25,"staple","DPW","bese__DNR__unspecified","test","point",1,1,1,0.008,0.015,3,12,12,1500,"Biodegradable ecosystem engineering elements (BESE) for Marjolijn Christianen, Wageningen University & Research, Netherlands. Overall area was 1 m2. Actual was 0.1 m2 (10 x 10 cm area in center of BESE. 3 planting units with 4 shoots each. DuPont Wharf shoots.","match","no_match","match","match"
"288","Joemma Beach State Park","Joemma Beach State Park Mid - DNR - BESE - C - 2 - 2017","CPS","0",2017-05-25,"8.0000000000000002E-3",12,"DNR",2017-07-22,"present","staple",12,0.008,1500,58,1,"DNR snorkel monitoring. Canopy height also recorded. Reproductive shoots listed on data sheet are not included in shoot count here as these were planted in May.",NA,"JSP_mid_C2__2017-05-25__staple__DPW","JSP_mid_C2",2017-05-25,"staple","DPW","bese__DNR__unspecified","test","point",1,1,1,0.008,0.015,3,12,12,1500,"Biodegradable ecosystem engineering elements (BESE) for Marjolijn Christianen, Wageningen University & Research, Netherlands. Overall area was 1 m2. Actual was 0.1 m2 (10 x 10 cm area in center of BESE. 3 planting units with 4 shoots each. DuPont Wharf shoots.","match","no_match","match","match"
"289","Joemma Beach State Park","Joemma Beach State Park Mid - DNR - BESE - C - 2 - 2017","CPS","0",2017-05-25,"8.0000000000000002E-3",12,"DNR",2017-08-20,"present","staple",14,0.0314,445.859872611465,87,1.16666666666667,"DNR snorkel monitoring. Canopy height also recorded. Reproductive shoots listed on data sheet are not included in shoot count here as these were planted in May.",NA,"JSP_mid_C2__2017-05-25__staple__DPW","JSP_mid_C2",2017-05-25,"staple","DPW","bese__DNR__unspecified","test","point",1,1,1,0.008,0.015,3,12,12,1500,"Biodegradable ecosystem engineering elements (BESE) for Marjolijn Christianen, Wageningen University & Research, Netherlands. Overall area was 1 m2. Actual was 0.1 m2 (10 x 10 cm area in center of BESE. 3 planting units with 4 shoots each. DuPont Wharf shoots.","match","no_match","match","match"
"290","Joemma Beach State Park","Joemma Beach State Park Mid - DNR - BESE - C - 2 - 2017","CPS","0",2017-05-25,"8.0000000000000002E-3",12,"DNR",2017-12-04,"present","staple",24,NA,NA,193,2,"DNR snorkel monitoring. Canopy height recorded. Did not measure rhizome extension to estimate status area.",NA,"JSP_mid_C2__2017-05-25__staple__DPW","JSP_mid_C2",2017-05-25,"staple","DPW","bese__DNR__unspecified","test","point",1,1,1,0.008,0.015,3,12,12,1500,"Biodegradable ecosystem engineering elements (BESE) for Marjolijn Christianen, Wageningen University & Research, Netherlands. Overall area was 1 m2. Actual was 0.1 m2 (10 x 10 cm area in center of BESE. 3 planting units with 4 shoots each. DuPont Wharf shoots.","match","no_match","match","match"
"291","Joemma Beach State Park","Joemma Beach State Park Mid - DNR - BESE - C - 2 - 2017","CPS","0",2017-05-25,"8.0000000000000002E-3",12,"DNR",2018-01-30,"present","staple",28,0.0132665,2110.57927863415,250,2.33333333333333,"DNR snorkel monitoring. Canopy height also recorded. Status area calculated as area of circle based on diameter measured. A= (pi)r2. 20 cm circle of plants = 3.14*(10)^2.",NA,"JSP_mid_C2__2017-05-25__staple__DPW","JSP_mid_C2",2017-05-25,"staple","DPW","bese__DNR__unspecified","test","point",1,1,1,0.008,0.015,3,12,12,1500,"Biodegradable ecosystem engineering elements (BESE) for Marjolijn Christianen, Wageningen University & Research, Netherlands. Overall area was 1 m2. Actual was 0.1 m2 (10 x 10 cm area in center of BESE. 3 planting units with 4 shoots each. DuPont Wharf shoots.","match","no_match","match","match"
"292","Joemma Beach State Park","Joemma Beach State Park Mid - DNR - BESE - C - 2 - 2017","CPS","0",2017-05-25,"8.0000000000000002E-3",12,"DNR",2018-05-15,"present","staple",8,0.0812475,98.4645681405582,355,0.666666666666667,"DNR snorkel monitoring. Canopy height recorded. Status area calculated as area of ellipse based the X and Y of vegetated area measured. A = (pi)ab, where a= radius of one axis, b = radias of other axis.",NA,"JSP_mid_C2__2017-05-25__staple__DPW","JSP_mid_C2",2017-05-25,"staple","DPW","bese__DNR__unspecified","test","point",1,1,1,0.008,0.015,3,12,12,1500,"Biodegradable ecosystem engineering elements (BESE) for Marjolijn Christianen, Wageningen University & Research, Netherlands. Overall area was 1 m2. Actual was 0.1 m2 (10 x 10 cm area in center of BESE. 3 planting units with 4 shoots each. DuPont Wharf shoots.","match","no_match","match","match"
"293","Joemma Beach State Park","Joemma Beach State Park Mid - DNR - BESE - C - 2 - 2017","CPS","0",2017-05-25,"8.0000000000000002E-3",12,"DNR",2018-07-11,"present","staple",0,NA,NA,412,0,NA,NA,"JSP_mid_C2__2017-05-25__staple__DPW","JSP_mid_C2",2017-05-25,"staple","DPW","bese__DNR__unspecified","test","point",1,1,1,0.008,0.015,3,12,12,1500,"Biodegradable ecosystem engineering elements (BESE) for Marjolijn Christianen, Wageningen University & Research, Netherlands. Overall area was 1 m2. Actual was 0.1 m2 (10 x 10 cm area in center of BESE. 3 planting units with 4 shoots each. DuPont Wharf shoots.","match","no_match","match","match"
"294","Joemma Beach State Park","Joemma Beach State Park Mid - DNR - BESE - C - 2 - 2017","CPS","0",2017-05-25,"8.0000000000000002E-3",12,"DNR",2018-08-08,"absent","staple",0,NA,NA,440,0,NA,NA,"JSP_mid_C2__2017-05-25__staple__DPW","JSP_mid_C2",2017-05-25,"staple","DPW","bese__DNR__unspecified","test","point",1,1,1,0.008,0.015,3,12,12,1500,"Biodegradable ecosystem engineering elements (BESE) for Marjolijn Christianen, Wageningen University & Research, Netherlands. Overall area was 1 m2. Actual was 0.1 m2 (10 x 10 cm area in center of BESE. 3 planting units with 4 shoots each. DuPont Wharf shoots.","match","no_match","match","match"
"295","Joemma Beach State Park","Joemma Beach State Park Mid - DNR - BESE - C - 2 - 2017","CPS","0",2017-05-25,"8.0000000000000002E-3",12,"DNR",2019-07-30,"absent","staple",0,NA,NA,796,0,NA,NA,"JSP_mid_C2__2017-05-25__staple__DPW","JSP_mid_C2",2017-05-25,"staple","DPW","bese__DNR__unspecified","test","point",1,1,1,0.008,0.015,3,12,12,1500,"Biodegradable ecosystem engineering elements (BESE) for Marjolijn Christianen, Wageningen University & Research, Netherlands. Overall area was 1 m2. Actual was 0.1 m2 (10 x 10 cm area in center of BESE. 3 planting units with 4 shoots each. DuPont Wharf shoots.","match","no_match","match","match"
"296","Joemma Beach State Park","Joemma Beach State Park Mid - DNR - BESE - C - 2 - 2017","CPS","0",2017-05-25,"8.0000000000000002E-3",12,"DNR",2020-07-21,"absent","staple",0,NA,NA,1153,0,NA,NA,"JSP_mid_C2__2017-05-25__staple__DPW","JSP_mid_C2",2017-05-25,"staple","DPW","bese__DNR__unspecified","test","point",1,1,1,0.008,0.015,3,12,12,1500,"Biodegradable ecosystem engineering elements (BESE) for Marjolijn Christianen, Wageningen University & Research, Netherlands. Overall area was 1 m2. Actual was 0.1 m2 (10 x 10 cm area in center of BESE. 3 planting units with 4 shoots each. DuPont Wharf shoots.","match","no_match","match","match"
"297","Joemma Beach State Park","Joemma Beach State Park Mid - DNR - BESE - C - 3 - 2017","CPS","0",2017-05-25,"8.0000000000000002E-3",12,"DNR",2017-05-28,"present","staple",10,0.008,1250,3,0.833333333333333,"DNR snorkel monitoring. Canopy height also recorded. Reproductive shoots listed on data sheet are not included in shoot count as these were planted 3 days earlier.",NA,"JSP_mid_C3__2017-05-25__staple__DPW","JSP_mid_C3",2017-05-25,"staple","DPW","bese__DNR__unspecified","test","point",1,1,1,0.008,0.015,3,12,12,1500,"Biodegradable ecosystem engineering elements (BESE) for Marjolijn Christianen, Wageningen University & Research, Netherlands. Overall area was 1 m2. Actual was 0.1 m2 (10 x 10 cm area in center of BESE. 3 planting units with 4 shoots each. DuPont Wharf shoots.","match","no_match","match","match"
"298","Joemma Beach State Park","Joemma Beach State Park Mid - DNR - BESE - C - 3 - 2017","CPS","0",2017-05-25,"8.0000000000000002E-3",12,"DNR",2017-07-22,"present","staple",18,0.008,2250,58,1.5,"DNR snorkel monitoring. Canopy height also recorded. Reproductive shoots listed on data sheet are not included in shoot count here as these were planted in May.",NA,"JSP_mid_C3__2017-05-25__staple__DPW","JSP_mid_C3",2017-05-25,"staple","DPW","bese__DNR__unspecified","test","point",1,1,1,0.008,0.015,3,12,12,1500,"Biodegradable ecosystem engineering elements (BESE) for Marjolijn Christianen, Wageningen University & Research, Netherlands. Overall area was 1 m2. Actual was 0.1 m2 (10 x 10 cm area in center of BESE. 3 planting units with 4 shoots each. DuPont Wharf shoots.","match","no_match","match","match"
"299","Joemma Beach State Park","Joemma Beach State Park Mid - DNR - BESE - C - 3 - 2017","CPS","0",2017-05-25,"8.0000000000000002E-3",12,"DNR",2017-08-20,"present","staple",23,0.0314,732.484076433121,87,1.91666666666667,"DNR snorkel monitoring. Canopy height also recorded. Reproductive shoots listed on data sheet are not included in shoot count here as these were planted in May.",NA,"JSP_mid_C3__2017-05-25__staple__DPW","JSP_mid_C3",2017-05-25,"staple","DPW","bese__DNR__unspecified","test","point",1,1,1,0.008,0.015,3,12,12,1500,"Biodegradable ecosystem engineering elements (BESE) for Marjolijn Christianen, Wageningen University & Research, Netherlands. Overall area was 1 m2. Actual was 0.1 m2 (10 x 10 cm area in center of BESE. 3 planting units with 4 shoots each. DuPont Wharf shoots.","match","no_match","match","match"
"300","Joemma Beach State Park","Joemma Beach State Park Mid - DNR - BESE - C - 3 - 2017","CPS","0",2017-05-25,"8.0000000000000002E-3",12,"DNR",2017-12-04,"present","staple",36,NA,NA,193,3,"DNR snorkel monitoring. Canopy height recorded. Did not measure rhizome extension to estimate status area.",NA,"JSP_mid_C3__2017-05-25__staple__DPW","JSP_mid_C3",2017-05-25,"staple","DPW","bese__DNR__unspecified","test","point",1,1,1,0.008,0.015,3,12,12,1500,"Biodegradable ecosystem engineering elements (BESE) for Marjolijn Christianen, Wageningen University & Research, Netherlands. Overall area was 1 m2. Actual was 0.1 m2 (10 x 10 cm area in center of BESE. 3 planting units with 4 shoots each. DuPont Wharf shoots.","match","no_match","match","match"
"301","Joemma Beach State Park","Joemma Beach State Park Mid - DNR - BESE - C - 3 - 2017","CPS","0",2017-05-25,"8.0000000000000002E-3",12,"DNR",2018-01-30,"present","staple",17,0.011304,1503.89242745931,250,1.41666666666667,"DNR snorkel monitoring. Canopy height also recorded. Status area calculated as area of circle based on diameter measured. A= (pi)r2. 20 cm circle of plants = 3.14*(10)^2.",NA,"JSP_mid_C3__2017-05-25__staple__DPW","JSP_mid_C3",2017-05-25,"staple","DPW","bese__DNR__unspecified","test","point",1,1,1,0.008,0.015,3,12,12,1500,"Biodegradable ecosystem engineering elements (BESE) for Marjolijn Christianen, Wageningen University & Research, Netherlands. Overall area was 1 m2. Actual was 0.1 m2 (10 x 10 cm area in center of BESE. 3 planting units with 4 shoots each. DuPont Wharf shoots.","match","no_match","match","match"
"302","Joemma Beach State Park","Joemma Beach State Park Mid - DNR - BESE - C - 3 - 2017","CPS","0",2017-05-25,"8.0000000000000002E-3",12,"DNR",2018-05-15,"present","staple",19,0.10362,183.362285273113,355,1.58333333333333,"DNR snorkel monitoring. Canopy height recorded. Status area calculated as area of ellipse based the X and Y of vegetated area measured. A = (pi)ab, where a= radius of one axis, b = radias of other axis.",NA,"JSP_mid_C3__2017-05-25__staple__DPW","JSP_mid_C3",2017-05-25,"staple","DPW","bese__DNR__unspecified","test","point",1,1,1,0.008,0.015,3,12,12,1500,"Biodegradable ecosystem engineering elements (BESE) for Marjolijn Christianen, Wageningen University & Research, Netherlands. Overall area was 1 m2. Actual was 0.1 m2 (10 x 10 cm area in center of BESE. 3 planting units with 4 shoots each. DuPont Wharf shoots.","match","no_match","match","match"
"303","Joemma Beach State Park","Joemma Beach State Park Mid - DNR - BESE - C - 3 - 2017","CPS","0",2017-05-25,"8.0000000000000002E-3",12,"DNR",2018-07-11,"present","staple",0,NA,NA,412,0,NA,NA,"JSP_mid_C3__2017-05-25__staple__DPW","JSP_mid_C3",2017-05-25,"staple","DPW","bese__DNR__unspecified","test","point",1,1,1,0.008,0.015,3,12,12,1500,"Biodegradable ecosystem engineering elements (BESE) for Marjolijn Christianen, Wageningen University & Research, Netherlands. Overall area was 1 m2. Actual was 0.1 m2 (10 x 10 cm area in center of BESE. 3 planting units with 4 shoots each. DuPont Wharf shoots.","match","no_match","match","match"
"304","Joemma Beach State Park","Joemma Beach State Park Mid - DNR - BESE - C - 3 - 2017","CPS","0",2017-05-25,"8.0000000000000002E-3",12,"DNR",2018-08-08,"absent","staple",0,NA,NA,440,0,NA,NA,"JSP_mid_C3__2017-05-25__staple__DPW","JSP_mid_C3",2017-05-25,"staple","DPW","bese__DNR__unspecified","test","point",1,1,1,0.008,0.015,3,12,12,1500,"Biodegradable ecosystem engineering elements (BESE) for Marjolijn Christianen, Wageningen University & Research, Netherlands. Overall area was 1 m2. Actual was 0.1 m2 (10 x 10 cm area in center of BESE. 3 planting units with 4 shoots each. DuPont Wharf shoots.","match","no_match","match","match"
"305","Joemma Beach State Park","Joemma Beach State Park Mid - DNR - BESE - C - 3 - 2017","CPS","0",2017-05-25,"8.0000000000000002E-3",12,"DNR",2019-07-30,"absent","staple",0,NA,NA,796,0,NA,NA,"JSP_mid_C3__2017-05-25__staple__DPW","JSP_mid_C3",2017-05-25,"staple","DPW","bese__DNR__unspecified","test","point",1,1,1,0.008,0.015,3,12,12,1500,"Biodegradable ecosystem engineering elements (BESE) for Marjolijn Christianen, Wageningen University & Research, Netherlands. Overall area was 1 m2. Actual was 0.1 m2 (10 x 10 cm area in center of BESE. 3 planting units with 4 shoots each. DuPont Wharf shoots.","match","no_match","match","match"
"306","Joemma Beach State Park","Joemma Beach State Park Mid - DNR - BESE - C - 3 - 2017","CPS","0",2017-05-25,"8.0000000000000002E-3",12,"DNR",2020-07-21,"absent","staple",0,NA,NA,1153,0,NA,NA,"JSP_mid_C3__2017-05-25__staple__DPW","JSP_mid_C3",2017-05-25,"staple","DPW","bese__DNR__unspecified","test","point",1,1,1,0.008,0.015,3,12,12,1500,"Biodegradable ecosystem engineering elements (BESE) for Marjolijn Christianen, Wageningen University & Research, Netherlands. Overall area was 1 m2. Actual was 0.1 m2 (10 x 10 cm area in center of BESE. 3 planting units with 4 shoots each. DuPont Wharf shoots.","match","no_match","match","match"
"307","Joemma Beach State Park","Joemma Beach State Park Mid - DNR - BESE - C - 4 - 2017","CPS","0",2017-05-25,"8.0000000000000002E-3",12,"DNR",2017-05-28,"present","staple",10,0.008,1250,3,0.833333333333333,"DNR snorkel monitoring. Canopy height also recorded. Reproductive shoots listed on data sheet are not included in shoot count as these were planted 3 days earlier.",NA,"JSP_mid_C4__2017-05-25__staple__DPW","JSP_mid_C4",2017-05-25,"staple","DPW","bese__DNR__unspecified","test","point",1,1,1,0.008,0.015,3,12,12,1500,"Biodegradable ecosystem engineering elements (BESE) for Marjolijn Christianen, Wageningen University & Research, Netherlands. Overall area was 1 m2. Actual was 0.1 m2 (10 x 10 cm area in center of BESE. 3 planting units with 4 shoots each. DuPont Wharf shoots.","match","no_match","match","match"
"308","Joemma Beach State Park","Joemma Beach State Park Mid - DNR - BESE - C - 4 - 2017","CPS","0",2017-05-25,"8.0000000000000002E-3",12,"DNR",2017-07-22,"present","staple",22,0.008,2750,58,1.83333333333333,"DNR snorkel monitoring. Canopy height also recorded. Reproductive shoots listed on data sheet are not included in shoot count here as these were planted in May.",NA,"JSP_mid_C4__2017-05-25__staple__DPW","JSP_mid_C4",2017-05-25,"staple","DPW","bese__DNR__unspecified","test","point",1,1,1,0.008,0.015,3,12,12,1500,"Biodegradable ecosystem engineering elements (BESE) for Marjolijn Christianen, Wageningen University & Research, Netherlands. Overall area was 1 m2. Actual was 0.1 m2 (10 x 10 cm area in center of BESE. 3 planting units with 4 shoots each. DuPont Wharf shoots.","match","no_match","match","match"
"309","Joemma Beach State Park","Joemma Beach State Park Mid - DNR - BESE - C - 4 - 2017","CPS","0",2017-05-25,"8.0000000000000002E-3",12,"DNR",2017-08-20,"present","staple",45,0.06154,731.23171920702,87,3.75,"DNR snorkel monitoring. Canopy height also recorded. Reproductive shoots listed on data sheet are not included in shoot count here as these were planted in May.",NA,"JSP_mid_C4__2017-05-25__staple__DPW","JSP_mid_C4",2017-05-25,"staple","DPW","bese__DNR__unspecified","test","point",1,1,1,0.008,0.015,3,12,12,1500,"Biodegradable ecosystem engineering elements (BESE) for Marjolijn Christianen, Wageningen University & Research, Netherlands. Overall area was 1 m2. Actual was 0.1 m2 (10 x 10 cm area in center of BESE. 3 planting units with 4 shoots each. DuPont Wharf shoots.","match","no_match","match","match"
"310","Joemma Beach State Park","Joemma Beach State Park Mid - DNR - BESE - C - 4 - 2017","CPS","0",2017-05-25,"8.0000000000000002E-3",12,"DNR",2017-12-04,"present","staple",112,NA,NA,193,9.33333333333333,"DNR snorkel monitoring. Canopy height recorded. Did not measure rhizome extension to estimate status area.",NA,"JSP_mid_C4__2017-05-25__staple__DPW","JSP_mid_C4",2017-05-25,"staple","DPW","bese__DNR__unspecified","test","point",1,1,1,0.008,0.015,3,12,12,1500,"Biodegradable ecosystem engineering elements (BESE) for Marjolijn Christianen, Wageningen University & Research, Netherlands. Overall area was 1 m2. Actual was 0.1 m2 (10 x 10 cm area in center of BESE. 3 planting units with 4 shoots each. DuPont Wharf shoots.","match","no_match","match","match"
"311","Joemma Beach State Park","Joemma Beach State Park Mid - DNR - BESE - C - 4 - 2017","CPS","0",2017-05-25,"8.0000000000000002E-3",12,"DNR",2018-01-30,"present","staple",45,0.0283385,1587.9457275438,250,3.75,"DNR snorkel monitoring. Canopy height also recorded. Status area calculated as area of circle based on diameter measured. A= (pi)r2. 20 cm circle of plants = 3.14*(10)^2.",NA,"JSP_mid_C4__2017-05-25__staple__DPW","JSP_mid_C4",2017-05-25,"staple","DPW","bese__DNR__unspecified","test","point",1,1,1,0.008,0.015,3,12,12,1500,"Biodegradable ecosystem engineering elements (BESE) for Marjolijn Christianen, Wageningen University & Research, Netherlands. Overall area was 1 m2. Actual was 0.1 m2 (10 x 10 cm area in center of BESE. 3 planting units with 4 shoots each. DuPont Wharf shoots.","match","no_match","match","match"
"312","Joemma Beach State Park","Joemma Beach State Park Mid - DNR - BESE - C - 4 - 2017","CPS","0",2017-05-25,"8.0000000000000002E-3",12,"DNR",2018-05-15,"present","staple",67,0.3297,203.215043979375,355,5.58333333333333,"DNR snorkel monitoring. Canopy height recorded. Status area calculated as area of ellipse based the X and Y of vegetated area measured. A = (pi)ab, where a= radius of one axis, b = radias of other axis.",NA,"JSP_mid_C4__2017-05-25__staple__DPW","JSP_mid_C4",2017-05-25,"staple","DPW","bese__DNR__unspecified","test","point",1,1,1,0.008,0.015,3,12,12,1500,"Biodegradable ecosystem engineering elements (BESE) for Marjolijn Christianen, Wageningen University & Research, Netherlands. Overall area was 1 m2. Actual was 0.1 m2 (10 x 10 cm area in center of BESE. 3 planting units with 4 shoots each. DuPont Wharf shoots.","match","no_match","match","match"
"313","Joemma Beach State Park","Joemma Beach State Park Mid - DNR - BESE - C - 4 - 2017","CPS","0",2017-05-25,"8.0000000000000002E-3",12,"DNR",2018-07-11,"present","staple",47,0.298928,157.228496494139,412,3.91666666666667,"DNR snorkel monitoring. Canopy height recorded. Status area calculated as area of ellipse based the X and Y of vegetated area measured. A = (pi)ab, where a= radius of one axis, b = radias of other axis. This plot had 46 terminal shoots and 1 reproductive shoots for a total of 47 shoots. Including reproductive shoots this time because sampling is 1 year after transplanting.",NA,"JSP_mid_C4__2017-05-25__staple__DPW","JSP_mid_C4",2017-05-25,"staple","DPW","bese__DNR__unspecified","test","point",1,1,1,0.008,0.015,3,12,12,1500,"Biodegradable ecosystem engineering elements (BESE) for Marjolijn Christianen, Wageningen University & Research, Netherlands. Overall area was 1 m2. Actual was 0.1 m2 (10 x 10 cm area in center of BESE. 3 planting units with 4 shoots each. DuPont Wharf shoots.","match","no_match","match","match"
"314","Joemma Beach State Park","Joemma Beach State Park Mid - DNR - BESE - C - 4 - 2017","CPS","0",2017-05-25,"8.0000000000000002E-3",12,"DNR",2018-08-08,"present","staple",97,0.1785875,543.151116399524,440,8.08333333333333,"DNR snorkel monitoring. Canopy height recorded. Status area calculated as area of ellipse based on the X and Y of vegetated area measured. A = (pi)ab, where a= radius of one axis, b = radias of other axis. This plot had 95 terminal shoots and 2 reproductive shoots for a total of 97 shoots. Including reproductive shoots this time because sampling is 1 year after transplanting.",NA,"JSP_mid_C4__2017-05-25__staple__DPW","JSP_mid_C4",2017-05-25,"staple","DPW","bese__DNR__unspecified","test","point",1,1,1,0.008,0.015,3,12,12,1500,"Biodegradable ecosystem engineering elements (BESE) for Marjolijn Christianen, Wageningen University & Research, Netherlands. Overall area was 1 m2. Actual was 0.1 m2 (10 x 10 cm area in center of BESE. 3 planting units with 4 shoots each. DuPont Wharf shoots.","match","no_match","match","match"
"315","Joemma Beach State Park","Joemma Beach State Park Mid - DNR - BESE - C - 4 - 2017","CPS","0",2017-05-25,"8.0000000000000002E-3",12,"DNR",2019-07-30,"present","staple",157,1.200265,130.80444735121,796,13.0833333333333,"DNR snorkel monitoring. Canopy height recorded. Status area calculated as area of ellipse based the X and Y of vegetated area measured. A = (pi)ab, where a= radius of one axis, b = radias of other axis. This plot had 155 terminal shoots and 2 reproductive shoots for a total of 157 shoots. Including reproductive shoots this time because sampling is 1 year after transplanting.",NA,"JSP_mid_C4__2017-05-25__staple__DPW","JSP_mid_C4",2017-05-25,"staple","DPW","bese__DNR__unspecified","test","point",1,1,1,0.008,0.015,3,12,12,1500,"Biodegradable ecosystem engineering elements (BESE) for Marjolijn Christianen, Wageningen University & Research, Netherlands. Overall area was 1 m2. Actual was 0.1 m2 (10 x 10 cm area in center of BESE. 3 planting units with 4 shoots each. DuPont Wharf shoots.","match","no_match","match","match"
"316","Joemma Beach State Park","Joemma Beach State Park Mid - DNR - BESE - C - 4 - 2017","CPS","0",2017-05-25,"8.0000000000000002E-3",12,"DNR",2020-07-21,"present","staple",NA,NA,NA,1153,NA,"DNR snorkel monitoring. Canopy height recorded. Status area calculated as area of ellipse based the X and Y of vegetated area measured. A = (pi)ab, where a= radius of one axis, b = radias of other axis. This plot had 155 terminal shoots and 2 reproductive shoots for a total of 157 shoots. Including reproductive shoots this time because sampling is 1 year after transplanting.",NA,"JSP_mid_C4__2017-05-25__staple__DPW","JSP_mid_C4",2017-05-25,"staple","DPW","bese__DNR__unspecified","test","point",1,1,1,0.008,0.015,3,12,12,1500,"Biodegradable ecosystem engineering elements (BESE) for Marjolijn Christianen, Wageningen University & Research, Netherlands. Overall area was 1 m2. Actual was 0.1 m2 (10 x 10 cm area in center of BESE. 3 planting units with 4 shoots each. DuPont Wharf shoots.","match","no_match","match","match"
"317","Joemma Beach State Park","Joemma Beach State Park Mid - NE - DNR - methods - 2017","CPS","0",2017-05-26,"1.25",90,"DNR",2017-07-22,"present","staple",164,1.25,131.2,57,1.82222222222222,"DNR snorkel monitoring.",NA,"JSP_mid_P1__2017-05-26__staple__DPW","JSP_mid_P1",2017-05-26,"staple","DPW","zos_rest_methods__DNR__unspecified","test","grid",10,4,40,1.25,0.045,9,90,2.25,72,"None.","match","match","match","match"
"318","Joemma Beach State Park","Joemma Beach State Park Mid - NE - DNR - methods - 2017","CPS","0",2017-05-26,"1.25",90,"DNR",2017-08-21,"present","staple",257,1.25,205.6,87,2.85555555555556,"DNR snorkel monitoring.",NA,"JSP_mid_P1__2017-05-26__staple__DPW","JSP_mid_P1",2017-05-26,"staple","DPW","zos_rest_methods__DNR__unspecified","test","grid",10,4,40,1.25,0.045,9,90,2.25,72,"None.","match","match","match","match"
"319","Joemma Beach State Park","Joemma Beach State Park Mid - NE - DNR - methods - 2017","CPS","0",2017-05-26,"1.25",90,"DNR",2018-05-18,"present","staple",640,1.25,512,357,7.11111111111111,"DNR snorkel monitoring.",NA,"JSP_mid_P1__2017-05-26__staple__DPW","JSP_mid_P1",2017-05-26,"staple","DPW","zos_rest_methods__DNR__unspecified","test","grid",10,4,40,1.25,0.045,9,90,2.25,72,"None.","match","match","match","match"
"320","Joemma Beach State Park","Joemma Beach State Park Mid - NE - DNR - methods - 2017","CPS","0",2017-05-26,"1.25",90,"DNR",2018-07-13,"present","staple",804,1.25,643.2,413,8.93333333333333,"DNR snorkel monitoring.",NA,"JSP_mid_P1__2017-05-26__staple__DPW","JSP_mid_P1",2017-05-26,"staple","DPW","zos_rest_methods__DNR__unspecified","test","grid",10,4,40,1.25,0.045,9,90,2.25,72,"None.","match","match","match","match"
"321","Joemma Beach State Park","Joemma Beach State Park Mid - NE - DNR - methods - 2017","CPS","0",2017-05-26,"1.25",90,"DNR",2018-08-09,"present","staple",1082,1.25,865.6,440,12.0222222222222,"DNR snorkel monitoring.",NA,"JSP_mid_P1__2017-05-26__staple__DPW","JSP_mid_P1",2017-05-26,"staple","DPW","zos_rest_methods__DNR__unspecified","test","grid",10,4,40,1.25,0.045,9,90,2.25,72,"None.","match","match","match","match"
"322","Joemma Beach State Park","Joemma Beach State Park Mid - NE - DNR - methods - 2017","CPS","0",2017-05-26,"1.25",90,"DNR",2019-08-01,"present","staple",1935,1.25,1548,797,21.5,"DNR snorkel monitoring.",NA,"JSP_mid_P1__2017-05-26__staple__DPW","JSP_mid_P1",2017-05-26,"staple","DPW","zos_rest_methods__DNR__unspecified","test","grid",10,4,40,1.25,0.045,9,90,2.25,72,"None.","match","match","match","match"
"323","Joemma Beach State Park","Joemma Beach State Park Mid - NE - DNR - methods - 2017","CPS","0",2017-05-26,"1.25",90,"DNR",2020-07-21,"present","staple",NA,NA,NA,1152,NA,"DNR snorkel monitoring. Did not sample specific to transplant method (e.g., staple, rebar, burlap, or washer). Just randomly sampled 30 quadrats in site to estimate average shoot density (± error). Site area estimated from drone imagery.",NA,"JSP_mid_P1__2017-05-26__staple__DPW","JSP_mid_P1",2017-05-26,"staple","DPW","zos_rest_methods__DNR__unspecified","test","grid",10,4,40,1.25,0.045,9,90,2.25,72,"None.","match","match","match","match"
"324","Joemma Beach State Park","Joemma Beach State Park Mid - NW - DNR - methods - 2017","CPS","0",2017-05-26,"1.25",90,"DNR",2017-07-22,"present","rebar",143,1.25,114.4,57,1.58888888888889,"DNR snorkel monitoring.",NA,"JSP_mid_P1__2017-05-26__rebar__DPW","JSP_mid_P1",2017-05-26,"rebar","DPW","zos_rest_methods__DNR__unspecified","test","grid",10,4,40,1.25,0.075,3,90,2.25,72,"None.","match","match","match","match"
"325","Joemma Beach State Park","Joemma Beach State Park Mid - NW - DNR - methods - 2017","CPS","0",2017-05-26,"1.25",90,"DNR",2017-08-21,"present","rebar",265,1.25,212,87,2.94444444444444,"DNR snorkel monitoring.",NA,"JSP_mid_P1__2017-05-26__rebar__DPW","JSP_mid_P1",2017-05-26,"rebar","DPW","zos_rest_methods__DNR__unspecified","test","grid",10,4,40,1.25,0.075,3,90,2.25,72,"None.","match","match","match","match"
"326","Joemma Beach State Park","Joemma Beach State Park Mid - NW - DNR - methods - 2017","CPS","0",2017-05-26,"1.25",90,"DNR",2018-05-18,"present","rebar",552,1.25,441.6,357,6.13333333333333,"DNR snorkel monitoring.",NA,"JSP_mid_P1__2017-05-26__rebar__DPW","JSP_mid_P1",2017-05-26,"rebar","DPW","zos_rest_methods__DNR__unspecified","test","grid",10,4,40,1.25,0.075,3,90,2.25,72,"None.","match","match","match","match"
"327","Joemma Beach State Park","Joemma Beach State Park Mid - NW - DNR - methods - 2017","CPS","0",2017-05-26,"1.25",90,"DNR",2018-07-13,"present","rebar",469,1.25,375.2,413,5.21111111111111,"DNR snorkel monitoring.",NA,"JSP_mid_P1__2017-05-26__rebar__DPW","JSP_mid_P1",2017-05-26,"rebar","DPW","zos_rest_methods__DNR__unspecified","test","grid",10,4,40,1.25,0.075,3,90,2.25,72,"None.","match","match","match","match"
"328","Joemma Beach State Park","Joemma Beach State Park Mid - NW - DNR - methods - 2017","CPS","0",2017-05-26,"1.25",90,"DNR",2018-08-09,"present","rebar",730,1.25,584,440,8.11111111111111,"DNR snorkel monitoring.",NA,"JSP_mid_P1__2017-05-26__rebar__DPW","JSP_mid_P1",2017-05-26,"rebar","DPW","zos_rest_methods__DNR__unspecified","test","grid",10,4,40,1.25,0.075,3,90,2.25,72,"None.","match","match","match","match"
"329","Joemma Beach State Park","Joemma Beach State Park Mid - NW - DNR - methods - 2017","CPS","0",2017-05-26,"1.25",90,"DNR",2019-08-01,"present","rebar",1763,1.25,1410.4,797,19.5888888888889,"DNR snorkel monitoring.",NA,"JSP_mid_P1__2017-05-26__rebar__DPW","JSP_mid_P1",2017-05-26,"rebar","DPW","zos_rest_methods__DNR__unspecified","test","grid",10,4,40,1.25,0.075,3,90,2.25,72,"None.","match","match","match","match"
"330","Joemma Beach State Park","Joemma Beach State Park Mid - NW - DNR - methods - 2017","CPS","0",2017-05-26,"1.25",90,"DNR",2020-07-21,"present","rebar",NA,NA,NA,1152,NA,"DNR snorkel monitoring.",NA,"JSP_mid_P1__2017-05-26__rebar__DPW","JSP_mid_P1",2017-05-26,"rebar","DPW","zos_rest_methods__DNR__unspecified","test","grid",10,4,40,1.25,0.075,3,90,2.25,72,"None.","match","match","match","match"
"331","Joemma Beach State Park","Joemma Beach State Park Mid - PNNL - deep - test - 2013","CPS","IAA 12-317",2013-06-05,"36",712,"PNNL",2013-12-05,"present","staple",NA,36,0,183,NA,"75% - 80% of original coverage and healthy plants, many small snails on blades, 0.75m x 8m long piece of aquaculture or construction fencing nearby",NA,"JSP_mid_deep__2013-06-05__staple__Mix","JSP_mid_deep",2013-06-05,"staple","Mix","twentypc__WDFW__PNNL","test","point",6,6,36,36,0.89,178,712,19.7777777777778,19.7777777777778,"Plants from two donor sites were tested at Joemma State Park","match","match","match","match"
"332","Joemma Beach State Park","Joemma Beach State Park Mid - PNNL - deep - test - 2013","CPS","IAA 12-317",2013-06-05,"36",712,"PNNL",2014-03-27,"present","staple",930,36,25.8333333333333,295,1.3061797752809,NA,NA,"JSP_mid_deep__2013-06-05__staple__Mix","JSP_mid_deep",2013-06-05,"staple","Mix","twentypc__WDFW__PNNL","test","point",6,6,36,36,0.89,178,712,19.7777777777778,19.7777777777778,"Plants from two donor sites were tested at Joemma State Park","match","match","match","match"
"333","Joemma Beach State Park","Joemma Beach State Park Mid - PNNL - shallow - test - 2013","CPS","IAA 12-317",2013-06-05,"36",712,"PNNL",2014-03-27,"present","staple",775,36,21.5277777777778,295,1.08848314606742,"anemic shoots",NA,"JSP_mid_shallow__2013-06-05__staple__Mix","JSP_mid_shallow",2013-06-05,"staple","Mix","twentypc__WDFW__PNNL","test","point",6,6,36,36,0.89,178,712,19.7777777777778,19.7777777777778,"Plants from two donor sites were tested at Joemma Beach State Park. Helical removed from test plot on 7 June 2016.","match","match","match","match"
"334","Joemma Beach State Park","Joemma Beach State Park Mid - PNNL - shallow - test - 2013","CPS","IAA 12-317",2013-06-05,"36",712,"PNNL",2017-07-22,"present","staple",11386,27,421.703703703704,1508,15.9915730337079,"Zm snorkel monitoring. Matt Curtis (WDFW) measured shoot density in 14, 0.25 m2, quadrats. Average shoot density = 422 +/- 50 (SE). Area was estimated from length of X and Y axes of patch, less bare area in middle.",NA,"JSP_mid_shallow__2013-06-05__staple__Mix","JSP_mid_shallow",2013-06-05,"staple","Mix","twentypc__WDFW__PNNL","test","point",6,6,36,36,0.89,178,712,19.7777777777778,19.7777777777778,"Plants from two donor sites were tested at Joemma Beach State Park. Helical removed from test plot on 7 June 2016.","match","match","match","match"
"335","Joemma Beach State Park","Joemma Beach State Park Mid - PNNL - shallow - test - 2013","CPS","IAA 12-317",2013-06-05,"36",712,"PNNL",2019-08-28,"present","staple",11911.1936856127,33.6,354.499812071806,2275,16.7292046146246,"Zm snorkel monitoring and drone aerial photography. Area estimated from digitizing drone imagery. Shoot count estimated from density measurements throughout transplants.",NA,"JSP_mid_shallow__2013-06-05__staple__Mix","JSP_mid_shallow",2013-06-05,"staple","Mix","twentypc__WDFW__PNNL","test","point",6,6,36,36,0.89,178,712,19.7777777777778,19.7777777777778,"Plants from two donor sites were tested at Joemma Beach State Park. Helical removed from test plot on 7 June 2016.","match","match","match","match"
"336","Joemma Beach State Park","Joemma Beach State Park Mid - PNNL - shallow - test - 2013","CPS","IAA 12-317",2013-06-05,"36",712,"PNNL",2020-07-19,"present","staple",NA,NA,NA,2601,NA,"Zm snorkel monitoring and drone aerial photography. Area estimated from digitizing drone imagery. Shoot count estimated from density measurements throughout transplants.",NA,"JSP_mid_shallow__2013-06-05__staple__Mix","JSP_mid_shallow",2013-06-05,"staple","Mix","twentypc__WDFW__PNNL","test","point",6,6,36,36,0.89,178,712,19.7777777777778,19.7777777777778,"Plants from two donor sites were tested at Joemma Beach State Park. Helical removed from test plot on 7 June 2016.","match","match","match","match"
"337","Joemma Beach State Park","Joemma Beach State Park Mid - SE - DNR - methods - 2017","CPS","0",2017-05-26,"1.25",90,"DNR",2017-07-22,"present","burlap",151,1.25,120.8,57,1.67777777777778,"DNR snorkel monitoring.",NA,"JSP_mid_P1__2017-05-26__burlap__DPW","JSP_mid_P1",2017-05-26,"burlap","DPW","zos_rest_methods__DNR__unspecified","test","grid",10,4,40,1.25,0.1875,3,90,2.25,72,"overall area was 10 m x 4 m (40 m2), Actual area was 5 m2 (20, 0.25 m2 plots)","match","match","match","match"
"338","Joemma Beach State Park","Joemma Beach State Park Mid - SE - DNR - methods - 2017","CPS","0",2017-05-26,"1.25",90,"DNR",2017-08-21,"present","burlap",249,1.25,199.2,87,2.76666666666667,"DNR snorkel monitoring.",NA,"JSP_mid_P1__2017-05-26__burlap__DPW","JSP_mid_P1",2017-05-26,"burlap","DPW","zos_rest_methods__DNR__unspecified","test","grid",10,4,40,1.25,0.1875,3,90,2.25,72,"overall area was 10 m x 4 m (40 m2), Actual area was 5 m2 (20, 0.25 m2 plots)","match","match","match","match"
"339","Joemma Beach State Park","Joemma Beach State Park Mid - SE - DNR - methods - 2017","CPS","0",2017-05-26,"1.25",90,"DNR",2018-05-18,"present","burlap",492,1.25,393.6,357,5.46666666666667,"DNR snorkel monitoring.",NA,"JSP_mid_P1__2017-05-26__burlap__DPW","JSP_mid_P1",2017-05-26,"burlap","DPW","zos_rest_methods__DNR__unspecified","test","grid",10,4,40,1.25,0.1875,3,90,2.25,72,"overall area was 10 m x 4 m (40 m2), Actual area was 5 m2 (20, 0.25 m2 plots)","match","match","match","match"
"340","Joemma Beach State Park","Joemma Beach State Park Mid - SE - DNR - methods - 2017","CPS","0",2017-05-26,"1.25",90,"DNR",2018-07-13,"present","burlap",465,1.25,372,413,5.16666666666667,"DNR snorkel monitoring.",NA,"JSP_mid_P1__2017-05-26__burlap__DPW","JSP_mid_P1",2017-05-26,"burlap","DPW","zos_rest_methods__DNR__unspecified","test","grid",10,4,40,1.25,0.1875,3,90,2.25,72,"overall area was 10 m x 4 m (40 m2), Actual area was 5 m2 (20, 0.25 m2 plots)","match","match","match","match"
"341","Joemma Beach State Park","Joemma Beach State Park Mid - SE - DNR - methods - 2017","CPS","0",2017-05-26,"1.25",90,"DNR",2018-08-09,"present","burlap",839,1.25,671.2,440,9.32222222222222,"DNR snorkel monitoring.",NA,"JSP_mid_P1__2017-05-26__burlap__DPW","JSP_mid_P1",2017-05-26,"burlap","DPW","zos_rest_methods__DNR__unspecified","test","grid",10,4,40,1.25,0.1875,3,90,2.25,72,"overall area was 10 m x 4 m (40 m2), Actual area was 5 m2 (20, 0.25 m2 plots)","match","match","match","match"
"342","Joemma Beach State Park","Joemma Beach State Park Mid - SE - DNR - methods - 2017","CPS","0",2017-05-26,"1.25",90,"DNR",2019-08-01,"present","burlap",2136,1.25,1708.8,797,23.7333333333333,"DNR snorkel monitoring.",NA,"JSP_mid_P1__2017-05-26__burlap__DPW","JSP_mid_P1",2017-05-26,"burlap","DPW","zos_rest_methods__DNR__unspecified","test","grid",10,4,40,1.25,0.1875,3,90,2.25,72,"overall area was 10 m x 4 m (40 m2), Actual area was 5 m2 (20, 0.25 m2 plots)","match","match","match","match"
"343","Joemma Beach State Park","Joemma Beach State Park Mid - SE - DNR - methods - 2017","CPS","0",2017-05-26,"1.25",90,"DNR",2020-07-21,"present","burlap",NA,NA,NA,1152,NA,"DNR snorkel monitoring.",NA,"JSP_mid_P1__2017-05-26__burlap__DPW","JSP_mid_P1",2017-05-26,"burlap","DPW","zos_rest_methods__DNR__unspecified","test","grid",10,4,40,1.25,0.1875,3,90,2.25,72,"overall area was 10 m x 4 m (40 m2), Actual area was 5 m2 (20, 0.25 m2 plots)","match","match","match","match"
"344","Joemma Beach State Park","Joemma Beach State Park Mid - SW - DNR - methods - 2017","CPS","0",2017-05-26,"1.25",90,"DNR",2017-07-22,"present","washer",134,1.25,107.2,57,1.48888888888889,"DNR snorkel monitoring.",NA,"JSP_mid_P1__2017-05-26__washer__DPW","JSP_mid_P1",2017-05-26,"washer","DPW","zos_rest_methods__DNR__unspecified","test","grid",10,4,40,1.25,0.0225,9,90,2.25,72,"None.","match","match","match","match"
"345","Joemma Beach State Park","Joemma Beach State Park Mid - SW - DNR - methods - 2017","CPS","0",2017-05-26,"1.25",90,"DNR",2017-08-21,"present","washer",272,1.25,217.6,87,3.02222222222222,"DNR snorkel monitoring.",NA,"JSP_mid_P1__2017-05-26__washer__DPW","JSP_mid_P1",2017-05-26,"washer","DPW","zos_rest_methods__DNR__unspecified","test","grid",10,4,40,1.25,0.0225,9,90,2.25,72,"None.","match","match","match","match"
"346","Joemma Beach State Park","Joemma Beach State Park Mid - SW - DNR - methods - 2017","CPS","0",2017-05-26,"1.25",90,"DNR",2018-05-18,"present","washer",523,1.25,418.4,357,5.81111111111111,"DNR snorkel monitoring.",NA,"JSP_mid_P1__2017-05-26__washer__DPW","JSP_mid_P1",2017-05-26,"washer","DPW","zos_rest_methods__DNR__unspecified","test","grid",10,4,40,1.25,0.0225,9,90,2.25,72,"None.","match","match","match","match"
"347","Joemma Beach State Park","Joemma Beach State Park Mid - SW - DNR - methods - 2017","CPS","0",2017-05-26,"1.25",90,"DNR",2018-07-13,"present","washer",408,1.25,326.4,413,4.53333333333333,"DNR snorkel monitoring.",NA,"JSP_mid_P1__2017-05-26__washer__DPW","JSP_mid_P1",2017-05-26,"washer","DPW","zos_rest_methods__DNR__unspecified","test","grid",10,4,40,1.25,0.0225,9,90,2.25,72,"None.","match","match","match","match"
"348","Joemma Beach State Park","Joemma Beach State Park Mid - SW - DNR - methods - 2017","CPS","0",2017-05-26,"1.25",90,"DNR",2018-08-09,"present","washer",810,1.25,648,440,9,"DNR snorkel monitoring.",NA,"JSP_mid_P1__2017-05-26__washer__DPW","JSP_mid_P1",2017-05-26,"washer","DPW","zos_rest_methods__DNR__unspecified","test","grid",10,4,40,1.25,0.0225,9,90,2.25,72,"None.","match","match","match","match"
"349","Joemma Beach State Park","Joemma Beach State Park Mid - SW - DNR - methods - 2017","CPS","0",2017-05-26,"1.25",90,"DNR",2019-08-01,"present","washer",2209,1.25,1767.2,797,24.5444444444444,"DNR snorkel monitoring.",NA,"JSP_mid_P1__2017-05-26__washer__DPW","JSP_mid_P1",2017-05-26,"washer","DPW","zos_rest_methods__DNR__unspecified","test","grid",10,4,40,1.25,0.0225,9,90,2.25,72,"None.","match","match","match","match"
"350","Joemma Beach State Park","Joemma Beach State Park Mid - SW - DNR - methods - 2017","CPS","0",2017-05-26,"1.25",90,"DNR",2020-07-21,"present","washer",NA,NA,NA,1152,NA,"DNR snorkel monitoring.",NA,"JSP_mid_P1__2017-05-26__washer__DPW","JSP_mid_P1",2017-05-26,"washer","DPW","zos_rest_methods__DNR__unspecified","test","grid",10,4,40,1.25,0.0225,9,90,2.25,72,"None.","match","match","match","match"
"351","Joemma Beach State Park","Joemma Beach State Park Mid North - NW - PNNL - large - 2015","CPS","IAA 12-317.1",2015-06-07,"151",12000,"HC",2016-05-16,"present","staple",NA,NA,NA,344,NA,"HC monitored PNNL's large scale transplants at Joemma. Observed shoots at about 8.8 shoots m-2.",NA,"JSP_mid_north_P1__2015-06-07__staple__Mix","JSP_mid_north_P1",2015-06-07,"staple","Mix","zos_rest_ps__DNR__PNNL","large scale","polygon",60,40,2400,151.25,15,3000,12000,5,79.3388429752066,"4","match","no_match","match","match"
"352","Joemma Beach State Park","Joemma Beach State Park Mid North - NW - PNNL - large - 2015","CPS","IAA 12-317.1",2015-06-07,"151",12000,"DNR",2016-06-06,"present","staple",2286,38,60.1578947368421,365,0.1905,"DNR shoot counts along entire transects. Measured density in 152 , 0.25 m2, quadrats. Measured width of transects every meter and extrapolated area to calculate 38 m2 of Zm.",NA,"JSP_mid_north_P1__2015-06-07__staple__Mix","JSP_mid_north_P1",2015-06-07,"staple","Mix","zos_rest_ps__DNR__PNNL","large scale","polygon",60,40,2400,151.25,15,3000,12000,5,79.3388429752066,"4","match","no_match","match","match"
"353","Joemma Beach State Park","Joemma Beach State Park Mid North - NW - PNNL - large - 2015","CPS","IAA 12-317.1",2015-06-07,"151",12000,"DNR",2017-06-23,"present","staple",37078,148.9,249.012760241773,747,3.08983333333333,"DNR shoot counts along entire transects. Measured density in 126 , 0.25 m2, quadrats. Measured width of transects every meter and extrapolated area to calculate 148.9 m2 of Zm at site.",NA,"JSP_mid_north_P1__2015-06-07__staple__Mix","JSP_mid_north_P1",2015-06-07,"staple","Mix","zos_rest_ps__DNR__PNNL","large scale","polygon",60,40,2400,151.25,15,3000,12000,5,79.3388429752066,"4","match","no_match","match","match"
"354","Joemma Beach State Park","Joemma Beach State Park Mid North - NW - PNNL - large - 2015","CPS","IAA 12-317.1",2015-06-07,"151",12000,"DNR",2018-06-16,"present","staple",5769,86,67.0813953488372,1105,0.48075,"DNR shoot counts along entire transects. Measured density in 170 , 0.25 m2, quadrats. Measured width of transects every meter and extrapolated area to calculate 86.1 m2 of Zm at site.",NA,"JSP_mid_north_P1__2015-06-07__staple__Mix","JSP_mid_north_P1",2015-06-07,"staple","Mix","zos_rest_ps__DNR__PNNL","large scale","polygon",60,40,2400,151.25,15,3000,12000,5,79.3388429752066,"4","match","no_match","match","match"
"355","Joemma Beach State Park","Joemma Beach State Park Mid North - NW - PNNL - large - 2015","CPS","IAA 12-317.1",2015-06-07,"151",12000,"DNR",2019-08-28,"present","staple",7340,23.4,313.675213675214,1543,0.611666666666667,"Zm snorkel monitoring and drone aerial photography. Area estimated from digitizing drone imagery. Shoot count estimated from density measurements throughout transplants.",NA,"JSP_mid_north_P1__2015-06-07__staple__Mix","JSP_mid_north_P1",2015-06-07,"staple","Mix","zos_rest_ps__DNR__PNNL","large scale","polygon",60,40,2400,151.25,15,3000,12000,5,79.3388429752066,"4","match","no_match","match","match"
"356","Joemma Beach State Park","Joemma Beach State Park Mid North - NW - PNNL - large - 2015","CPS","IAA 12-317.1",2015-06-07,"151",12000,"DNR",2020-07-18,"present","staple",NA,NA,NA,1868,NA,"Zm snorkel monitoring and drone aerial photography. Area estimated from digitizing drone imagery. Shoot count estimated from density measurements throughout all transplants sampled.",NA,"JSP_mid_north_P1__2015-06-07__staple__Mix","JSP_mid_north_P1",2015-06-07,"staple","Mix","zos_rest_ps__DNR__PNNL","large scale","polygon",60,40,2400,151.25,15,3000,12000,5,79.3388429752066,"4","match","no_match","match","match"
"357","Joemma Beach State Park","Joemma Beach State Park Mid North - NW - PNNL - large - 2015","CPS","IAA 12-317.1",2015-06-07,"151",12000,"DNR",2021-07-18,"present","staple",NA,NA,NA,NA,NA,NA,NA,"JSP_mid_north_P1__2015-06-07__staple__Mix","JSP_mid_north_P1",2015-06-07,"staple","Mix","zos_rest_ps__DNR__PNNL","large scale","polygon",60,40,2400,151.25,15,3000,12000,5,79.3388429752066,"4","match","no_match","match","match"
"358","Joemma Beach State Park","Joemma Beach State Park Mid North - NW - PNNL - large - 2015","CPS","IAA 12-317.1",2015-06-07,"151",12000,"DNR",2022-07-18,"present","staple",NA,NA,NA,NA,NA,NA,NA,"JSP_mid_north_P1__2015-06-07__staple__Mix","JSP_mid_north_P1",2015-06-07,"staple","Mix","zos_rest_ps__DNR__PNNL","large scale","polygon",60,40,2400,151.25,15,3000,12000,5,79.3388429752066,"4","match","no_match","match","match"
"359","Joemma Beach State Park","Joemma Beach State Park Mid North - NW - PNNL - large - 2015","CPS","IAA 12-317.1",2015-06-07,"151",12000,"DNR",2023-07-18,"present","staple",NA,NA,NA,NA,NA,NA,NA,"JSP_mid_north_P1__2015-06-07__staple__Mix","JSP_mid_north_P1",2015-06-07,"staple","Mix","zos_rest_ps__DNR__PNNL","large scale","polygon",60,40,2400,151.25,15,3000,12000,5,79.3388429752066,"4","match","no_match","match","match"
"360","Joemma Beach State Park","Joemma Beach State Park Mid North - NW - PNNL - large - 2015","CPS","IAA 12-317.1",2015-06-07,"151",12000,"DNR",2024-07-18,"present","staple",NA,NA,NA,NA,NA,NA,NA,"JSP_mid_north_P1__2015-06-07__staple__Mix","JSP_mid_north_P1",2015-06-07,"staple","Mix","zos_rest_ps__DNR__PNNL","large scale","polygon",60,40,2400,151.25,15,3000,12000,5,79.3388429752066,"4","match","no_match","match","match"
"361","Joemma Beach State Park","Joemma Beach State Park Mid North - NW - PNNL - large - 2015","CPS","IAA 12-317.1",2015-06-07,"151",12000,"DNR",2025-04-01,"present","staple",NA,NA,NA,NA,NA,"visited site and Zm seemed very small and thinned out.",NA,"JSP_mid_north_P1__2015-06-07__staple__Mix","JSP_mid_north_P1",2015-06-07,"staple","Mix","zos_rest_ps__DNR__PNNL","large scale","polygon",60,40,2400,151.25,15,3000,12000,5,79.3388429752066,"4","match","no_match","match","match"
"362","Joemma Beach State Park","Joemma Beach State Park Mid North - NW - PNNL - large - 2015","CPS","IAA 12-317.1",2015-06-07,"151",12000,"DNR",2025-04-03,"present","staple",NA,NA,NA,NA,NA,"snorkeled and captured a number of photos. No Zm counts taken. Again, Zm seemed diminutive, but present. There was also quite a bit of wood waste at the site from the Whiteman Cove restoration.",NA,"JSP_mid_north_P1__2015-06-07__staple__Mix","JSP_mid_north_P1",2015-06-07,"staple","Mix","zos_rest_ps__DNR__PNNL","large scale","polygon",60,40,2400,151.25,15,3000,12000,5,79.3388429752066,"4","match","no_match","match","match"
"363","Joemma Beach State Park","Joemma Beach State Park Mid South - W - PNNL - large - 2015","CPS","IAA 12-317.1",2015-05-17,"126",10200,"DNR",2016-06-06,"present","staple",4326,31,139.548387096774,386,0.424117647058824,"DNR shoot counts along entire transects. Measured density in 124 , 0.25 m2, quadrats. Measured width of transects every meter and extrapolated area to calculate 31 m2 of Zm.",NA,"JSP_mid_south_P1__2015-05-17__staple__Mix","JSP_mid_south_P1",2015-05-17,"staple","Mix","zos_rest_ps__DNR__PNNL","large scale","polygon",50,40,2000,126.25,12.75,2550,10200,5.1,80.7920792079208,"4","match","no_match","match","match"
"364","Joemma Beach State Park","Joemma Beach State Park Mid South - W - PNNL - large - 2015","CPS","IAA 12-317.1",2015-05-17,"126",10200,"DNR",2017-06-23,"present","staple",80680,198,407.474747474747,768,7.90980392156863,"DNR shoot counts along entire transects. Removed transplant staples along transect 2 at the south PNNL site b/c no Zm survived.",NA,"JSP_mid_south_P1__2015-05-17__staple__Mix","JSP_mid_south_P1",2015-05-17,"staple","Mix","zos_rest_ps__DNR__PNNL","large scale","polygon",50,40,2000,126.25,12.75,2550,10200,5.1,80.7920792079208,"4","match","no_match","match","match"
"365","Joemma Beach State Park","Joemma Beach State Park Mid South - W - PNNL - large - 2015","CPS","IAA 12-317.1",2015-05-17,"126",10200,"DNR",2018-06-16,"present","staple",62649,271,231.177121771218,1126,6.14205882352941,"DNR shoot counts along entire transects",NA,"JSP_mid_south_P1__2015-05-17__staple__Mix","JSP_mid_south_P1",2015-05-17,"staple","Mix","zos_rest_ps__DNR__PNNL","large scale","polygon",50,40,2000,126.25,12.75,2550,10200,5.1,80.7920792079208,"4","match","no_match","match","match"
"366","Joemma Beach State Park","Joemma Beach State Park Mid South - W - PNNL - large - 2015","CPS","IAA 12-317.1",2015-05-17,"126",10200,"DNR",2019-08-28,"present","staple",246003.20592695,351.049796672055,700.7644164989,1564,24.1179613653873,"Zm snorkel monitoring and drone aerial photography. Area estimated from digitizing drone imagery. Shoot count estimated from density measurements throughout transplants.",NA,"JSP_mid_south_P1__2015-05-17__staple__Mix","JSP_mid_south_P1",2015-05-17,"staple","Mix","zos_rest_ps__DNR__PNNL","large scale","polygon",50,40,2000,126.25,12.75,2550,10200,5.1,80.7920792079208,"4","match","no_match","match","match"
"367","Joemma Beach State Park","Joemma Beach State Park Mid South - W - PNNL - large - 2015","CPS","IAA 12-317.1",2015-05-17,"126",10200,"DNR",2020-07-20,"present","staple",NA,NA,NA,1891,NA,"Zm snorkel monitoring and drone aerial photography. Area estimated from digitizing drone imagery. Shoot count estimated from density measurements throughout all transplants sampled.",NA,"JSP_mid_south_P1__2015-05-17__staple__Mix","JSP_mid_south_P1",2015-05-17,"staple","Mix","zos_rest_ps__DNR__PNNL","large scale","polygon",50,40,2000,126.25,12.75,2550,10200,5.1,80.7920792079208,"4","match","no_match","match","match"
"368","Joemma Beach State Park","Joemma Beach State Park Mid South - W - PNNL - large - 2015","CPS","IAA 12-317.1",2015-05-17,"126",10200,"DNR",2022-08-10,"present","staple",NA,NA,NA,2642,NA,"Qualitative assessment via snorkel survey during sensor swap. Plants looked great!",NA,"JSP_mid_south_P1__2015-05-17__staple__Mix","JSP_mid_south_P1",2015-05-17,"staple","Mix","zos_rest_ps__DNR__PNNL","large scale","polygon",50,40,2000,126.25,12.75,2550,10200,5.1,80.7920792079208,"4","match","no_match","match","match"
"369","Joemma Beach State Park","Joemma Beach State Park Mid South - W - PNNL - large - 2015","CPS","IAA 12-317.1",2015-05-17,"126",10200,"DNR",2022-07-11,"present","staple",NA,NA,NA,2612,NA,"Quantitative assessment via snorkel survey at entire site. UAV surveys conducted on 07/12/2022.",NA,"JSP_mid_south_P1__2015-05-17__staple__Mix","JSP_mid_south_P1",2015-05-17,"staple","Mix","zos_rest_ps__DNR__PNNL","large scale","polygon",50,40,2000,126.25,12.75,2550,10200,5.1,80.7920792079208,"4","match","no_match","match","match"
"370","Joemma Beach State Park","Joemma Beach State Park Mid South - W - PNNL - large - 2015","CPS","IAA 12-317.1",2015-05-17,"126",10200,"DNR",2022-07-12,"present","staple",NA,NA,NA,2613,NA,"Quantitative assessment via snorkel survey at entire site. UAV surveys conducted on 07/12/2022.",NA,"JSP_mid_south_P1__2015-05-17__staple__Mix","JSP_mid_south_P1",2015-05-17,"staple","Mix","zos_rest_ps__DNR__PNNL","large scale","polygon",50,40,2000,126.25,12.75,2550,10200,5.1,80.7920792079208,"4","match","no_match","match","match"
"371","Joemma Beach State Park","Joemma Beach State Park Mid South - W - PNNL - large - 2015","CPS","IAA 12-317.1",2015-05-17,"126",10200,"DNR",2023-04-21,"present","staple",NA,NA,NA,2896,NA,"Qualitative assessment via snorkeling while swapping sensors. All looked good. Some reproductive shoots at the Anderson Island 2013 shallow test plot and the DuPont Whart 2016 test plots on Transect 3.",NA,"JSP_mid_south_P1__2015-05-17__staple__Mix","JSP_mid_south_P1",2015-05-17,"staple","Mix","zos_rest_ps__DNR__PNNL","large scale","polygon",50,40,2000,126.25,12.75,2550,10200,5.1,80.7920792079208,"4","match","no_match","match","match"
"372","Joemma Beach State Park","Joemma Beach State Park Mid South - W - PNNL - large - 2015","CPS","IAA 12-317.1",2015-05-17,"126",10200,"DNR",2024-04-21,"present","staple",NA,NA,NA,3262,NA,"Qualitative assessment via snorkeling while swapping sensors. All looked good. Some reproductive shoots at the Anderson Island 2013 shallow test plot and the DuPont Whart 2016 test plots on Transect 3.",NA,"JSP_mid_south_P1__2015-05-17__staple__Mix","JSP_mid_south_P1",2015-05-17,"staple","Mix","zos_rest_ps__DNR__PNNL","large scale","polygon",50,40,2000,126.25,12.75,2550,10200,5.1,80.7920792079208,"4","match","no_match","match","match"
"373","Joemma Beach State Park","Joemma Beach State Park Mid South - W - PNNL - large - 2015","CPS","IAA 12-317.1",2015-05-17,"126",10200,"DNR",2025-04-01,"present","staple",NA,NA,NA,NA,NA,"visited site and Zm seemed very small and thinned out.",NA,"JSP_mid_south_P1__2015-05-17__staple__Mix","JSP_mid_south_P1",2015-05-17,"staple","Mix","zos_rest_ps__DNR__PNNL","large scale","polygon",50,40,2000,126.25,12.75,2550,10200,5.1,80.7920792079208,"4","match","no_match","match","match"
"374","Joemma Beach State Park","Joemma Beach State Park Mid South - W - PNNL - large - 2015","CPS","IAA 12-317.1",2015-05-17,"126",10200,"DNR",2025-04-03,"present","staple",NA,NA,NA,NA,NA,"snorkeled and captured a number of photos. No Zm counts taken. Again, Zm seemed diminutive, but present. There was also quite a bit of wood waste at the site from the Whiteman Cove restoration.",NA,"JSP_mid_south_P1__2015-05-17__staple__Mix","JSP_mid_south_P1",2015-05-17,"staple","Mix","zos_rest_ps__DNR__PNNL","large scale","polygon",50,40,2000,126.25,12.75,2550,10200,5.1,80.7920792079208,"4","match","no_match","match","match"
"375","Joemma Beach State Park","Joemma Beach State Park North - NE - DNR - methods - 2017","CPS","0",2017-05-26,"1.25",90,"DNR",2017-07-22,"present","staple",112,1.25,89.6,57,1.24444444444444,"DNR snorkel monitoring.",NA,"JSP_north_P1__2017-05-26__staple__DPW","JSP_north_P1",2017-05-26,"staple","DPW","zos_rest_methods__DNR__unspecified","test","grid",10,4,40,1.25,0.045,9,90,2.25,72,"None.","match","match","match","match"
"376","Joemma Beach State Park","Joemma Beach State Park North - NE - DNR - methods - 2017","CPS","0",2017-05-26,"1.25",90,"DNR",2017-08-21,"present","staple",137,1.25,109.6,87,1.52222222222222,"DNR snorkel monitoring.",NA,"JSP_north_P1__2017-05-26__staple__DPW","JSP_north_P1",2017-05-26,"staple","DPW","zos_rest_methods__DNR__unspecified","test","grid",10,4,40,1.25,0.045,9,90,2.25,72,"None.","match","match","match","match"
"377","Joemma Beach State Park","Joemma Beach State Park North - NE - DNR - methods - 2017","CPS","0",2017-05-26,"1.25",90,"DNR",2018-05-18,"present","staple",29,1.25,23.2,357,0.322222222222222,"DNR snorkel monitoring.",NA,"JSP_north_P1__2017-05-26__staple__DPW","JSP_north_P1",2017-05-26,"staple","DPW","zos_rest_methods__DNR__unspecified","test","grid",10,4,40,1.25,0.045,9,90,2.25,72,"None.","match","match","match","match"
"378","Joemma Beach State Park","Joemma Beach State Park North - NE - DNR - methods - 2017","CPS","0",2017-05-26,"1.25",90,"DNR",2018-07-13,"present","staple",8,1.25,6.4,413,0.0888888888888889,"DNR snorkel monitoring.",NA,"JSP_north_P1__2017-05-26__staple__DPW","JSP_north_P1",2017-05-26,"staple","DPW","zos_rest_methods__DNR__unspecified","test","grid",10,4,40,1.25,0.045,9,90,2.25,72,"None.","match","match","match","match"
"379","Joemma Beach State Park","Joemma Beach State Park North - NE - DNR - methods - 2017","CPS","0",2017-05-26,"1.25",90,"DNR",2018-08-09,"present","staple",9,1.25,7.2,440,0.1,"DNR snorkel monitoring.",NA,"JSP_north_P1__2017-05-26__staple__DPW","JSP_north_P1",2017-05-26,"staple","DPW","zos_rest_methods__DNR__unspecified","test","grid",10,4,40,1.25,0.045,9,90,2.25,72,"None.","match","match","match","match"
"380","Joemma Beach State Park","Joemma Beach State Park North - NE - DNR - methods - 2017","CPS","0",2017-05-26,"1.25",90,"DNR",2019-08-01,"present","staple",98,1.25,78.4,797,1.08888888888889,"DNR snorkel monitoring.",NA,"JSP_north_P1__2017-05-26__staple__DPW","JSP_north_P1",2017-05-26,"staple","DPW","zos_rest_methods__DNR__unspecified","test","grid",10,4,40,1.25,0.045,9,90,2.25,72,"None.","match","match","match","match"
"381","Joemma Beach State Park","Joemma Beach State Park North - NE - DNR - methods - 2017","CPS","0",2017-05-26,"1.25",90,"DNR",2020-07-21,"present","staple",241,2,120.5,1152,2.67777777777778,"DNR snorkel monitoring. Canopy heights = 42, 30, 85. Area estimated at 1 m x 2 m (2 m2).",NA,"JSP_north_P1__2017-05-26__staple__DPW","JSP_north_P1",2017-05-26,"staple","DPW","zos_rest_methods__DNR__unspecified","test","grid",10,4,40,1.25,0.045,9,90,2.25,72,"None.","match","match","match","match"
"382","Joemma Beach State Park","Joemma Beach State Park North - north - HC - test - 2016","CPS","SC 16-17",2016-05-17,"75",780,"DNR",2016-07-06,"present","burlap",NA,NA,NA,50,NA,"DNR snorkel monitoring. Plants looked OK to good. Lots of algae. Seems as though site is a depositional area for algae. Staples up and catching algae (ulvoids).",NA,"JSP_north__2016-05-17__burlap__RKB","JSP_north",2016-05-17,"burlap","RKB","zos_rest_ps__WDFW__Hart Crowser","test","line",25,5,125,75,9.75,156,780,6.24,10.4,"transect line that includes 3 test plots","match","match","match","match"
"383","Joemma Beach State Park","Joemma Beach State Park North - north - HC - test - 2016","CPS","SC 16-17",2016-05-17,"75",780,"DNR",2016-08-18,"present","burlap",NA,NA,NA,93,NA,"DNR snorkel monitoring. Zm looked OK.",NA,"JSP_north__2016-05-17__burlap__RKB","JSP_north",2016-05-17,"burlap","RKB","zos_rest_ps__WDFW__Hart Crowser","test","line",25,5,125,75,9.75,156,780,6.24,10.4,"transect line that includes 3 test plots","match","match","match","match"
"384","Joemma Beach State Park","Joemma Beach State Park North - north - HC - test - 2016","CPS","SC 16-17",2016-05-17,"75",780,"DNR",2018-06-16,"absent","burlap",0,NA,NA,760,0,"DNR monitoring from boat. No Zm found.",NA,"JSP_north__2016-05-17__burlap__RKB","JSP_north",2016-05-17,"burlap","RKB","zos_rest_ps__WDFW__Hart Crowser","test","line",25,5,125,75,9.75,156,780,6.24,10.4,"transect line that includes 3 test plots","match","match","match","match"
"385","Joemma Beach State Park","Joemma Beach State Park North - NW - DNR - methods - 2017","CPS","0",2017-05-26,"1.25",90,"DNR",2017-07-22,"present","rebar",95,1.25,76,57,1.05555555555556,"DNR snorkel monitoring.",NA,"JSP_north_P1__2017-05-26__rebar__DPW","JSP_north_P1",2017-05-26,"rebar","DPW","zos_rest_methods__DNR__unspecified","test","grid",10,4,40,1.25,0.075,3,90,2.25,72,"None.","match","match","match","match"
"386","Joemma Beach State Park","Joemma Beach State Park North - NW - DNR - methods - 2017","CPS","0",2017-05-26,"1.25",90,"DNR",2017-08-21,"present","rebar",93,1.25,74.4,87,1.03333333333333,"DNR snorkel monitoring.",NA,"JSP_north_P1__2017-05-26__rebar__DPW","JSP_north_P1",2017-05-26,"rebar","DPW","zos_rest_methods__DNR__unspecified","test","grid",10,4,40,1.25,0.075,3,90,2.25,72,"None.","match","match","match","match"
"387","Joemma Beach State Park","Joemma Beach State Park North - NW - DNR - methods - 2017","CPS","0",2017-05-26,"1.25",90,"DNR",2018-05-18,"present","rebar",36,1.25,28.8,357,0.4,"DNR snorkel monitoring.",NA,"JSP_north_P1__2017-05-26__rebar__DPW","JSP_north_P1",2017-05-26,"rebar","DPW","zos_rest_methods__DNR__unspecified","test","grid",10,4,40,1.25,0.075,3,90,2.25,72,"None.","match","match","match","match"
"388","Joemma Beach State Park","Joemma Beach State Park North - NW - DNR - methods - 2017","CPS","0",2017-05-26,"1.25",90,"DNR",2018-07-13,"present","rebar",13,1.25,10.4,413,0.144444444444444,"DNR snorkel monitoring.",NA,"JSP_north_P1__2017-05-26__rebar__DPW","JSP_north_P1",2017-05-26,"rebar","DPW","zos_rest_methods__DNR__unspecified","test","grid",10,4,40,1.25,0.075,3,90,2.25,72,"None.","match","match","match","match"
"389","Joemma Beach State Park","Joemma Beach State Park North - NW - DNR - methods - 2017","CPS","0",2017-05-26,"1.25",90,"DNR",2018-08-09,"present","rebar",15,1.25,12,440,0.166666666666667,"DNR snorkel monitoring.",NA,"JSP_north_P1__2017-05-26__rebar__DPW","JSP_north_P1",2017-05-26,"rebar","DPW","zos_rest_methods__DNR__unspecified","test","grid",10,4,40,1.25,0.075,3,90,2.25,72,"None.","match","match","match","match"
"390","Joemma Beach State Park","Joemma Beach State Park North - NW - DNR - methods - 2017","CPS","0",2017-05-26,"1.25",90,"DNR",2019-08-01,"absent","rebar",0,1.25,0,797,0,"DNR snorkel monitoring.",NA,"JSP_north_P1__2017-05-26__rebar__DPW","JSP_north_P1",2017-05-26,"rebar","DPW","zos_rest_methods__DNR__unspecified","test","grid",10,4,40,1.25,0.075,3,90,2.25,72,"None.","match","match","match","match"
"391","Joemma Beach State Park","Joemma Beach State Park North - NW - DNR - methods - 2017","CPS","0",2017-05-26,"1.25",90,"DNR",2020-07-21,"absent","rebar",0,NA,NA,1152,0,"DNR snorkel monitoring.",NA,"JSP_north_P1__2017-05-26__rebar__DPW","JSP_north_P1",2017-05-26,"rebar","DPW","zos_rest_methods__DNR__unspecified","test","grid",10,4,40,1.25,0.075,3,90,2.25,72,"None.","match","match","match","match"
"392","Joemma Beach State Park","Joemma Beach State Park North - SE - DNR - methods - 2017","CPS","0",2017-05-26,"1.25",90,"DNR",2017-07-22,"present","burlap",112,1.25,89.6,57,1.24444444444444,"DNR snorkel monitoring.",NA,"JSP_north_P1__2017-05-26__burlap__DPW","JSP_north_P1",2017-05-26,"burlap","DPW","zos_rest_methods__DNR__unspecified","test","grid",10,4,40,1.25,0.1875,3,90,2.25,72,"overall area was 10 m x 4 m (40 m2), Actual area was 5 m2 (20, 0.25 m2 plots)","match","match","match","match"
"393","Joemma Beach State Park","Joemma Beach State Park North - SE - DNR - methods - 2017","CPS","0",2017-05-26,"1.25",90,"DNR",2017-08-21,"present","burlap",162,1.25,129.6,87,1.8,"DNR snorkel monitoring.",NA,"JSP_north_P1__2017-05-26__burlap__DPW","JSP_north_P1",2017-05-26,"burlap","DPW","zos_rest_methods__DNR__unspecified","test","grid",10,4,40,1.25,0.1875,3,90,2.25,72,"overall area was 10 m x 4 m (40 m2), Actual area was 5 m2 (20, 0.25 m2 plots)","match","match","match","match"
"394","Joemma Beach State Park","Joemma Beach State Park North - SE - DNR - methods - 2017","CPS","0",2017-05-26,"1.25",90,"DNR",2018-05-18,"present","burlap",30,1.25,24,357,0.333333333333333,"DNR snorkel monitoring.",NA,"JSP_north_P1__2017-05-26__burlap__DPW","JSP_north_P1",2017-05-26,"burlap","DPW","zos_rest_methods__DNR__unspecified","test","grid",10,4,40,1.25,0.1875,3,90,2.25,72,"overall area was 10 m x 4 m (40 m2), Actual area was 5 m2 (20, 0.25 m2 plots)","match","match","match","match"
"395","Joemma Beach State Park","Joemma Beach State Park North - SE - DNR - methods - 2017","CPS","0",2017-05-26,"1.25",90,"DNR",2018-07-13,"present","burlap",14,1.25,11.2,413,0.155555555555556,"DNR snorkel monitoring.",NA,"JSP_north_P1__2017-05-26__burlap__DPW","JSP_north_P1",2017-05-26,"burlap","DPW","zos_rest_methods__DNR__unspecified","test","grid",10,4,40,1.25,0.1875,3,90,2.25,72,"overall area was 10 m x 4 m (40 m2), Actual area was 5 m2 (20, 0.25 m2 plots)","match","match","match","match"
"396","Joemma Beach State Park","Joemma Beach State Park North - SE - DNR - methods - 2017","CPS","0",2017-05-26,"1.25",90,"DNR",2018-08-09,"present","burlap",7,1.25,5.6,440,0.0777777777777778,"DNR snorkel monitoring.",NA,"JSP_north_P1__2017-05-26__burlap__DPW","JSP_north_P1",2017-05-26,"burlap","DPW","zos_rest_methods__DNR__unspecified","test","grid",10,4,40,1.25,0.1875,3,90,2.25,72,"overall area was 10 m x 4 m (40 m2), Actual area was 5 m2 (20, 0.25 m2 plots)","match","match","match","match"
"397","Joemma Beach State Park","Joemma Beach State Park North - SE - DNR - methods - 2017","CPS","0",2017-05-26,"1.25",90,"DNR",2019-08-01,"absent","burlap",0,1.25,0,797,0,"DNR snorkel monitoring.",NA,"JSP_north_P1__2017-05-26__burlap__DPW","JSP_north_P1",2017-05-26,"burlap","DPW","zos_rest_methods__DNR__unspecified","test","grid",10,4,40,1.25,0.1875,3,90,2.25,72,"overall area was 10 m x 4 m (40 m2), Actual area was 5 m2 (20, 0.25 m2 plots)","match","match","match","match"
"398","Joemma Beach State Park","Joemma Beach State Park North - SE - DNR - methods - 2017","CPS","0",2017-05-26,"1.25",90,"DNR",2020-07-21,"absent","burlap",0,NA,NA,1152,0,"DNR snorkel monitoring.",NA,"JSP_north_P1__2017-05-26__burlap__DPW","JSP_north_P1",2017-05-26,"burlap","DPW","zos_rest_methods__DNR__unspecified","test","grid",10,4,40,1.25,0.1875,3,90,2.25,72,"overall area was 10 m x 4 m (40 m2), Actual area was 5 m2 (20, 0.25 m2 plots)","match","match","match","match"
"399","Joemma Beach State Park","Joemma Beach State Park North - south - HC - test 1 - 2017","CPS","SC 16-17",2017-05-04,"39",1042,"HC",2017-07-18,"present","turf",265,NA,NA,75,0.254318618042226,"HC monitoring",NA,"JSP_north_L1__2017-05-04__turf__RKB","JSP_north_L1",2017-05-04,"turf","RKB","zos_rest_ps__WDFW__Hart Crowser","test","line",5,5,25,39,1.04,104,1042,41.68,26.7179487179487,"Referred to as 'Joemma Beach State Park 1' in final report. Turfs plant 5-15 shoots per staple (X= ~10 shoots/staple b/c donor site was Rocky Bay). Estimated number of PUs at test-transplant site as 1042/10 = 104","match","match","match","match"
"400","Joemma Beach State Park","Joemma Beach State Park North - south - HC - test 1 - 2017","CPS","SC 16-17",2017-05-04,"39",1042,"DNR",2018-06-16,"absent","turf",0,NA,NA,408,0,"DNR snorkel monitoring. No Zm found.",NA,"JSP_north_L1__2017-05-04__turf__RKB","JSP_north_L1",2017-05-04,"turf","RKB","zos_rest_ps__WDFW__Hart Crowser","test","line",5,5,25,39,1.04,104,1042,41.68,26.7179487179487,"Referred to as 'Joemma Beach State Park 1' in final report. Turfs plant 5-15 shoots per staple (X= ~10 shoots/staple b/c donor site was Rocky Bay). Estimated number of PUs at test-transplant site as 1042/10 = 104","match","match","match","match"
"401","Joemma Beach State Park","Joemma Beach State Park North - south - HC - test 1 - 2017","CPS","SC 16-17",2017-05-04,"39",1042,"DNR",2019-08-14,"absent","turf",0,NA,NA,832,0,"DNR monitoring from boat. No Zm found.",NA,"JSP_north_L1__2017-05-04__turf__RKB","JSP_north_L1",2017-05-04,"turf","RKB","zos_rest_ps__WDFW__Hart Crowser","test","line",5,5,25,39,1.04,104,1042,41.68,26.7179487179487,"Referred to as 'Joemma Beach State Park 1' in final report. Turfs plant 5-15 shoots per staple (X= ~10 shoots/staple b/c donor site was Rocky Bay). Estimated number of PUs at test-transplant site as 1042/10 = 104","match","match","match","match"
"402","Joemma Beach State Park","Joemma Beach State Park North - south - HC - test 2 - 2017","CPS","SC 16-17",2017-05-04,"39",1052,"HC",2017-07-18,"present","turf",468,NA,NA,75,0.444866920152091,"HC monitoring",NA,"JSP_north_L2__2017-05-04__turf__RKB","JSP_north_L2",2017-05-04,"turf","RKB","zos_rest_ps__WDFW__Hart Crowser","test","line",5,5,25,39,1.05,105,1052,42.08,26.974358974359,"Referred to as 'Joemma Beach State Park 2' in final report. Turfs plant 5-15 shoots per staple (X= ~10 shoots/staple b/c donor site was Rocky Bay). Estimated number of PUs at test-transplant site as 1052/10 = 105","match","match","match","match"
"403","Joemma Beach State Park","Joemma Beach State Park North - south - HC - test 2 - 2017","CPS","SC 16-17",2017-05-04,"39",1052,"DNR",2018-06-16,"absent","turf",0,NA,NA,408,0,"DNR snorkel monitoring. No Zm found.",NA,"JSP_north_L2__2017-05-04__turf__RKB","JSP_north_L2",2017-05-04,"turf","RKB","zos_rest_ps__WDFW__Hart Crowser","test","line",5,5,25,39,1.05,105,1052,42.08,26.974358974359,"Referred to as 'Joemma Beach State Park 2' in final report. Turfs plant 5-15 shoots per staple (X= ~10 shoots/staple b/c donor site was Rocky Bay). Estimated number of PUs at test-transplant site as 1052/10 = 105","match","match","match","match"
"404","Joemma Beach State Park","Joemma Beach State Park North - south - HC - test 2 - 2017","CPS","SC 16-17",2017-05-04,"39",1052,"DNR",2019-08-14,"absent","turf",0,NA,NA,832,0,"DNR monitoring from boat. No Zm found.",NA,"JSP_north_L2__2017-05-04__turf__RKB","JSP_north_L2",2017-05-04,"turf","RKB","zos_rest_ps__WDFW__Hart Crowser","test","line",5,5,25,39,1.05,105,1052,42.08,26.974358974359,"Referred to as 'Joemma Beach State Park 2' in final report. Turfs plant 5-15 shoots per staple (X= ~10 shoots/staple b/c donor site was Rocky Bay). Estimated number of PUs at test-transplant site as 1052/10 = 105","match","match","match","match"
"405","Joemma Beach State Park","Joemma Beach State Park North - SW - DNR - methods - 2017","CPS","0",2017-05-26,"1.25",90,"DNR",2017-07-22,"present","washer",106,1.25,84.8,57,1.17777777777778,"DNR snorkel monitoring.",NA,"JSP_north_P1__2017-05-26__washer__DPW","JSP_north_P1",2017-05-26,"washer","DPW","zos_rest_methods__DNR__unspecified","test","grid",10,4,40,1.25,0.0225,9,90,2.25,72,"None.","match","match","match","match"
"406","Joemma Beach State Park","Joemma Beach State Park North - SW - DNR - methods - 2017","CPS","0",2017-05-26,"1.25",90,"DNR",2017-08-21,"present","washer",160,1.25,128,87,1.77777777777778,"DNR snorkel monitoring.",NA,"JSP_north_P1__2017-05-26__washer__DPW","JSP_north_P1",2017-05-26,"washer","DPW","zos_rest_methods__DNR__unspecified","test","grid",10,4,40,1.25,0.0225,9,90,2.25,72,"None.","match","match","match","match"
"407","Joemma Beach State Park","Joemma Beach State Park North - SW - DNR - methods - 2017","CPS","0",2017-05-26,"1.25",90,"DNR",2018-05-18,"present","washer",40,1.25,32,357,0.444444444444444,"DNR snorkel monitoring.",NA,"JSP_north_P1__2017-05-26__washer__DPW","JSP_north_P1",2017-05-26,"washer","DPW","zos_rest_methods__DNR__unspecified","test","grid",10,4,40,1.25,0.0225,9,90,2.25,72,"None.","match","match","match","match"
"408","Joemma Beach State Park","Joemma Beach State Park North - SW - DNR - methods - 2017","CPS","0",2017-05-26,"1.25",90,"DNR",2018-07-13,"present","washer",14,1.25,11.2,413,0.155555555555556,"DNR snorkel monitoring.",NA,"JSP_north_P1__2017-05-26__washer__DPW","JSP_north_P1",2017-05-26,"washer","DPW","zos_rest_methods__DNR__unspecified","test","grid",10,4,40,1.25,0.0225,9,90,2.25,72,"None.","match","match","match","match"
"409","Joemma Beach State Park","Joemma Beach State Park North - SW - DNR - methods - 2017","CPS","0",2017-05-26,"1.25",90,"DNR",2018-08-09,"present","washer",10,1.25,8,440,0.111111111111111,"DNR snorkel monitoring.",NA,"JSP_north_P1__2017-05-26__washer__DPW","JSP_north_P1",2017-05-26,"washer","DPW","zos_rest_methods__DNR__unspecified","test","grid",10,4,40,1.25,0.0225,9,90,2.25,72,"None.","match","match","match","match"
"410","Joemma Beach State Park","Joemma Beach State Park North - SW - DNR - methods - 2017","CPS","0",2017-05-26,"1.25",90,"DNR",2019-08-01,"absent","washer",0,1.25,0,797,0,"DNR snorkel monitoring.",NA,"JSP_north_P1__2017-05-26__washer__DPW","JSP_north_P1",2017-05-26,"washer","DPW","zos_rest_methods__DNR__unspecified","test","grid",10,4,40,1.25,0.0225,9,90,2.25,72,"None.","match","match","match","match"
"411","Joemma Beach State Park","Joemma Beach State Park North - SW - DNR - methods - 2017","CPS","0",2017-05-26,"1.25",90,"DNR",2020-07-21,"absent","washer",0,NA,NA,1152,0,"DNR snorkel monitoring.",NA,"JSP_north_P1__2017-05-26__washer__DPW","JSP_north_P1",2017-05-26,"washer","DPW","zos_rest_methods__DNR__unspecified","test","grid",10,4,40,1.25,0.0225,9,90,2.25,72,"None.","match","match","match","match"
"412","Joemma Beach State Park","Joemma Beach State Park South - NE - DNR - methods - 2017","CPS","0",2017-05-26,"1.25",90,"DNR",2017-07-22,"present","staple",119,1.25,95.2,57,1.32222222222222,"DNR snorkel monitoring.",NA,"JSP_south_P5__2017-05-26__staple__DPW","JSP_south_P5",2017-05-26,"staple","DPW","zos_rest_methods__DNR__unspecified","test","grid",10,4,40,1.25,0.045,9,90,2.25,72,"None.","match","match","match","match"
"413","Joemma Beach State Park","Joemma Beach State Park South - NE - DNR - methods - 2017","CPS","0",2017-05-26,"1.25",90,"DNR",2017-08-21,"present","staple",234,1.25,187.2,87,2.6,"DNR snorkel monitoring.",NA,"JSP_south_P5__2017-05-26__staple__DPW","JSP_south_P5",2017-05-26,"staple","DPW","zos_rest_methods__DNR__unspecified","test","grid",10,4,40,1.25,0.045,9,90,2.25,72,"None.","match","match","match","match"
"414","Joemma Beach State Park","Joemma Beach State Park South - NE - DNR - methods - 2017","CPS","0",2017-05-26,"1.25",90,"DNR",2018-05-18,"present","staple",301,1.25,240.8,357,3.34444444444444,"DNR snorkel monitoring.",NA,"JSP_south_P5__2017-05-26__staple__DPW","JSP_south_P5",2017-05-26,"staple","DPW","zos_rest_methods__DNR__unspecified","test","grid",10,4,40,1.25,0.045,9,90,2.25,72,"None.","match","match","match","match"
"415","Joemma Beach State Park","Joemma Beach State Park South - NE - DNR - methods - 2017","CPS","0",2017-05-26,"1.25",90,"DNR",2018-07-13,"present","staple",100,1.25,80,413,1.11111111111111,"DNR snorkel monitoring.",NA,"JSP_south_P5__2017-05-26__staple__DPW","JSP_south_P5",2017-05-26,"staple","DPW","zos_rest_methods__DNR__unspecified","test","grid",10,4,40,1.25,0.045,9,90,2.25,72,"None.","match","match","match","match"
"416","Joemma Beach State Park","Joemma Beach State Park South - NE - DNR - methods - 2017","CPS","0",2017-05-26,"1.25",90,"DNR",2018-08-09,"present","staple",136,1.25,108.8,440,1.51111111111111,"DNR snorkel monitoring.",NA,"JSP_south_P5__2017-05-26__staple__DPW","JSP_south_P5",2017-05-26,"staple","DPW","zos_rest_methods__DNR__unspecified","test","grid",10,4,40,1.25,0.045,9,90,2.25,72,"None.","match","match","match","match"
"417","Joemma Beach State Park","Joemma Beach State Park South - NE - DNR - methods - 2017","CPS","0",2017-05-26,"1.25",90,"DNR",2019-08-01,"present","staple",200,1.25,160,797,2.22222222222222,"DNR snorkel monitoring.",NA,"JSP_south_P5__2017-05-26__staple__DPW","JSP_south_P5",2017-05-26,"staple","DPW","zos_rest_methods__DNR__unspecified","test","grid",10,4,40,1.25,0.045,9,90,2.25,72,"None.","match","match","match","match"
"418","Joemma Beach State Park","Joemma Beach State Park South - NE - DNR - methods - 2017","CPS","0",2017-05-26,"1.25",90,"DNR",2020-07-20,"present","staple",NA,NA,NA,1151,NA,"DNR snorkel monitoring. Did not sample specific to transplant method (e.g., staple, rebar, burlap, or washer). Just randomly sampled 30 quadrats in site to estimate average shoot density (± error). Site area estimated from drone imagery.",NA,"JSP_south_P5__2017-05-26__staple__DPW","JSP_south_P5",2017-05-26,"staple","DPW","zos_rest_methods__DNR__unspecified","test","grid",10,4,40,1.25,0.045,9,90,2.25,72,"None.","match","match","match","match"
"419","Joemma Beach State Park","Joemma Beach State Park South - NW - DNR - methods - 2017","CPS","0",2017-05-26,"1.25",90,"DNR",2017-07-22,"present","rebar",134,1.25,107.2,57,1.48888888888889,"DNR snorkel monitoring.",NA,"JSP_south_P5__2017-05-26__rebar__DPW","JSP_south_P5",2017-05-26,"rebar","DPW","zos_rest_methods__DNR__unspecified","test","grid",10,4,40,1.25,0.075,3,90,2.25,72,"None.","match","match","match","match"
"420","Joemma Beach State Park","Joemma Beach State Park South - NW - DNR - methods - 2017","CPS","0",2017-05-26,"1.25",90,"DNR",2017-08-21,"present","rebar",295,1.25,236,87,3.27777777777778,"DNR snorkel monitoring.",NA,"JSP_south_P5__2017-05-26__rebar__DPW","JSP_south_P5",2017-05-26,"rebar","DPW","zos_rest_methods__DNR__unspecified","test","grid",10,4,40,1.25,0.075,3,90,2.25,72,"None.","match","match","match","match"
"421","Joemma Beach State Park","Joemma Beach State Park South - NW - DNR - methods - 2017","CPS","0",2017-05-26,"1.25",90,"DNR",2018-05-18,"present","rebar",846,1.25,676.8,357,9.4,"DNR snorkel monitoring.",NA,"JSP_south_P5__2017-05-26__rebar__DPW","JSP_south_P5",2017-05-26,"rebar","DPW","zos_rest_methods__DNR__unspecified","test","grid",10,4,40,1.25,0.075,3,90,2.25,72,"None.","match","match","match","match"
"422","Joemma Beach State Park","Joemma Beach State Park South - NW - DNR - methods - 2017","CPS","0",2017-05-26,"1.25",90,"DNR",2018-07-13,"present","rebar",694,1.25,555.2,413,7.71111111111111,"DNR snorkel monitoring.",NA,"JSP_south_P5__2017-05-26__rebar__DPW","JSP_south_P5",2017-05-26,"rebar","DPW","zos_rest_methods__DNR__unspecified","test","grid",10,4,40,1.25,0.075,3,90,2.25,72,"None.","match","match","match","match"
"423","Joemma Beach State Park","Joemma Beach State Park South - NW - DNR - methods - 2017","CPS","0",2017-05-26,"1.25",90,"DNR",2018-08-09,"present","rebar",946,1.25,756.8,440,10.5111111111111,"DNR snorkel monitoring.",NA,"JSP_south_P5__2017-05-26__rebar__DPW","JSP_south_P5",2017-05-26,"rebar","DPW","zos_rest_methods__DNR__unspecified","test","grid",10,4,40,1.25,0.075,3,90,2.25,72,"None.","match","match","match","match"
"424","Joemma Beach State Park","Joemma Beach State Park South - NW - DNR - methods - 2017","CPS","0",2017-05-26,"1.25",90,"DNR",2019-08-01,"present","rebar",448,1.25,358.4,797,4.97777777777778,"DNR snorkel monitoring.",NA,"JSP_south_P5__2017-05-26__rebar__DPW","JSP_south_P5",2017-05-26,"rebar","DPW","zos_rest_methods__DNR__unspecified","test","grid",10,4,40,1.25,0.075,3,90,2.25,72,"None.","match","match","match","match"
"425","Joemma Beach State Park","Joemma Beach State Park South - NW - DNR - methods - 2017","CPS","0",2017-05-26,"1.25",90,"DNR",2020-07-20,"present","rebar",NA,NA,NA,1151,NA,"DNR snorkel monitoring.",NA,"JSP_south_P5__2017-05-26__rebar__DPW","JSP_south_P5",2017-05-26,"rebar","DPW","zos_rest_methods__DNR__unspecified","test","grid",10,4,40,1.25,0.075,3,90,2.25,72,"None.","match","match","match","match"
"426","Joemma Beach State Park","Joemma Beach State Park South - SE - DNR - methods - 2017","CPS","0",2017-05-26,"1.25",90,"DNR",2017-07-22,"present","burlap",106,1.25,84.8,57,1.17777777777778,"DNR snorkel monitoring.",NA,"JSP_south_P5__2017-05-26__burlap__DPW","JSP_south_P5",2017-05-26,"burlap","DPW","zos_rest_methods__DNR__unspecified","test","grid",10,4,40,1.25,0.1875,3,90,2.25,72,"overall area was 10 m x 4 m (40 m2), Actual area was 5 m2 (20, 0.25 m2 plots)","match","match","match","match"
"427","Joemma Beach State Park","Joemma Beach State Park South - SE - DNR - methods - 2017","CPS","0",2017-05-26,"1.25",90,"DNR",2017-08-21,"present","burlap",217,1.25,173.6,87,2.41111111111111,"DNR snorkel monitoring.",NA,"JSP_south_P5__2017-05-26__burlap__DPW","JSP_south_P5",2017-05-26,"burlap","DPW","zos_rest_methods__DNR__unspecified","test","grid",10,4,40,1.25,0.1875,3,90,2.25,72,"overall area was 10 m x 4 m (40 m2), Actual area was 5 m2 (20, 0.25 m2 plots)","match","match","match","match"
"428","Joemma Beach State Park","Joemma Beach State Park South - SE - DNR - methods - 2017","CPS","0",2017-05-26,"1.25",90,"DNR",2018-05-18,"present","burlap",390,1.25,312,357,4.33333333333333,"DNR snorkel monitoring.",NA,"JSP_south_P5__2017-05-26__burlap__DPW","JSP_south_P5",2017-05-26,"burlap","DPW","zos_rest_methods__DNR__unspecified","test","grid",10,4,40,1.25,0.1875,3,90,2.25,72,"overall area was 10 m x 4 m (40 m2), Actual area was 5 m2 (20, 0.25 m2 plots)","match","match","match","match"
"429","Joemma Beach State Park","Joemma Beach State Park South - SE - DNR - methods - 2017","CPS","0",2017-05-26,"1.25",90,"DNR",2018-07-13,"present","burlap",172,1.25,137.6,413,1.91111111111111,"DNR snorkel monitoring.",NA,"JSP_south_P5__2017-05-26__burlap__DPW","JSP_south_P5",2017-05-26,"burlap","DPW","zos_rest_methods__DNR__unspecified","test","grid",10,4,40,1.25,0.1875,3,90,2.25,72,"overall area was 10 m x 4 m (40 m2), Actual area was 5 m2 (20, 0.25 m2 plots)","match","match","match","match"
"430","Joemma Beach State Park","Joemma Beach State Park South - SE - DNR - methods - 2017","CPS","0",2017-05-26,"1.25",90,"DNR",2018-08-09,"present","burlap",335,1.25,268,440,3.72222222222222,"DNR snorkel monitoring.",NA,"JSP_south_P5__2017-05-26__burlap__DPW","JSP_south_P5",2017-05-26,"burlap","DPW","zos_rest_methods__DNR__unspecified","test","grid",10,4,40,1.25,0.1875,3,90,2.25,72,"overall area was 10 m x 4 m (40 m2), Actual area was 5 m2 (20, 0.25 m2 plots)","match","match","match","match"
"431","Joemma Beach State Park","Joemma Beach State Park South - SE - DNR - methods - 2017","CPS","0",2017-05-26,"1.25",90,"DNR",2019-08-01,"present","burlap",435,1.25,348,797,4.83333333333333,"DNR snorkel monitoring.",NA,"JSP_south_P5__2017-05-26__burlap__DPW","JSP_south_P5",2017-05-26,"burlap","DPW","zos_rest_methods__DNR__unspecified","test","grid",10,4,40,1.25,0.1875,3,90,2.25,72,"overall area was 10 m x 4 m (40 m2), Actual area was 5 m2 (20, 0.25 m2 plots)","match","match","match","match"
"432","Joemma Beach State Park","Joemma Beach State Park South - SE - DNR - methods - 2017","CPS","0",2017-05-26,"1.25",90,"DNR",2020-07-20,"present","burlap",NA,NA,NA,1151,NA,"DNR snorkel monitoring.",NA,"JSP_south_P5__2017-05-26__burlap__DPW","JSP_south_P5",2017-05-26,"burlap","DPW","zos_rest_methods__DNR__unspecified","test","grid",10,4,40,1.25,0.1875,3,90,2.25,72,"overall area was 10 m x 4 m (40 m2), Actual area was 5 m2 (20, 0.25 m2 plots)","match","match","match","match"
"433","Joemma Beach State Park","Joemma Beach State Park South - SE - HC - large 1 - 2016","CPS","SC 16-17",2016-07-25,"160",20260,"DNR",2017-06-27,"present","burlap",26960,40,674,337,1.33070088845015,"DNR snorkel monitoring. 32 samples of shoot density counted in 0.0625 m2 quadrats. Average density = 674 (+/- 34). Across an estimated 40 m2 = 26960 shoots, across the entire 160 m2 area = 107780 shoots.",NA,"JSP_south_P1__2016-07-25__burlap__RKB","JSP_south_P1",2016-07-25,"burlap","RKB","zos_rest_ps__WDFW__Hart Crowser","large scale","polygon",20,8,160,60,60,960,20260,126.625,337.666666666667,"None.","match","no_match","match","match"
"434","Joemma Beach State Park","Joemma Beach State Park South - SE - HC - large 1 - 2016","CPS","SC 16-17",2016-07-25,"160",20260,"DNR",2018-05-08,"present","burlap",39840,160,249,652,1.96643632773939,"DNR Geoduck Compliance Divers.  42 samples of shoot density counted in 0.0625 m2 quadrats. Average density = 249. Across an estimated 40 m2 = 9960 shoots. Area estimated at 160 m2 which equates to 39840 shoots.",NA,"JSP_south_P1__2016-07-25__burlap__RKB","JSP_south_P1",2016-07-25,"burlap","RKB","zos_rest_ps__WDFW__Hart Crowser","large scale","polygon",20,8,160,60,60,960,20260,126.625,337.666666666667,"None.","match","no_match","match","match"
"435","Joemma Beach State Park","Joemma Beach State Park South - SE - HC - large 1 - 2016","CPS","SC 16-17",2016-07-25,"160",20260,"DNR",2018-08-12,"present","burlap",225600,160,1410,748,11.1352418558736,"DNR snorkel monitoring. 30 samples. Shoot density = 1410 m-2. Area estimated at 160 m2",NA,"JSP_south_P1__2016-07-25__burlap__RKB","JSP_south_P1",2016-07-25,"burlap","RKB","zos_rest_ps__WDFW__Hart Crowser","large scale","polygon",20,8,160,60,60,960,20260,126.625,337.666666666667,"None.","match","no_match","match","match"
"436","Joemma Beach State Park","Joemma Beach State Park South - SE - HC - large 1 - 2016","CPS","SC 16-17",2016-07-25,"160",20260,"DNR",2018-09-05,"present","burlap",215520,160,1347,772,10.6377097729516,"DNR Geoduck Compliance Divers. 30 samples. Shoot density = 1347 shoots m-2. Area estimated at 160 m2",NA,"JSP_south_P1__2016-07-25__burlap__RKB","JSP_south_P1",2016-07-25,"burlap","RKB","zos_rest_ps__WDFW__Hart Crowser","large scale","polygon",20,8,160,60,60,960,20260,126.625,337.666666666667,"None.","match","no_match","match","match"
"437","Joemma Beach State Park","Joemma Beach State Park South - SE - HC - large 1 - 2016","CPS","SC 16-17",2016-07-25,"160",20260,"DNR",2019-07-29,"present","burlap",346419,191,1813.71204188482,1099,17.0986673247779,"DNR snorkel monitoring. 32 samples of shoot density counted in 0.0625 m2 quadrats. Area estimated from drone imagery.",NA,"JSP_south_P1__2016-07-25__burlap__RKB","JSP_south_P1",2016-07-25,"burlap","RKB","zos_rest_ps__WDFW__Hart Crowser","large scale","polygon",20,8,160,60,60,960,20260,126.625,337.666666666667,"None.","match","no_match","match","match"
"438","Joemma Beach State Park","Joemma Beach State Park South - SE - HC - large 1 - 2016","CPS","SC 16-17",2016-07-25,"160",20260,"DNR",2020-07-20,"present","burlap",NA,NA,NA,1456,NA,"DNR snorkel monitoring. 20 samples of shoot density counted in 0.0625 m2 quadrats. Area estimated from drone imagery.",NA,"JSP_south_P1__2016-07-25__burlap__RKB","JSP_south_P1",2016-07-25,"burlap","RKB","zos_rest_ps__WDFW__Hart Crowser","large scale","polygon",20,8,160,60,60,960,20260,126.625,337.666666666667,"None.","match","no_match","match","match"
"439","Joemma Beach State Park","Joemma Beach State Park South - SE - HC - large 1 - 2016","CPS","SC 16-17",2016-07-25,"160",20260,"DNR",2021-07-01,"present","burlap",NA,NA,NA,NA,NA,NA,NA,"JSP_south_P1__2016-07-25__burlap__RKB","JSP_south_P1",2016-07-25,"burlap","RKB","zos_rest_ps__WDFW__Hart Crowser","large scale","polygon",20,8,160,60,60,960,20260,126.625,337.666666666667,"None.","match","no_match","match","match"
"440","Joemma Beach State Park","Joemma Beach State Park South - SE - HC - large 1 - 2016","CPS","SC 16-17",2016-07-25,"160",20260,"DNR",2022-07-01,"present","burlap",NA,NA,NA,NA,NA,NA,NA,"JSP_south_P1__2016-07-25__burlap__RKB","JSP_south_P1",2016-07-25,"burlap","RKB","zos_rest_ps__WDFW__Hart Crowser","large scale","polygon",20,8,160,60,60,960,20260,126.625,337.666666666667,"None.","match","no_match","match","match"
"441","Joemma Beach State Park","Joemma Beach State Park South - SE - HC - large 1 - 2016","CPS","SC 16-17",2016-07-25,"160",20260,"DNR",2023-07-01,"present","burlap",NA,NA,NA,NA,NA,NA,NA,"JSP_south_P1__2016-07-25__burlap__RKB","JSP_south_P1",2016-07-25,"burlap","RKB","zos_rest_ps__WDFW__Hart Crowser","large scale","polygon",20,8,160,60,60,960,20260,126.625,337.666666666667,"None.","match","no_match","match","match"
"442","Joemma Beach State Park","Joemma Beach State Park South - SE - HC - large 1 - 2016","CPS","SC 16-17",2016-07-25,"160",20260,"DNR",2024-07-01,"present","burlap",NA,NA,NA,NA,NA,NA,NA,"JSP_south_P1__2016-07-25__burlap__RKB","JSP_south_P1",2016-07-25,"burlap","RKB","zos_rest_ps__WDFW__Hart Crowser","large scale","polygon",20,8,160,60,60,960,20260,126.625,337.666666666667,"None.","match","no_match","match","match"
"443","Joemma Beach State Park","Joemma Beach State Park South - SE - HC - large 1 - 2016","CPS","SC 16-17",2016-07-25,"160",20260,"DNR",2025-04-01,"present","burlap",NA,NA,NA,NA,NA,"visited site and Zm seemed very small and thinned out.",NA,"JSP_south_P1__2016-07-25__burlap__RKB","JSP_south_P1",2016-07-25,"burlap","RKB","zos_rest_ps__WDFW__Hart Crowser","large scale","polygon",20,8,160,60,60,960,20260,126.625,337.666666666667,"None.","match","no_match","match","match"
"444","Joemma Beach State Park","Joemma Beach State Park South - SE - HC - large 1 - 2016","CPS","SC 16-17",2016-07-25,"160",20260,"DNR",2025-04-03,"present","burlap",NA,NA,NA,NA,NA,"snorkeled and captured a number of photos. No Zm counts taken. Again, Zm seemed diminutive, but present. There was also quite a bit of wood waste at the site from the Whiteman Cove restoration.",NA,"JSP_south_P1__2016-07-25__burlap__RKB","JSP_south_P1",2016-07-25,"burlap","RKB","zos_rest_ps__WDFW__Hart Crowser","large scale","polygon",20,8,160,60,60,960,20260,126.625,337.666666666667,"None.","match","no_match","match","match"
"445","Joemma Beach State Park","Joemma Beach State Park South - SE - HC - large 2 - 2017","CPS","SC 16-17",2017-05-07,"160",16570,"DNR",2018-05-08,"present","turf",NA,NA,NA,366,NA,"DNR Geoduck Compliance Divers. 27 samples. Shoot density = 159 shoots m-2, area not estimated",NA,"JSP_south_P2__2017-05-07__turf__CTI","JSP_south_P2",2017-05-07,"turf","CTI","zos_rest_ps__WDFW__Hart Crowser","large scale","polygon",20,8,160,80,23.67,2367,16570,103.5625,207.125,"2","match","no_match","match","match"
"446","Joemma Beach State Park","Joemma Beach State Park South - SE - HC - large 2 - 2017","CPS","SC 16-17",2017-05-07,"160",16570,"DNR",2018-08-10,"present","turf",NA,NA,NA,460,NA,"DNR snorkel monitoring. 5 samples. Shoot density = 207 m-2. Area estimated in aerial imagery.",NA,"JSP_south_P2__2017-05-07__turf__CTI","JSP_south_P2",2017-05-07,"turf","CTI","zos_rest_ps__WDFW__Hart Crowser","large scale","polygon",20,8,160,80,23.67,2367,16570,103.5625,207.125,"2","match","no_match","match","match"
"447","Joemma Beach State Park","Joemma Beach State Park South - SE - HC - large 2 - 2017","CPS","SC 16-17",2017-05-07,"160",16570,"DNR",2018-09-05,"present","turf",NA,NA,NA,486,NA,"DNR Geoduck Compliance Divers. 27 samples. Shoot density = 159 shoots m-2, area not estimated",NA,"JSP_south_P2__2017-05-07__turf__CTI","JSP_south_P2",2017-05-07,"turf","CTI","zos_rest_ps__WDFW__Hart Crowser","large scale","polygon",20,8,160,80,23.67,2367,16570,103.5625,207.125,"2","match","no_match","match","match"
"448","Joemma Beach State Park","Joemma Beach State Park South - SE - HC - large 2 - 2017","CPS","SC 16-17",2017-05-07,"80",16570,"DNR",2019-08-30,"present","turf",NA,NA,NA,845,NA,"DNR snorkel monitoring. Shoot density not measured. Very few patches of Zm.",NA,"JSP_south_P2__2017-05-07__turf__CTI","JSP_south_P2",2017-05-07,"turf","CTI","zos_rest_ps__WDFW__Hart Crowser","large scale","polygon",20,8,160,80,23.67,2367,16570,103.5625,207.125,"2","match","match","match","match"
"449","Joemma Beach State Park","Joemma Beach State Park South - SE - HC - large 2 - 2017","CPS","SC 16-17",2017-05-07,"80",16570,"DNR",2020-07-19,"present","turf",NA,NA,NA,1169,NA,"DNR snorkel monitoring. Shoot density measured at a few patches of Zm.",NA,"JSP_south_P2__2017-05-07__turf__CTI","JSP_south_P2",2017-05-07,"turf","CTI","zos_rest_ps__WDFW__Hart Crowser","large scale","polygon",20,8,160,80,23.67,2367,16570,103.5625,207.125,"2","match","match","match","match"
"450","Joemma Beach State Park","Joemma Beach State Park South - SE - HC - large 3 - 2017","CPS","SC 16-17",2017-05-19,"155",24734,"DNR",2018-05-08,"present","turf",NA,NA,NA,354,NA,"DNR Geoduck Compliance Divers. 32 samples. Shoot density = 266 shoots m-2, area not estimated",NA,"JSP_south_P3__2017-05-19__turf__DPW","JSP_south_P3",2017-05-19,"turf","DPW","zos_rest_ps__WDFW__Hart Crowser","large scale","polygon",20,8,160,77.5,29.56,2956,24734,154.5875,319.148387096774,"Referred to as 'Joemma Beach State Park 4' (large-scale site) in final report. Turfs plant 5-15 shoots per staple (X= ~10 shoots/staple b/c donor site was Rocky Bay). Estimated number of PUs at test-transplant site as 11286/7 = 1612. Second half of site was planted with Rocky Bay plants (13448/10 shoots = 1344 PUs.)","match","no_match","match","match"
"451","Joemma Beach State Park","Joemma Beach State Park South - SE - HC - large 3 - 2017","CPS","SC 16-17",2017-05-19,"155",24734,"DNR",2018-08-10,"present","turf",NA,NA,NA,448,NA,"DNR snorkel monitoring. 30 samples. Shoot density = 65 m-2. Area not estimated.",NA,"JSP_south_P3__2017-05-19__turf__DPW","JSP_south_P3",2017-05-19,"turf","DPW","zos_rest_ps__WDFW__Hart Crowser","large scale","polygon",20,8,160,77.5,29.56,2956,24734,154.5875,319.148387096774,"Referred to as 'Joemma Beach State Park 4' (large-scale site) in final report. Turfs plant 5-15 shoots per staple (X= ~10 shoots/staple b/c donor site was Rocky Bay). Estimated number of PUs at test-transplant site as 11286/7 = 1612. Second half of site was planted with Rocky Bay plants (13448/10 shoots = 1344 PUs.)","match","no_match","match","match"
"452","Joemma Beach State Park","Joemma Beach State Park South - SE - HC - large 3 - 2017","CPS","SC 16-17",2017-05-19,"155",24734,"DNR",2018-09-05,"present","turf",NA,NA,NA,474,NA,"DNR Geoduck Compliance Divers. 30 samples. Shoot density = 62 shoots m-2, area not estimated",NA,"JSP_south_P3__2017-05-19__turf__DPW","JSP_south_P3",2017-05-19,"turf","DPW","zos_rest_ps__WDFW__Hart Crowser","large scale","polygon",20,8,160,77.5,29.56,2956,24734,154.5875,319.148387096774,"Referred to as 'Joemma Beach State Park 4' (large-scale site) in final report. Turfs plant 5-15 shoots per staple (X= ~10 shoots/staple b/c donor site was Rocky Bay). Estimated number of PUs at test-transplant site as 11286/7 = 1612. Second half of site was planted with Rocky Bay plants (13448/10 shoots = 1344 PUs.)","match","no_match","match","match"
"453","Joemma Beach State Park","Joemma Beach State Park South - SE - HC - large 3 - 2017","CPS","SC 16-17",2017-05-19,"77.5",24734,"DNR",2019-08-30,"present","turf",NA,NA,NA,833,NA,"DNR snorkel monitoring. Shoot density not measured. Very few patches of Zm.",NA,"JSP_south_P3__2017-05-19__turf__DPW","JSP_south_P3",2017-05-19,"turf","DPW","zos_rest_ps__WDFW__Hart Crowser","large scale","polygon",20,8,160,77.5,29.56,2956,24734,154.5875,319.148387096774,"Referred to as 'Joemma Beach State Park 4' (large-scale site) in final report. Turfs plant 5-15 shoots per staple (X= ~10 shoots/staple b/c donor site was Rocky Bay). Estimated number of PUs at test-transplant site as 11286/7 = 1612. Second half of site was planted with Rocky Bay plants (13448/10 shoots = 1344 PUs.)","match","match","match","match"
"454","Joemma Beach State Park","Joemma Beach State Park South - SE - HC - large 3 - 2017","CPS","SC 16-17",2017-05-19,"77.5",24734,"DNR",2020-07-21,"present","turf",NA,NA,NA,1159,NA,"DNR snorkel monitoring. Shoot density not measured - too few patches.",NA,"JSP_south_P3__2017-05-19__turf__DPW","JSP_south_P3",2017-05-19,"turf","DPW","zos_rest_ps__WDFW__Hart Crowser","large scale","polygon",20,8,160,77.5,29.56,2956,24734,154.5875,319.148387096774,"Referred to as 'Joemma Beach State Park 4' (large-scale site) in final report. Turfs plant 5-15 shoots per staple (X= ~10 shoots/staple b/c donor site was Rocky Bay). Estimated number of PUs at test-transplant site as 11286/7 = 1612. Second half of site was planted with Rocky Bay plants (13448/10 shoots = 1344 PUs.)","match","match","match","match"
"455","Joemma Beach State Park","Joemma Beach State Park South - SE - HC - large 4 - 2017","CPS","SC 16-17",2017-05-22,"160",26149,"DNR",2018-05-08,"present","turf",NA,NA,NA,351,NA,"DNR Geoduck Compliance Divers. 33 samples. Shoot density = 209 shoots m-2, area not estimated",NA,"JSP_south_P4__2017-05-22__turf__RKB","JSP_south_P4",2017-05-22,"turf","RKB","zos_rest_ps__WDFW__Hart Crowser","large scale","polygon",20,8,160,80,26.15,2615,26149,163.43125,326.8625,"Referred to as 'Joemma Beach State Park 3' (large-scale site) in final report. Turfs plant 5-15 shoots per staple (X= ~7 shoots/staple b/c donor site was DuPont Wharf). Estimated number of PUs at test-transplant site as 26149/10 = 2615","match","no_match","match","match"
"456","Joemma Beach State Park","Joemma Beach State Park South - SE - HC - large 4 - 2017","CPS","SC 16-17",2017-05-22,"160",26149,"DNR",2018-08-11,"present","turf",NA,NA,NA,446,NA,"DNR snorkel monitoring. 30 samples. Shoot density = 107 m-2. Area not estimated.",NA,"JSP_south_P4__2017-05-22__turf__RKB","JSP_south_P4",2017-05-22,"turf","RKB","zos_rest_ps__WDFW__Hart Crowser","large scale","polygon",20,8,160,80,26.15,2615,26149,163.43125,326.8625,"Referred to as 'Joemma Beach State Park 3' (large-scale site) in final report. Turfs plant 5-15 shoots per staple (X= ~7 shoots/staple b/c donor site was DuPont Wharf). Estimated number of PUs at test-transplant site as 26149/10 = 2615","match","no_match","match","match"
"457","Joemma Beach State Park","Joemma Beach State Park South - SE - HC - large 4 - 2017","CPS","SC 16-17",2017-05-22,"160",26149,"DNR",2018-09-05,"present","turf",NA,NA,NA,471,NA,"DNR Geoduck Compliance Divers. 30 samples. Shoot density = 141 shoots m-2, area not estimated",NA,"JSP_south_P4__2017-05-22__turf__RKB","JSP_south_P4",2017-05-22,"turf","RKB","zos_rest_ps__WDFW__Hart Crowser","large scale","polygon",20,8,160,80,26.15,2615,26149,163.43125,326.8625,"Referred to as 'Joemma Beach State Park 3' (large-scale site) in final report. Turfs plant 5-15 shoots per staple (X= ~7 shoots/staple b/c donor site was DuPont Wharf). Estimated number of PUs at test-transplant site as 26149/10 = 2615","match","no_match","match","match"
"458","Joemma Beach State Park","Joemma Beach State Park South - SE - HC - large 4 - 2017","CPS","SC 16-17",2017-05-22,"80",26149,"DNR",2019-08-30,"present","turf",NA,NA,NA,830,NA,"DNR snorkel monitoring. Shoot density not measured. Very few patches of Zm.",NA,"JSP_south_P4__2017-05-22__turf__RKB","JSP_south_P4",2017-05-22,"turf","RKB","zos_rest_ps__WDFW__Hart Crowser","large scale","polygon",20,8,160,80,26.15,2615,26149,163.43125,326.8625,"Referred to as 'Joemma Beach State Park 3' (large-scale site) in final report. Turfs plant 5-15 shoots per staple (X= ~7 shoots/staple b/c donor site was DuPont Wharf). Estimated number of PUs at test-transplant site as 26149/10 = 2615","match","match","match","match"
"459","Joemma Beach State Park","Joemma Beach State Park South - SE - HC - large 4 - 2017","CPS","SC 16-17",2017-05-22,"turf",160,"PNNL",2020-05-14,"present","turf",12916,22,587.090909090909,1088,80.725,"status area estimated at 60% of 9m x 4m patch; 4 random 0.25 m2 plots sampled",NA,"JSP_south_P4__2017-05-22__turf__RKB","JSP_south_P4",2017-05-22,"turf","RKB","zos_rest_ps__WDFW__Hart Crowser","large scale","polygon",20,8,160,80,26.15,2615,26149,163.43125,326.8625,"Referred to as 'Joemma Beach State Park 3' (large-scale site) in final report. Turfs plant 5-15 shoots per staple (X= ~7 shoots/staple b/c donor site was DuPont Wharf). Estimated number of PUs at test-transplant site as 26149/10 = 2615","match","no_match","no_match","match"
"460","Joemma Beach State Park","Joemma Beach State Park South - SE - HC - large 4 - 2017","CPS","SC 16-17",2017-05-22,"80",26149,"DNR",2020-07-22,"present","turf",NA,NA,NA,1157,NA,"DNR snorkel monitoring. Shoot density not measured. Very few patches of Zm. Patch is about 2 m x 8 m in size. All Rocky Bay Zm.  Photos in folder 2020_18-22_Jul. GOPRO893-947.",NA,"JSP_south_P4__2017-05-22__turf__RKB","JSP_south_P4",2017-05-22,"turf","RKB","zos_rest_ps__WDFW__Hart Crowser","large scale","polygon",20,8,160,80,26.15,2615,26149,163.43125,326.8625,"Referred to as 'Joemma Beach State Park 3' (large-scale site) in final report. Turfs plant 5-15 shoots per staple (X= ~7 shoots/staple b/c donor site was DuPont Wharf). Estimated number of PUs at test-transplant site as 26149/10 = 2615","match","match","match","match"
"461","Joemma Beach State Park","Joemma Beach State Park South - SW - DNR - methods - 2017","CPS","0",2017-05-26,"1.25",90,"DNR",2017-07-22,"present","washer",124,1.25,99.2,57,1.37777777777778,"DNR snorkel monitoring.",NA,"JSP_south_P5__2017-05-26__washer__DPW","JSP_south_P5",2017-05-26,"washer","DPW","zos_rest_methods__DNR__unspecified","test","grid",10,4,40,1.25,0.0225,9,90,2.25,72,"None.","match","match","match","match"
"462","Joemma Beach State Park","Joemma Beach State Park South - SW - DNR - methods - 2017","CPS","0",2017-05-26,"1.25",90,"DNR",2017-08-21,"present","washer",259,1.25,207.2,87,2.87777777777778,"DNR snorkel monitoring.",NA,"JSP_south_P5__2017-05-26__washer__DPW","JSP_south_P5",2017-05-26,"washer","DPW","zos_rest_methods__DNR__unspecified","test","grid",10,4,40,1.25,0.0225,9,90,2.25,72,"None.","match","match","match","match"
"463","Joemma Beach State Park","Joemma Beach State Park South - SW - DNR - methods - 2017","CPS","0",2017-05-26,"1.25",90,"DNR",2018-05-18,"present","washer",711,1.25,568.8,357,7.9,"DNR snorkel monitoring.",NA,"JSP_south_P5__2017-05-26__washer__DPW","JSP_south_P5",2017-05-26,"washer","DPW","zos_rest_methods__DNR__unspecified","test","grid",10,4,40,1.25,0.0225,9,90,2.25,72,"None.","match","match","match","match"
"464","Joemma Beach State Park","Joemma Beach State Park South - SW - DNR - methods - 2017","CPS","0",2017-05-26,"1.25",90,"DNR",2018-07-13,"present","washer",755,1.25,604,413,8.38888888888889,"DNR snorkel monitoring.",NA,"JSP_south_P5__2017-05-26__washer__DPW","JSP_south_P5",2017-05-26,"washer","DPW","zos_rest_methods__DNR__unspecified","test","grid",10,4,40,1.25,0.0225,9,90,2.25,72,"None.","match","match","match","match"
"465","Joemma Beach State Park","Joemma Beach State Park South - SW - DNR - methods - 2017","CPS","0",2017-05-26,"1.25",90,"DNR",2018-08-09,"present","washer",989,1.25,791.2,440,10.9888888888889,"DNR snorkel monitoring.",NA,"JSP_south_P5__2017-05-26__washer__DPW","JSP_south_P5",2017-05-26,"washer","DPW","zos_rest_methods__DNR__unspecified","test","grid",10,4,40,1.25,0.0225,9,90,2.25,72,"None.","match","match","match","match"
"466","Joemma Beach State Park","Joemma Beach State Park South - SW - DNR - methods - 2017","CPS","0",2017-05-26,"1.25",90,"DNR",2019-08-01,"present","washer",1197,1.25,957.6,797,13.3,"DNR snorkel monitoring.",NA,"JSP_south_P5__2017-05-26__washer__DPW","JSP_south_P5",2017-05-26,"washer","DPW","zos_rest_methods__DNR__unspecified","test","grid",10,4,40,1.25,0.0225,9,90,2.25,72,"None.","match","match","match","match"
"467","Joemma Beach State Park","Joemma Beach State Park South - SW - DNR - methods - 2017","CPS","0",2017-05-26,"1.25",90,"DNR",2020-07-20,"present","washer",NA,NA,NA,1151,NA,"DNR snorkel monitoring.",NA,"JSP_south_P5__2017-05-26__washer__DPW","JSP_south_P5",2017-05-26,"washer","DPW","zos_rest_methods__DNR__unspecified","test","grid",10,4,40,1.25,0.0225,9,90,2.25,72,"None.","match","match","match","match"
"468","Joemma Beach State Park","Joemma Beach State Park South of South- PNNL - test - 2020","CPS","0",2020-06-29,"5",500,"PNNL",2021-04-20,"absent","rebar",0,6.25,0,295,0,"Y","Not much algae, sandy, rebar dispersed down slope and scattered seem to be falling down slope, syphon holes on deeper offshore edge, divers pulling the screwanchors and some rebar","WHB_test_1__2020-06-29__rebar__RKB","WHB_test_1",2020-06-29,"rebar","RKB","zos_rec_ps__USACE__PNNL","test","point",2.5,2.5,6.25,5,0.5,20,500,80,100,"130deg az, sed sandy, wispy ulva, 15' depth baseline and 17' depth offshore at 1235, Whiskey Beach Ct SW is the nearest road so planting location is WHB_test_1","match","match","match","match"
"469","Key Peninsula","Dog Camp - PNNL - test - 2020","CPS","0",2020-06-30,"4.75",475,"PNNL",2021-04-21,"absent","rebar",0,6.25,0,295,0,"Y","brown diatom mat, some ulva and gracillaria, rebar on top but no eelgrass, divers removed screwanchors and rebar","KYP_dog1__2020-06-30__rebar__THC","KYP_dog1",2020-06-30,"rebar","THC","zos_rec_ps__USACE__PNNL","test","point",2.5,2.5,6.25,4.75,0.15,19,475,76,100,"300 deg az, deep sand good current to keep algae away* this was at the slack tide","match","match","match","match"
"470","Liberty Bay","Liberty Bay East - PNNL - test - 2013","CPS","IAA 12-317",2013-06-07,"36",720,"PNNL",2014-03-18,"absent","staple",3,36,0.0833333333333333,284,0.00416666666666667,NA,NA,"LBT_east__2013-06-07__staple__SNH","LBT_east",2013-06-07,"staple","SNH","twentypc__WDFW__PNNL","test","point",6,6,36,36,0.9,180,720,20,20,"None.","match","match","match","match"
"471","Liberty Bay","Liberty Bay West - PNNL - test - 2013","CPS","IAA 12-317",2013-06-07,"30",600,"PNNL",2014-03-18,"absent","staple",8,30,0.266666666666667,284,0.0133333333333333,NA,NA,"LBT_west__2013-06-07__staple__SNH","LBT_west",2013-06-07,"staple","SNH","twentypc__WDFW__PNNL","test","point",5,6,30,30,0.75,150,600,20,20,"None.","match","match","match","match"
"472","McDermott Point","McDermott Point - PNNL - test - 2020","CPS","0",2020-06-30,"5",500,"PNNL",2021-04-21,"present","rebar",66,6.25,10.56,295,0.132,"Y","Sparse eelgrass, a lot more ulva but can still see substrate","MCD_1__2020-06-30__rebar__THC","MCD_1",2020-06-30,"rebar","THC","zos_rec_ps__USACE__PNNL","test","point",2.5,2.5,6.25,5,0.15,20,500,80,100,"200deg az , sandy with patchy ulva but not much, fist-sized pockmarks possibly bivalves","match","match","match","match"
"473","McDermott Point","McDermott Point North - south - HC - test - 2017","CPS","SC 16-17",2017-05-04,"25",994,"HC",2017-07-17,"absent","turf",0,0,NA,74,0,"Site covered in thick algae. No Zm present.",NA,"MCD_north_L1__2017-05-04__turf__RKB","MCD_north_L1",2017-05-04,"turf","RKB","zos_rest_ps__WDFW__Hart Crowser","test","line",5,5,25,39,0.99,99,994,39.76,25.4871794871795,"Turfs plant 5-15 shoots per staple (X= ~10 shoots/staple b/c donor site was Rocky Bay). Estimated number of PUs at test-transplant site as 994/10 = 99. Referred to in report as McDermott Point 1.","match","no_match","match","match"
"474","McDermott Point","McDermott Point South - south - HC - test - 2017","CPS","SC 16-17",2017-05-04,"25",998,"HC",2017-07-17,"absent","turf",0,0,NA,74,0,"Site covered in thick algae. No Zm present.",NA,"MCD_south_L1__2017-05-04__turf__RKB","MCD_south_L1",2017-05-04,"turf","RKB","zos_rest_ps__WDFW__Hart Crowser","test","line",5,5,25,39,0.99,99,998,39.92,25.5897435897436,"Turfs plant 5-15 shoots per staple (X= ~10 shoots/staple b/c donor site was Rocky Bay). Estimated number of PUs at test-transplant site as 998/10 = 99. Referred to in report as McDermott Point 1.","match","no_match","match","match"
"475","McNeil Island","McNeil Island North - PNNL - test - 1 - 2017","CPS","93-094344",2017-06-07,"5",500,"PNNL",2018-03-05,"absent","rebar",0,5,0,271,0,"did not observe any eelgrass.  Noted side by side staple/rebar plots at 5 ft plot depth. No survival at either. 2 screw anchors and one rebar were retrieved. Screw anchors ~ 6-7 m apart; staple plot planted on east portion and rebar on western portion.",NA,"MCN_north_2__2017-06-07__rebar__THC","MCN_north_2",2017-06-07,"rebar","THC","zos_rec_ps__USFWS__PNNL","test","point",2.5,2,5,5,0.5,20,500,100,100,"None.","match","match","match","match"
"476","McNeil Island","McNeil Island North - PNNL - test - 2 - 2017","CPS","93-094344",2017-06-07,"5",500,"PNNL",2018-03-05,"absent","rebar",0,5,0,271,0,"did not observe any eelgrass.  Sediment very compact. Seemed to be a lot of exposed rebar perhaps a lot of water movement.",NA,"MCN_North_3__2017-06-07__rebar__THC","MCN_North_3",2017-06-07,"rebar","THC","zos_rec_ps__USFWS__PNNL","test","point",2.5,2,5,5,0.5,20,500,100,100,"None.","match","match","match","match"
"477","McNeil Island","McNeil Island South - east plot - PNNL - large - 2017","CPS","93-094344",2017-07-07,"40",2000,"PNNL",2018-03-05,"present","rebar",NA,NA,NA,241,NA,"Less algae, small plants, sparse along the lines, ~50% survival though maybe more of the lines had eelgrass thank he MID site. Plants in winter condition.",NA,"MCN_south_L1__2017-07-07__rebar__THC","MCN_south_L1",2017-07-07,"rebar","THC","zos_rec_ps__USFWS__PNNL","large scale","line",8,5,40,20,2,80,2000,50,100,"screw anchor at 0m and 16.5 m but only planted through 7.5m  because test plot not as successful as other test plots","match","no_match","match","match"
"478","McNeil Island","McNeil Island South - east plot - PNNL - large - 2017","CPS","93-094344",2017-07-07,"20",2000,"PNNL",2019-04-18,"absent","rebar",0,20,0,650,0,"PNNL diver surveyed 30, 0.25 m2 quadrats systematically with a random start throughout row of rebar. Moon snail on transect.  Crabs in area.  No Zm found in test plot or lg scale plot.  All three screw anchors pulled.  Site failed.",NA,"MCN_south_L1__2017-07-07__rebar__THC","MCN_south_L1",2017-07-07,"rebar","THC","zos_rec_ps__USFWS__PNNL","large scale","line",8,5,40,20,2,80,2000,50,100,"screw anchor at 0m and 16.5 m but only planted through 7.5m  because test plot not as successful as other test plots","match","match","match","match"
"479","McNeil Island","McNeil Island South - mid plot - PNNL - large - 2017","CPS","93-094344",2017-07-06,"120",5825,"PNNL",2018-03-05,"present","rebar",NA,NA,NA,242,NA,"observed patchy eelgrass. Lots of red algae (gracilaria?) looks like it may have gotten caught on eelgrass. Lots of bare areas but patches had good survival. Winter condition for plants.",NA,"MCN_south_L2__2017-07-06__rebar__THC","MCN_south_L2",2017-07-06,"rebar","THC","zos_rec_ps__USFWS__PNNL","large scale","line",24,5,120,58.25,5.825,233,5825,48.5416666666667,100,"None.","match","no_match","match","match"
"480","McNeil Island","McNeil Island South - mid plot - PNNL - large - 2017","CPS","93-094344",2017-07-06,"58.25",5825,"PNNL",2019-04-18,"present","rebar",310,58.25,5.32188841201717,651,0.0532188841201717,"PNNL diver surveyed 80, 0.25 m2 quadrats systematically with a random start throughout row of rebar.",NA,"MCN_south_L2__2017-07-06__rebar__THC","MCN_south_L2",2017-07-06,"rebar","THC","zos_rec_ps__USFWS__PNNL","large scale","line",24,5,120,58.25,5.825,233,5825,48.5416666666667,100,"None.","match","match","match","match"
"481","McNeil Island","McNeil Island South - mid plot - PNNL - large - 2017","CPS","93-094344",2017-07-06,"58.25",5825,"PNNL",2020-10-28,"present","rebar",26,58.25,0.446351931330472,1210,0.00446351931330472,"inshore depth 10'.  offshore depth 11'; rebar partially buried, still in rows, some on end (possibly due to to current scour?); vegetation was drift ulva and grassillaria, only one layer deep.  Lots of bare areas of sand around the plot.  JV used the GoPro.  Sue saw at the 1 m mark at the base line about 26 shoots about 20cm long w/ thin blades.  This patch fit inside a 1/4 m quadrat.  JV saw at the base line at the 20m mark a scraggly patch of eelgrass.",NA,"MCN_south_L2__2017-07-06__rebar__THC","MCN_south_L2",2017-07-06,"rebar","THC","zos_rec_ps__USFWS__PNNL","large scale","line",24,5,120,58.25,5.825,233,5825,48.5416666666667,100,"None.","match","match","match","match"
"482","McNeil Island","McNeil Island South - west plot - PNNL - large - 2017","CPS","93-094344",2017-07-08,"80",4000,"PNNL",2018-03-05,"present","rebar",NA,NA,NA,240,NA,"observed more consistent eelgrass than West site but plants were small. Maybe 50% survival. Could be plants are in winter condition and will ""perk up"" come spring.",NA,"MCN_south_L3__2017-07-08__rebar__THC","MCN_south_L3",2017-07-08,"rebar","THC","zos_rec_ps__USFWS__PNNL","large scale","line",16,5,80,40,4,160,4000,50,100,"screw anchors at 0m and 25m","match","no_match","match","match"
"483","McNeil Island","McNeil Island South - west plot - PNNL - large - 2017","CPS","93-094344",2017-07-08,"40",4000,"PNNL",2019-04-18,"present","rebar",2050,40,51.25,649,0.5125,"PNNL diver surveyed 35, 0.25 m2 quadrats systematically with a random start throughout row of rebar. Test plot looks good.",NA,"MCN_south_L3__2017-07-08__rebar__THC","MCN_south_L3",2017-07-08,"rebar","THC","zos_rec_ps__USFWS__PNNL","large scale","line",16,5,80,40,4,160,4000,50,100,"screw anchors at 0m and 25m","match","match","match","match"
"484","McNeil Island","McNeil Island South - west plot - PNNL - large - 2017","CPS","93-094344",2017-07-08,"40",4000,"PNNL",2020-10-28,"present","rebar",1194,40,29.85,1208,0.2985,"depth in plot was 8' inshore and 9' offshore.  zm is appx 30cm long and appears healthy but has narrow blades. SS said some inshore shoots were tiny, possibly new shoots.  vegitation is drift ulva and grassillaria. biota: sea stars, sea cucumber, dungeness & red rock crabs.",NA,"MCN_south_L3__2017-07-08__rebar__THC","MCN_south_L3",2017-07-08,"rebar","THC","zos_rec_ps__USFWS__PNNL","large scale","line",16,5,80,40,4,160,4000,50,100,"screw anchors at 0m and 25m","match","match","match","match"
"485","McNeil Island","South Shore - PNNL - test - 2  - (middle) - 2016","CPS","93-094344",2016-09-21,"6.25",500,"PNNL",2017-04-11,"present","rebar",NA,6.25,0,202,NA,"some survival, fair number of snails, mixed with algae and diatoms, plants are green and longer than east site and similar to west site",NA,"MCN_south_2__2016-09-21__rebar__SPT","MCN_south_2",2016-09-21,"rebar","SPT","zos_rec_ps__USFWS__PNNL","test","point",2.5,2.5,6.25,5,0.5,20,500,80,100,"None.","match","no_match","match","match"
"486","McNeil Island","South Shore - PNNL - test - 3  - (western most) - 2016","CPS","93-094344",2016-09-21,"6.25",500,"PNNL",2017-04-11,"present","rebar",28,6.25,4.48,202,0.056,"too much algae to get accurate count, at least 28 shoots",NA,"MCN_south_3__2016-09-21__rebar__SPT","MCN_south_3",2016-09-21,"rebar","SPT","zos_rec_ps__USFWS__PNNL","test","point",2.5,2.5,6.25,5,0.5,20,500,80,100,"None.","match","no_match","match","match"
"487","McNeil Island","South Shore -PNNL - test - 1 - (eastern most) - 2016","CPS","93-094344",2016-09-21,"6.25",500,"PNNL",2017-04-11,"present","rebar",81,6.25,12.96,202,0.162,"little bit of exposure, some survival in every line, not the healthiest but definitely green",NA,"MCN_south_1__2016-09-21__rebar__SPT","MCN_south_1",2016-09-21,"rebar","SPT","zos_rec_ps__USFWS__PNNL","test","point",2.5,2.5,6.25,5,0.15,20,500,80,100,"None.","match","no_match","match","match"
"488","McNeil Island","Still Harbor - PNNL - test - 1  - (southern most) - 2016","CPS","93-094344",2016-09-21,"6.25",500,"PNNL",2017-04-10,"absent","rebar",0,6.25,0,201,0,"screw anchors removed",NA,"MCN_still_1__2016-09-21__rebar__SPT","MCN_still_1",2016-09-21,"rebar","SPT","zos_rec_ps__USFWS__PNNL","test","point",2.5,2.5,6.25,5,0.5,20,500,80,100,"None.","match","no_match","match","match"
"489","McNeil Island","Still Harbor - PNNL - test - 2  - rebar (northern most) - 2016","CPS","93-094344",2016-09-21,"5",500,"PNNL",2017-04-10,"absent","rebar",0,5,0,201,0,"screw anchors removed",NA,"MCN_still_2__2016-09-21__rebar__SPT","MCN_still_2",2016-09-21,"rebar","SPT","zos_rec_ps__USFWS__PNNL","test","point",2.5,2,5,5,0.5,20,500,100,100,"side by side plantings using 2 methods.","match","match","match","match"
"490","McNeil Island","Still Harbor - PNNL - test - 2  - staple (northern most) - 2016","CPS","93-094344",2016-09-21,"5",500,"PNNL",2017-04-10,"absent","staple",0,5,0,201,0,"screw anchors removed",NA,"MCN_still_2__2016-09-21__staple__SPT","MCN_still_2",2016-09-21,"staple","SPT","zos_rec_ps__USFWS__PNNL","test","point",2.5,2,5,5,0.625,125,500,100,100,"side by side plantings using 2 methods.","match","match","match","match"
"491","Milwaukee Dock","Milwaukee Dock southern depression - PNNL - test - anchor1 - 2017","CPS","93-094344",2017-08-31,"5.75",450,"PNNL",2018-03-08,"present","rebar",170,5.75,29.5652173913043,189,0.377777777777778,"rebar exposed, one rebar outside plot with ~8 shoots attached. A lot of diatoms everywhere. Moderate survival",NA,"MIL_1__2017-08-31__rebar__CPT","MIL_1",2017-08-31,"rebar","CPT","zos_rec_ps__USFWS__PNNL","test","point",2.5,2.5,6.25,4.5,0.45,18,450,72,100,"Testing to see if rebar will hold better than failed staples at this site. See planting diagram","match","no_match","match","match"
"492","Milwaukee Dock","Milwaukee Dock southern depression - PNNL - test - anchor1 - 2017","CPS","93-094344",2017-08-31,"rebar",6.25,"PNNL",2020-05-12,"present","rebar",0,4.5,0,985,0,"no rooted eelgrass; car tire on south side of plot; coarse sand; some ulva",NA,"MIL_1__2017-08-31__rebar__CPT","MIL_1",2017-08-31,"rebar","CPT","zos_rec_ps__USFWS__PNNL","test","point",2.5,2.5,6.25,4.5,0.45,18,450,72,100,"Testing to see if rebar will hold better than failed staples at this site. See planting diagram","match","no_match","no_match","match"
"493","Milwaukee Dock","Milwaukee Dock southern depression - PNNL - test - anchor3 - 2017","CPS","93-094344",2017-08-31,"6.25",500,"PNNL",2018-03-08,"present","rebar",219,6.25,35.04,189,0.438,"Rebar no longer in rows. Rebar is moving around a lot but still growing eelgrass. Sed more consolidated than previous surveys but still can stick finger in to first knuckle. 2nd and 3rd rows all mixed up so counted together.",NA,"MIL_3__2017-08-31__rebar__CPT","MIL_3",2017-08-31,"rebar","CPT","zos_rec_ps__USFWS__PNNL","test","point",2.5,2.5,6.25,5,0.5,20,500,80,100,"Testing to see if rebar will hold better than failed staples at this site. See planting diagram","match","no_match","match","match"
"494","Milwaukee Dock","Milwaukee Dock southern depression - PNNL - test - anchor3 - 2017","CPS","93-094344",2017-08-31,"rebar",6.25,"PNNL",2020-05-12,"present","rebar",18,5,3.6,985,2.88,"lots of rebar on surface; ulva and lg brown algae; exposed rhizomes on eelgrass present",NA,"MIL_3__2017-08-31__rebar__CPT","MIL_3",2017-08-31,"rebar","CPT","zos_rec_ps__USFWS__PNNL","test","point",2.5,2.5,6.25,5,0.5,20,500,80,100,"Testing to see if rebar will hold better than failed staples at this site. See planting diagram","match","no_match","no_match","match"
"495","Myrtle Edwards","Myrtle Edwards - DNR - test - DW - 2021","CPS","0",2021-05-28,"6.75",540,"DNR",2022-05-03,"present","rebar",3,0.25,12,340,0.00555555555555556,"DNR snorkel survey, recovered 15 rebar. Need to find 12 more during next low tide series.",NA,"MRE_1__2021-05-28__rebar__DPW","MRE_1",2021-05-28,"rebar","DPW","kingco__KingCounty__unspecified","test","point",1.5,1,1.5,3.75,0.375,15,300,200,80,"planted 5, 0.25 m2 plots of 3 rebar each with DuPont Wharf Zm. 2 plots 1.4 m south of light sensor adjacent to 2 plots of Dumas Bay Zm. One plot shallow with the other plot deep. The other 3 plots were 1.4 m north of the light sensor. 2 plots parallel to shore at the same depth, with 1 plot adjacent but deeper to make an ""L"". Dumas Bay Zm test plots completed the 1 x 1 m2 plot and then a second Dumas Bay test plot was added shallow and adjacent to the 2 DuPont Wharf Zm test plots.","match","no_match","no_match","match"
"496","Myrtle Edwards Park","Myrtle Edwards - DNR - test - DB - 2021","CPS","0",2021-05-28,"1",240,"DNR",2021-06-09,"present","rebar",NA,NA,NA,12,NA,"Eelgrass looks good, no algae in the eelgrass, but algae nearby. Julia Ledbetter & Lauren Johnson.",NA,"MRE_1__2021-05-28__rebar__DMB","MRE_1",2021-05-28,"rebar","DMB","kingco__KingCounty__unspecified","test","point",1,1,1,3,0.3,12,240,240,80,"planted 4, 0.25 m2 plots of 3 rebar each with Dumas Bay Zm. 2 plots 1.4 m south of light sensor adjacent to 2 plots of DuPont Wharf Zm. One plot shallow with the other plot deep. The other 2 plots were 1.4 m north of light sensor, 1 plot shallow, 1 plot deep.","match","no_match","match","match"
"497","Myrtle Edwards Park","Myrtle Edwards - DNR - test - DB - 2021","CPS","0",2021-05-28,"1",240,"DNR",2021-07-11,"present","rebar",NA,NA,NA,44,NA,"Eelgrass looks good. Assessed during sensor swap. Jeff Gaeckle, Natalie Gaeckle, and Fred Short.",NA,"MRE_1__2021-05-28__rebar__DMB","MRE_1",2021-05-28,"rebar","DMB","kingco__KingCounty__unspecified","test","point",1,1,1,3,0.3,12,240,240,80,"planted 4, 0.25 m2 plots of 3 rebar each with Dumas Bay Zm. 2 plots 1.4 m south of light sensor adjacent to 2 plots of DuPont Wharf Zm. One plot shallow with the other plot deep. The other 2 plots were 1.4 m north of light sensor, 1 plot shallow, 1 plot deep.","match","no_match","match","match"
"498","Myrtle Edwards Park","Myrtle Edwards - DNR - test - DW - 2021","CPS","0",2021-05-28,"1.5",300,"DNR",2021-06-09,"present","rebar",NA,NA,NA,12,NA,"Eelgrass looks good, no algae in the eelgrass, but algae nearby. Julia Ledbetter & Lauren Johnson.",NA,"MRE_1__2021-05-28__rebar__DPW","MRE_1",2021-05-28,"rebar","DPW","kingco__KingCounty__unspecified","test","point",1.5,1,1.5,3.75,0.375,15,300,200,80,"planted 5, 0.25 m2 plots of 3 rebar each with DuPont Wharf Zm. 2 plots 1.4 m south of light sensor adjacent to 2 plots of Dumas Bay Zm. One plot shallow with the other plot deep. The other 3 plots were 1.4 m north of the light sensor. 2 plots parallel to shore at the same depth, with 1 plot adjacent but deeper to make an ""L"". Dumas Bay Zm test plots completed the 1 x 1 m2 plot and then a second Dumas Bay test plot was added shallow and adjacent to the 2 DuPont Wharf Zm test plots.","match","no_match","match","match"
"499","Myrtle Edwards Park","Myrtle Edwards - DNR - test - DW - 2021","CPS","0",2021-05-28,"1.5",300,"DNR",2021-07-11,"present","rebar",NA,NA,NA,44,NA,"Eelgrass looks good. Assessed during sensor swap. Jeff Gaeckle, Natalie Gaeckle, and Fred Short.",NA,"MRE_1__2021-05-28__rebar__DPW","MRE_1",2021-05-28,"rebar","DPW","kingco__KingCounty__unspecified","test","point",1.5,1,1.5,3.75,0.375,15,300,200,80,"planted 5, 0.25 m2 plots of 3 rebar each with DuPont Wharf Zm. 2 plots 1.4 m south of light sensor adjacent to 2 plots of Dumas Bay Zm. One plot shallow with the other plot deep. The other 3 plots were 1.4 m north of the light sensor. 2 plots parallel to shore at the same depth, with 1 plot adjacent but deeper to make an ""L"". Dumas Bay Zm test plots completed the 1 x 1 m2 plot and then a second Dumas Bay test plot was added shallow and adjacent to the 2 DuPont Wharf Zm test plots.","match","no_match","match","match"
"500","Myrtle Edwards Park","Myrtle Edwards - DNR - test - DW - 2021","CPS","0",2021-05-28,"1.5",300,"DNR",2022-05-03,"present","rebar",NA,NA,NA,340,NA,"Quick check on the 2021 transplant effort with Danielle Claar. Found 3 eelgrass shoots. Cleared site of some competing macroalgae. Checked and cleaned light sensor. Encouraged that 3 plants were remaining, but wish there were more.",NA,"MRE_1__2021-05-28__rebar__DPW","MRE_1",2021-05-28,"rebar","DPW","kingco__KingCounty__unspecified","test","point",1.5,1,1.5,3.75,0.375,15,300,200,80,"planted 5, 0.25 m2 plots of 3 rebar each with DuPont Wharf Zm. 2 plots 1.4 m south of light sensor adjacent to 2 plots of Dumas Bay Zm. One plot shallow with the other plot deep. The other 3 plots were 1.4 m north of the light sensor. 2 plots parallel to shore at the same depth, with 1 plot adjacent but deeper to make an ""L"". Dumas Bay Zm test plots completed the 1 x 1 m2 plot and then a second Dumas Bay test plot was added shallow and adjacent to the 2 DuPont Wharf Zm test plots.","match","no_match","match","match"
"501","Myrtle Edwards Park","Myrtle Edwards - DNR - test 1 - DW - 2022","CPS","0",2022-05-17,"1.5",120,"DNR",2022-06-01,"present","rebar",NA,NA,NA,15,NA,"Swapped sensors at Myrtle Edwards and confirmed that eelgrass transplanted on 5/17/2022 was still present.",NA,"MRE_2__2022-05-17__rebar__DPW_r1","MRE_2",2022-05-17,"rebar","DPW","kingco__KingCounty__unspecified","test","point",1,0.5,0.5,1.5,0.15,6,120,240,80,"planted 2, 0.25 m2 plots of 3 rebar each with DuPont Wharf Zm near remaining 3 shoots from 2021 test transplant. Transplants were adjacent to rip rap.","match","match","match","match"
"502","Myrtle Edwards Park","Myrtle Edwards - DNR - test 1 - DW - 2022","CPS","0",2022-05-17,"1.5",120,"DNR",2022-06-28,NA,"rebar",NA,NA,NA,42,NA,"Visited Myrtle Edwards on Tuesday, 6/28/2022, but could not evaluate Zm transplant presence due to poor water quality - wind waves kicked up sediment and created a plume from shore to about 20 ft offshore. Not worth going in for Zero viz.",NA,"MRE_2__2022-05-17__rebar__DPW_r1","MRE_2",2022-05-17,"rebar","DPW","kingco__KingCounty__unspecified","test","point",1,0.5,0.5,1.5,0.15,6,120,240,80,"planted 2, 0.25 m2 plots of 3 rebar each with DuPont Wharf Zm near remaining 3 shoots from 2021 test transplant. Transplants were adjacent to rip rap.","match","match","match","match"
"503","Myrtle Edwards Park","Myrtle Edwards - DNR - test 1 - DW - 2022","CPS","0",2022-05-17,"1.5",120,"DNR",2022-08-09,"present","rebar",NA,NA,NA,84,NA,"Swapped sensors at Myrtle Edwards and confirmed that 120 eelgrass shoots that were transplanted on 5/17/2022 next to the eelgrass transplanted on 5/28/2021 were still present. Water clarity was terrible so locating the bulk of the 5/17/2022 eelgrass transplants (test 2, 620 shoots) was not possible.",NA,"MRE_2__2022-05-17__rebar__DPW_r1","MRE_2",2022-05-17,"rebar","DPW","kingco__KingCounty__unspecified","test","point",1,0.5,0.5,1.5,0.15,6,120,240,80,"planted 2, 0.25 m2 plots of 3 rebar each with DuPont Wharf Zm near remaining 3 shoots from 2021 test transplant. Transplants were adjacent to rip rap.","match","match","match","match"
"504","Myrtle Edwards Park","Myrtle Edwards - DNR - test 1 - DW - 2022","CPS","0",2022-05-17,"1.5",120,"DNR",2022-09-09,"present","rebar",NA,NA,NA,115,NA,"Swapped sensor at Myrtle Edwards and checked on 5/28/2021 and 5/17/2022 eelgrass transplants. Eelgrass transplants looked great. Quite a bit of new growth, some epiphytes on leaves, lots of fish using seagrass (tubesnouts, shiner perch, and sand lance). Wave energy definitely a factor in uprooting seagrass - appeared that some rhizomes were dislodged due to wave energy.",NA,"MRE_2__2022-05-17__rebar__DPW_r1","MRE_2",2022-05-17,"rebar","DPW","kingco__KingCounty__unspecified","test","point",1,0.5,0.5,1.5,0.15,6,120,240,80,"planted 2, 0.25 m2 plots of 3 rebar each with DuPont Wharf Zm near remaining 3 shoots from 2021 test transplant. Transplants were adjacent to rip rap.","match","match","match","match"
"505","Myrtle Edwards Park","Myrtle Edwards - DNR - test 1 - DW - 2022","CPS","0",2022-05-17,"1.5",120,"DNR",2022-07-14,"present","rebar",NA,NA,NA,58,NA,"Lisa Ferrier visited the site at low tide (-1.2 m, MLLW) and took photos of the Myrtle Edwards Park 1 site just north of the light sensor.",NA,"MRE_2__2022-05-17__rebar__DPW_r1","MRE_2",2022-05-17,"rebar","DPW","kingco__KingCounty__unspecified","test","point",1,0.5,0.5,1.5,0.15,6,120,240,80,"planted 2, 0.25 m2 plots of 3 rebar each with DuPont Wharf Zm near remaining 3 shoots from 2021 test transplant. Transplants were adjacent to rip rap.","match","match","match","match"
"506","Myrtle Edwards Park","Myrtle Edwards - DNR - test 1 - DW - 2022","CPS","0",2022-05-17,"1.5",120,"DNR",2023-04-23,"present","rebar",10,NA,NA,341,0.0833333333333333,"JG & Fred Short visited site at ~1245-130 (low tide, -1.6 ft) to swap the environmental sensor. Observed approximately 10 eelgrass shoots just north of the sensor where they were planted in 2022. Sensor was beat up a bit, lost Onset Depth Logger 20565978. Sensor swap successful.",NA,"MRE_2__2022-05-17__rebar__DPW_r1","MRE_2",2022-05-17,"rebar","DPW","kingco__KingCounty__unspecified","test","point",1,0.5,0.5,1.5,0.15,6,120,240,80,"planted 2, 0.25 m2 plots of 3 rebar each with DuPont Wharf Zm near remaining 3 shoots from 2021 test transplant. Transplants were adjacent to rip rap.","match","match","match","match"
"507","Myrtle Edwards Park","Myrtle Edwards - DNR - test 2 - DW - 2022","CPS","0",2022-05-17,"7.75",620,"DNR",2022-06-01,"present","rebar",NA,NA,NA,15,NA,"Swapped sensors at Myrtle Edwards and confirmed that eelgrass transplanted on 5/17/2022 was still present.",NA,"MRE_2__2022-05-17__rebar__DPW_r2","MRE_2",2022-05-17,"rebar","DPW","kingco__KingCounty__unspecified","test","point",2.5,1,2.5,7.75,0.775,31,620,248,80,"planted 10, 0.25 m2 plots of 3 rebar each with DuPont Wharf Zm 16 m southeast of the 2021 test transplants, adjacent to the sandy beach of Myrtle Edwards Park. Transplants were set up as a shallow 0.25 m2 plot with 3 rebar and an adjacent and deeper 0.25 m2 plot with 3 rebar. There were 5 rows of these from shallow to deep with 1 rebar placed in the middle between rows 2 and 3.","match","match","match","match"
"508","Myrtle Edwards Park","Myrtle Edwards - DNR - test 2 - DW - 2022","CPS","0",2022-05-17,"7.75",620,"DNR",2022-06-28,NA,"rebar",NA,NA,NA,42,NA,"Visited Myrtle Edwards on Tuesday, 6/28/2022, but could not evaluate Zm transplant presence due to poor water quality - wind waves kicked up sediment and created a plume from shore to about 20 ft offshore. Not worth going in for Zero viz.",NA,"MRE_2__2022-05-17__rebar__DPW_r2","MRE_2",2022-05-17,"rebar","DPW","kingco__KingCounty__unspecified","test","point",2.5,1,2.5,7.75,0.775,31,620,248,80,"planted 10, 0.25 m2 plots of 3 rebar each with DuPont Wharf Zm 16 m southeast of the 2021 test transplants, adjacent to the sandy beach of Myrtle Edwards Park. Transplants were set up as a shallow 0.25 m2 plot with 3 rebar and an adjacent and deeper 0.25 m2 plot with 3 rebar. There were 5 rows of these from shallow to deep with 1 rebar placed in the middle between rows 2 and 3.","match","match","match","match"
"509","Myrtle Edwards Park","Myrtle Edwards - DNR - test 2 - DW - 2022","CPS","0",2022-05-17,"7.75",620,"DNR",2022-08-09,NA,"rebar",NA,NA,NA,84,NA,"Visited Myrtle Edwards on 8/9/2022 to swap sensor at test plot 1 and successfully did so. Could not evaluate test transplants at test plot 2 due to poor water quality. Visibility was terrible.",NA,"MRE_2__2022-05-17__rebar__DPW_r2","MRE_2",2022-05-17,"rebar","DPW","kingco__KingCounty__unspecified","test","point",2.5,1,2.5,7.75,0.775,31,620,248,80,"planted 10, 0.25 m2 plots of 3 rebar each with DuPont Wharf Zm 16 m southeast of the 2021 test transplants, adjacent to the sandy beach of Myrtle Edwards Park. Transplants were set up as a shallow 0.25 m2 plot with 3 rebar and an adjacent and deeper 0.25 m2 plot with 3 rebar. There were 5 rows of these from shallow to deep with 1 rebar placed in the middle between rows 2 and 3.","match","match","match","match"
"510","Myrtle Edwards Park","Myrtle Edwards - DNR - test 2 - DW - 2022","CPS","0",2022-05-17,"7.75",620,"DNR",2022-09-09,"present","rebar",NA,NA,NA,115,NA,"Swapped sensor at Myrtle Edwards and checked on 5/28/2021 and 5/17/2022 eelgrass transplants. Eelgrass transplants looked great. Quite a bit of new growth, some epiphytes on leaves, lots of fish using seagrass (tubesnouts, shiner perch, and sand lance). Wave energy definitely a factor in uprooting seagrass - appeared that some rhizomes were dislodged due to wave energy.",NA,"MRE_2__2022-05-17__rebar__DPW_r2","MRE_2",2022-05-17,"rebar","DPW","kingco__KingCounty__unspecified","test","point",2.5,1,2.5,7.75,0.775,31,620,248,80,"planted 10, 0.25 m2 plots of 3 rebar each with DuPont Wharf Zm 16 m southeast of the 2021 test transplants, adjacent to the sandy beach of Myrtle Edwards Park. Transplants were set up as a shallow 0.25 m2 plot with 3 rebar and an adjacent and deeper 0.25 m2 plot with 3 rebar. There were 5 rows of these from shallow to deep with 1 rebar placed in the middle between rows 2 and 3.","match","match","match","match"
"511","Myrtle Edwards Park","Myrtle Edwards - DNR - test 2 - DW - 2022","CPS","0",2022-05-17,"7.75",620,"DNR",2022-07-14,NA,"rebar",NA,NA,NA,58,NA,"Lisa Ferrier was on site but did not search for these plants.",NA,"MRE_2__2022-05-17__rebar__DPW_r2","MRE_2",2022-05-17,"rebar","DPW","kingco__KingCounty__unspecified","test","point",2.5,1,2.5,7.75,0.775,31,620,248,80,"planted 10, 0.25 m2 plots of 3 rebar each with DuPont Wharf Zm 16 m southeast of the 2021 test transplants, adjacent to the sandy beach of Myrtle Edwards Park. Transplants were set up as a shallow 0.25 m2 plot with 3 rebar and an adjacent and deeper 0.25 m2 plot with 3 rebar. There were 5 rows of these from shallow to deep with 1 rebar placed in the middle between rows 2 and 3.","match","match","match","match"
"512","Myrtle Edwards Park","Myrtle Edwards - DNR - test 2 - DW - 2022","CPS","0",2022-05-17,"7.75",620,"DNR",2023-04-23,"present","rebar",50,NA,NA,341,0.0806451612903226,"JG & Fred Short visited site at ~1245-130 (low tide, -1.6 ft) to swap the environmental sensor. Checked on these transplants from 5/17/2022. There were approximately 50 eelgrass shoots present. Lots of macroalgae that was making site a bit difficult to survive due to disturbance by macroalgae. Recovered 6 rebar.",NA,"MRE_2__2022-05-17__rebar__DPW_r2","MRE_2",2022-05-17,"rebar","DPW","kingco__KingCounty__unspecified","test","point",2.5,1,2.5,7.75,0.775,31,620,248,80,"planted 10, 0.25 m2 plots of 3 rebar each with DuPont Wharf Zm 16 m southeast of the 2021 test transplants, adjacent to the sandy beach of Myrtle Edwards Park. Transplants were set up as a shallow 0.25 m2 plot with 3 rebar and an adjacent and deeper 0.25 m2 plot with 3 rebar. There were 5 rows of these from shallow to deep with 1 rebar placed in the middle between rows 2 and 3.","match","match","match","match"
"513","Myrtle Edwards Park","Myrtle Edwards - DNR - test 2 - DW - 2022","CPS","0",2022-05-17,"7.75",620,"DNR",2024-07-07,"present","rebar",8,NA,NA,782,0.0129032258064516,"JG & Fred Short visited the site to swap the environmental sensor. There were 8 plants present (photos taken)",NA,"MRE_2__2022-05-17__rebar__DPW_r2","MRE_2",2022-05-17,"rebar","DPW","kingco__KingCounty__unspecified","test","point",2.5,1,2.5,7.75,0.775,31,620,248,80,"planted 10, 0.25 m2 plots of 3 rebar each with DuPont Wharf Zm 16 m southeast of the 2021 test transplants, adjacent to the sandy beach of Myrtle Edwards Park. Transplants were set up as a shallow 0.25 m2 plot with 3 rebar and an adjacent and deeper 0.25 m2 plot with 3 rebar. There were 5 rows of these from shallow to deep with 1 rebar placed in the middle between rows 2 and 3.","match","match","match","match"
"514","Ostrich Bay","Ostrich Bay - PNNL - test - 2015","CPS","IAA 12-317.1",2015-02-18,"25",500,"DNR",2015-08-28,"absent","staple",0,NA,NA,191,0,"DNR snorkel monitoring. No Zm found in 4 corner markers of test-transplant site.",NA,"OST__2015-02-18__staple__CPT","OST",2015-02-18,"staple","CPT","zos_rest_ps__DNR__PNNL","test","point",5,5,25,25,0.625,125,500,20,20,"None.","match","match","match","match"
"515","Penrose State Park","Penrose North - HC - test - 2016","CPS","SC 16-17",2016-05-20,"75",780,"HC",2016-06-12,"present","burlap",NA,NA,NA,23,NA,"Zm monitored using SeaAll video system. Plants looked in good condition with some macroalgae present.",NA,"PEN_L1__2016-05-20__burlap__RKB","PEN_L1",2016-05-20,"burlap","RKB","zos_rest_ps__WDFW__Hart Crowser","test","point",5,5,25,39,9.75,156,780,31.2,20,"transect line that includes 3 test plots","match","no_match","match","match"
"516","Penrose State Park","Penrose North - HC - test - 2016","CPS","SC 16-17",2016-05-20,"75",780,"HC",2017-07-17,"present","burlap",4,0.1,40,423,0.00512820512820513,"only 4 dying Zm shoots found. Site covered with thick ulva. Recovered biodegradable stakes and other ground tackle.",NA,"PEN_L1__2016-05-20__burlap__RKB","PEN_L1",2016-05-20,"burlap","RKB","zos_rest_ps__WDFW__Hart Crowser","test","point",5,5,25,39,9.75,156,780,31.2,20,"transect line that includes 3 test plots","match","no_match","match","match"
"517","Port Gamble Bay","Port Gamble Bay - 1 - PNNL - large scale - N corner","HDC","IAA 14-293",2015-04-01,"240",4800,"DNR",2016-06-05,"absent","staple",0,NA,NA,431,0,"DNR snorkel monitoring. No Zm observed. Survey was not 100% thorough due to poor visibility and lack of SCUBA.",NA,"PTG_P1__2015-04-01__staple__PTJ","PTG_P1",2015-04-01,"staple","PTJ","zos_rest_pgamble__Ecology__PNNL","large scale","polygon",48,36,1728,240,6,1200,4800,2.77777777777778,20,"None.","match","match","match","match"
"518","Port Gamble Bay","Port Gamble Bay - 2 - PNNL - large scale - N corner","HDC","IAA 14-293",2015-04-01,"320",6330,"DNR",2016-06-05,"absent","staple",0,NA,NA,431,0,"DNR snorkel monitoring. No Zm observed. Survey was not 100% thorough due to poor visibility and lack of SCUBA.",NA,"PTG_P2__2015-04-01__staple__PTJ","PTG_P2",2015-04-01,"staple","PTJ","zos_rest_pgamble__Ecology__PNNL","large scale","polygon",60,36,2160,320,7.9125,1582.5,6330,2.93055555555556,19.78125,"None.","match","match","match","match"
"519","Port Gamble Bay","Port Gamble Bay - 3 - PNNL -  large scale - NW corner","HDC","IAA 14-293",2015-04-01,"320",6400,"DNR",2016-06-05,"absent","staple",0,NA,NA,431,0,"DNR snorkel monitoring. No Zm observed. Survey was not 100% thorough due to poor visibility and lack of SCUBA.",NA,"PTG_P3__2015-04-01__staple__PTJ","PTG_P3",2015-04-01,"staple","PTJ","zos_rest_pgamble__Ecology__PNNL","large scale","polygon",60,36,2160,320,8,1600,6400,2.96296296296296,20,"None.","match","match","match","match"
"520","Port Gamble Bay","Port Gamble Bay - 4 - PNNL - large scale - NW corner","HDC","IAA 14-293",2015-04-01,"320",6372,"DNR",2016-06-05,"absent","staple",0,NA,NA,431,0,"DNR snorkel monitoring. No Zm observed. Survey was not 100% thorough due to poor visibility and lack of SCUBA.",NA,"PTG_P4__2015-04-01__staple__PTJ","PTG_P4",2015-04-01,"staple","PTJ","zos_rest_pgamble__Ecology__PNNL","large scale","polygon",60,36,2160,320,7.965,1593,6372,2.95,19.9125,"None.","match","match","match","match"
"521","Port Gamble Bay","Port Gamble Bay - PNNL - test 1 - 2014","HDC","IAA 14-293",2014-11-20,"25",500,"PNNL",2015-03-25,"present","staple",50,25,2,125,0.1,NA,NA,"PTG_1__2014-11-20__staple__PTJ","PTG_1",2014-11-20,"staple","PTJ","zos_rest_pgamble__Ecology__PNNL","test","point",5,5,25,25,0.625,125,500,20,20,"None.","match","match","match","match"
"522","Port Gamble Bay","Port Gamble Bay - PNNL - test 2 - 2014","HDC","IAA 14-293",2014-11-19,"25",500,"PNNL",2015-03-25,"present","staple",22,25,0.88,126,0.044,NA,NA,"PTG_2__2014-11-19__staple__PTJ","PTG_2",2014-11-19,"staple","PTJ","zos_rest_pgamble__Ecology__PNNL","test","point",5,5,25,25,0.625,125,500,20,20,"None.","match","match","match","match"
"523","Port Gamble Bay","Port Gamble Bay - PNNL - test 3 - 2014","HDC","IAA 14-293",2014-11-19,"25",500,"PNNL",2015-03-25,"present","staple",90,25,3.6,126,0.18,NA,NA,"PTG_3__2014-11-19__staple__PTJ","PTG_3",2014-11-19,"staple","PTJ","zos_rest_pgamble__Ecology__PNNL","test","point",5,5,25,25,0.625,125,500,20,20,"None.","match","match","match","match"
"524","Port Gamble Bay","Port Gamble Bay - PNNL - test 4 - 2014","HDC","IAA 14-293",2014-11-19,"25",500,"PNNL",2015-03-25,"present","staple",4,25,0.16,126,0.008,NA,NA,"PTG_4__2014-11-19__staple__PTJ","PTG_4",2014-11-19,"staple","PTJ","zos_rest_pgamble__Ecology__PNNL","test","point",5,5,25,25,0.625,125,500,20,20,"None.","match","match","match","match"
"525","Port Gamble Bay","Port Gamble Bay - PNNL - test 5 - 2014","HDC","IAA 14-293",2014-11-18,"25",500,"PNNL",2015-03-25,"present","staple",23,25,0.92,127,0.046,NA,NA,"PTG_5__2014-11-18__staple__PTJ","PTG_5",2014-11-18,"staple","PTJ","zos_rest_pgamble__Ecology__PNNL","test","point",5,5,25,25,0.625,125,500,20,20,"None.","match","match","match","match"
"526","Port Gamble Bay","Port Gamble Bay - PNNL - test 6 - 2014","HDC","IAA 14-293",2014-11-20,"25",500,"PNNL",2015-03-25,"present","staple",29,25,1.16,125,0.058,NA,NA,"PTG_6__2014-11-20__staple__PTJ","PTG_6",2014-11-20,"staple","PTJ","zos_rest_pgamble__Ecology__PNNL","test","point",5,5,25,25,0.625,125,500,20,20,"None.","match","match","match","match"
"527","Quartermaster Harbor","Quartermaster Harbor - PNNL - Test Plot 1D - 2018","CPS","93-094344",2018-05-30,"12",600,"DNR",2018-07-16,"present","rebar",NA,NA,NA,47,NA,"DNR snorkel monitoring. Zm looked great and mixed with natural Zm.",NA,"QMH_1D__2018-05-30__rebar__DMB","QMH_1D",2018-05-30,"rebar","DMB","zos_rec_ps__USFWS__PNNL","test","point",12,1,12,7.5,0.75,30,600,50,80,"base line runs 240°M; 20 shoots/rebar; 30 rebar planted on the offshore side of baseline","match","no_match","match","match"
"528","Quartermaster Harbor","Quartermaster Harbor - PNNL - Test Plot 1D - 2018","CPS","93-094344",2018-05-30,"12",600,"PNNL",2019-04-15,"present","rebar",22,12,1.83333333333333,320,0.0366666666666667,"poor; pulled screw anchors",NA,"QMH_1D__2018-05-30__rebar__DMB","QMH_1D",2018-05-30,"rebar","DMB","zos_rec_ps__USFWS__PNNL","test","point",12,1,12,7.5,0.75,30,600,50,80,"base line runs 240°M; 20 shoots/rebar; 30 rebar planted on the offshore side of baseline","match","no_match","match","match"
"529","Quartermaster Harbor","Quartermaster Harbor - PNNL - Test Plot 1S - 2018","CPS","93-094344",2018-05-30,"12",600,"DNR",2018-07-16,"present","rebar",NA,NA,NA,47,NA,"DNR snorkel monitoring. Zm looked great and mixed with natural Zm.",NA,"QMH_1S__2018-05-30__rebar__DMB","QMH_1S",2018-05-30,"rebar","DMB","zos_rec_ps__USFWS__PNNL","test","point",12,1,12,7.5,0.75,30,600,50,80,"base line runs 230°M; 20 shoots/rebar; 30 rebar planted on the offshore side of baseline","match","no_match","match","match"
"530","Quartermaster Harbor","Quartermaster Harbor - PNNL - Test Plot 1S - 2018","CPS","93-094344",2018-05-30,"12",600,"PNNL",2019-04-15,"present","rebar",6,12,0.5,320,0.01,"poor; pulled screw anchors",NA,"QMH_1S__2018-05-30__rebar__DMB","QMH_1S",2018-05-30,"rebar","DMB","zos_rec_ps__USFWS__PNNL","test","point",12,1,12,7.5,0.75,30,600,50,80,"base line runs 230°M; 20 shoots/rebar; 30 rebar planted on the offshore side of baseline","match","no_match","match","match"
"531","Quartermaster Harbor","Quartermaster Harbor - PNNL - Test Plot 2D - 2018","CPS","93-094344",2018-06-01,"12",600,"DNR",2018-07-16,"present","rebar",NA,NA,NA,45,NA,"DNR snorkel monitoring. Looked better than site #3. Water quality better than other sites.",NA,"QMH_2D__2018-06-01__rebar__DMB","QMH_2D",2018-06-01,"rebar","DMB","zos_rec_ps__USFWS__PNNL","test","point",12,1,12,7.5,0.75,30,600,50,80,"base line runs 305°M; 20 shoots/rebar; 30 rebar planted on the offshore side of baseline","match","no_match","match","match"
"532","Quartermaster Harbor","Quartermaster Harbor - PNNL - Test Plot 2D - 2018","CPS","93-094344",2018-06-01,"12",600,"PNNL",2019-04-15,"present","rebar",7,12,0.583333333333333,318,0.0116666666666667,"poor; pulled screw anchors",NA,"QMH_2D__2018-06-01__rebar__DMB","QMH_2D",2018-06-01,"rebar","DMB","zos_rec_ps__USFWS__PNNL","test","point",12,1,12,7.5,0.75,30,600,50,80,"base line runs 305°M; 20 shoots/rebar; 30 rebar planted on the offshore side of baseline","match","no_match","match","match"
"533","Quartermaster Harbor","Quartermaster Harbor - PNNL - Test Plot 3D - 2018","CPS","93-094344",2018-06-01,"12",600,"DNR",2018-07-16,"present","rebar",NA,NA,NA,45,NA,"DNR snorkel monitoring. Few plants remaining",NA,"QMH_3D__2018-06-01__rebar__DMB","QMH_3D",2018-06-01,"rebar","DMB","zos_rec_ps__USFWS__PNNL","test","point",12,1,12,7.5,0.75,30,600,50,80,"base line runs 25°M; 20 shoots/rebar; 30 rebar planted on the inshore side of baseline","match","no_match","match","match"
"534","Quartermaster Harbor","Quartermaster Harbor - PNNL - Test Plot 3D - 2018","CPS","93-094344",2018-06-01,"12",600,"PNNL",2019-04-15,"absent","rebar",0,12,0,318,0,"poor; pulled screw anchors",NA,"QMH_3D__2018-06-01__rebar__DMB","QMH_3D",2018-06-01,"rebar","DMB","zos_rec_ps__USFWS__PNNL","test","point",12,1,12,7.5,0.75,30,600,50,80,"base line runs 25°M; 20 shoots/rebar; 30 rebar planted on the inshore side of baseline","match","no_match","match","match"
"535","Quartermaster Harbor","Quartermaster Harbor - PNNL - Test Plot 3S - 2018","CPS","93-094344",2018-06-01,"12",600,"DNR",2018-07-16,"present","rebar",NA,NA,NA,45,NA,"DNR snorkel monitoring. Few plants remaining",NA,"QMH_3S__2018-06-01__rebar__DMB","QMH_3S",2018-06-01,"rebar","DMB","zos_rec_ps__USFWS__PNNL","test","point",12,1,12,7.5,0.75,30,600,50,80,"base line runs 40°M; 20 shoots/rebar; 30 rebar planted on the offshore side of baseline","match","no_match","match","match"
"536","Quartermaster Harbor","Quartermaster Harbor - PNNL - Test Plot 3S - 2018","CPS","93-094344",2018-06-01,"12",600,"PNNL",2019-04-15,"absent","rebar",1,12,0.0833333333333333,318,0.00166666666666667,"poor; pulled screw anchors",NA,"QMH_3S__2018-06-01__rebar__DMB","QMH_3S",2018-06-01,"rebar","DMB","zos_rec_ps__USFWS__PNNL","test","point",12,1,12,7.5,0.75,30,600,50,80,"base line runs 40°M; 20 shoots/rebar; 30 rebar planted on the offshore side of baseline","match","no_match","match","match"
"537","Quartermaster Harbor","Quartermaster Harbor - PNNL - Test Plot 4D - 2018","CPS","93-094344",2018-05-30,"12",600,"DNR",2018-07-16,"present","rebar",NA,NA,NA,47,NA,"DNR snorkel monitoring. Tough to find Zm. Few plants remaining. Lots of sea snot in water.",NA,"QMH_4D__2018-05-30__rebar__DMB","QMH_4D",2018-05-30,"rebar","DMB","zos_rec_ps__USFWS__PNNL","test","point",12,1,12,7.5,0.75,30,600,50,80,"base line runs 90°M; 20 shoots/rebar; 30 rebar planted on the offshore side of baseline","match","no_match","match","match"
"538","Quartermaster Harbor","Quartermaster Harbor - PNNL - Test Plot 4D - 2018","CPS","93-094344",2018-05-30,"12",600,"PNNL",2019-04-16,"present","rebar",24,12,2,321,0.04,"poor; lots of snails on plants, small spindly plants. Left screw anchors.",NA,"QMH_4D__2018-05-30__rebar__DMB","QMH_4D",2018-05-30,"rebar","DMB","zos_rec_ps__USFWS__PNNL","test","point",12,1,12,7.5,0.75,30,600,50,80,"base line runs 90°M; 20 shoots/rebar; 30 rebar planted on the offshore side of baseline","match","no_match","match","match"
"539","Quartermaster Harbor","Quartermaster Harbor - PNNL - Test Plot 4S - 2018","CPS","93-094344",2018-05-30,"12",600,"DNR",2018-07-16,"present","rebar",NA,NA,NA,47,NA,"DNR snorkel monitoring. Tough to find Zm. Few plants remaining. Lots of sea snot in water.",NA,"QMH_4S__2018-05-30__rebar__DMB","QMH_4S",2018-05-30,"rebar","DMB","zos_rec_ps__USFWS__PNNL","test","point",12,1,12,7.5,0.75,30,600,50,80,"base line runs 90°M; 20 shoots/rebar; 30 rebar planted on the offshore side of baseline","match","no_match","match","match"
"540","Quartermaster Harbor","Quartermaster Harbor - PNNL - Test Plot 4S - 2018","CPS","93-094344",2018-05-30,"12",600,"PNNL",2019-04-16,"present","rebar",7,12,0.583333333333333,321,0.0116666666666667,"poor; lots of clams, moon snails, and snails on plants",NA,"QMH_4S__2018-05-30__rebar__DMB","QMH_4S",2018-05-30,"rebar","DMB","zos_rec_ps__USFWS__PNNL","test","point",12,1,12,7.5,0.75,30,600,50,80,"base line runs 90°M; 20 shoots/rebar; 30 rebar planted on the offshore side of baseline","match","no_match","match","match"
"541","Quartermaster Harbor","Quartermaster Harbor - PNNL - Test Plot 4S - 2021","CPS","0",2021-05-13,"3",240,"DNR",2021-05-26,"absent","rebar",0,NA,NA,13,0.00166666666666667,"Zm appeared to have been decimated by crabs. Evidence of burrowing shrimp as well. Rebar was sunken into sediment. Found all but 3 rebar.",NA,"QMH_4S__2021-05-13__rebar__DPW","QMH_4S",2021-05-13,"rebar","DPW","kingco__KingCounty__unspecified","test","point",3.5,0.5,1.75,1,0.3,12,240,137.142857142857,240,"20 shoots per rebar as DuPont Wharf shoots were large (~50 cm canopy height). Plots start approximatey 5 m east of light sensor. 3rd plot east of light sensor included a base of sand (50# bag of play sand)","match","no_match","match","match"
"542","Quartermaster Harbor","Quartermaster Harbor - PNNL - Test Plot 4S - 2021","CPS","0",2021-05-14,"3.75",375,"DNR",2021-05-26,"absent","rebar",0,NA,NA,12,0.00166666666666667,"Zm appeared to have been decimated by crabs. Evidence of burrowing shrimp as well. Rebar was sunken into sediment. Found all but 3 rebar.",NA,"QMH_4S__2021-05-13__rebar__DPW","QMH_4S",2021-05-13,"rebar","DPW","kingco__KingCounty__unspecified","test","point",3.5,0.5,1.75,1,0.3,12,240,137.142857142857,240,"20 shoots per rebar as DuPont Wharf shoots were large (~50 cm canopy height). Plots start approximatey 5 m east of light sensor. 3rd plot east of light sensor included a base of sand (50# bag of play sand)","no_match","no_match","no_match","match"
"543","Quartermaster Harbor","Quartermaster Harbor - PNNL - Test Plot 4S - 2021","CPS","0",2021-05-14,NA,375,"DNR",2021-06-26,"absent","rebar",0,NA,NA,43,0.00166666666666667,"Zm gone, collected rebar. Lots of crabs present. Notes in Julia Ledbetter's field book.",NA,"QMH_4S__2021-05-13__rebar__DPW","QMH_4S",2021-05-13,"rebar","DPW","kingco__KingCounty__unspecified","test","point",3.5,0.5,1.75,1,0.3,12,240,137.142857142857,240,"20 shoots per rebar as DuPont Wharf shoots were large (~50 cm canopy height). Plots start approximatey 5 m east of light sensor. 3rd plot east of light sensor included a base of sand (50# bag of play sand)","no_match",NA,"no_match","match"
"544","Quartermaster Harbor","Quartermaster Harbor - PNNL - Test Plot 4S - 2022","CPS","0",2022-05-19,"0.75",75,"DNR",2022-05-31,"absent","TERFS",NA,NA,NA,12,NA,"Crabs destroyed the eelgrass test transplants.",NA,"QMH_4S__2022-05-19__TERFS__DPW","QMH_4S",2022-05-19,"TERFS","DPW","kingco__KingCounty__unspecified","test","point",1.5,0.5,0.75,0.75,0.75,3,75,100,100,"planted 3 upside down TERFS with 25 shoots attached with hemp cord and electrical tape wrapped around a rhizome segment and metal of the TERFS. Goal was to determine if plants could survive in water column without contact with sediment. Possible stressor is grazing by crabs as observed in 2021. TERFS were placed approximately 2 m northwest of light sensor and separated by approximately 1 m.","match","match","match","match"
"545","Quartermaster Harbor","Quartermaster Harbor - PNNL - Test Plot 5a - 2021","CPS","0",2021-05-13,"2.25",180,"DNR",2021-05-26,"absent","rebar",0,NA,NA,13,0.00166666666666667,"Zm appeared to have been decimated by crabs. Evidence of burrowing shrimp as well. Rebar was sunken into sediment. Found and removed all rebar.",NA,"QMH_5a__2021-05-13__rebar__DPW","QMH_5a",2021-05-13,"rebar","DPW","kingco__KingCounty__unspecified","test","point",2.5,0.5,1.25,0.75,0.225,9,180,144,240,"20 shoots per rebar as DuPont Wharf shoots were large (~50 cm canopy height). KC Project (IAA 93-097520) Dockton test transplant site.","match","no_match","match","match"
"546","Quartermaster Harbor","Quartermaster Harbor - PNNL - Test Plot 5a - 2021","CPS","0",2021-05-14,"2.25",180,"DNR",2021-05-26,"absent","rebar",0,NA,NA,12,0.00166666666666667,"Zm appeared to have been decimated by crabs. Evidence of burrowing shrimp as well. Rebar was sunken into sediment. Found and removed all rebar.",NA,"QMH_5a__2021-05-13__rebar__DPW","QMH_5a",2021-05-13,"rebar","DPW","kingco__KingCounty__unspecified","test","point",2.5,0.5,1.25,0.75,0.225,9,180,144,240,"20 shoots per rebar as DuPont Wharf shoots were large (~50 cm canopy height). KC Project (IAA 93-097520) Dockton test transplant site.","no_match","no_match","match","match"
"547","Quartermaster Harbor","Quartermaster Harbor - PNNL - Test Plot 5D - 2018","CPS","93-094344",2018-05-31,"12",600,"DNR",2018-07-16,"present","rebar",NA,NA,NA,46,NA,"DNR snorkel monitoring. Deep plants were heavily silted.",NA,"QMH_5D__2018-05-31__rebar__DMB","QMH_5D",2018-05-31,"rebar","DMB","zos_rec_ps__USFWS__PNNL","test","point",12,1,12,7.5,0.75,30,600,50,80,"base line runs 230°M; 20 shoots/rebar; 30 rebar planted on the offshore side of baseline","match","no_match","match","match"
"548","Quartermaster Harbor","Quartermaster Harbor - PNNL - Test Plot 5D - 2018","CPS","93-094344",2018-05-31,"12",600,"PNNL",2019-04-16,"absent","rebar",0,12,0,320,0,"poor; Fines with lots of biological activity",NA,"QMH_5D__2018-05-31__rebar__DMB","QMH_5D",2018-05-31,"rebar","DMB","zos_rec_ps__USFWS__PNNL","test","point",12,1,12,7.5,0.75,30,600,50,80,"base line runs 230°M; 20 shoots/rebar; 30 rebar planted on the offshore side of baseline","match","no_match","match","match"
"549","Quartermaster Harbor","Quartermaster Harbor - PNNL - Test Plot 5S - 2018","CPS","93-094344",2018-05-31,"12",600,"DNR",2018-07-16,"present","rebar",NA,NA,NA,46,NA,"DNR snorkel monitoring. Shallow plants looked good but water was very murky/muddy.",NA,"QMH_5S__2018-05-31__rebar__DMB","QMH_5S",2018-05-31,"rebar","DMB","zos_rec_ps__USFWS__PNNL","test","point",12,1,12,7.5,0.75,30,600,50,80,"base line runs 240°M; 20 shoots/rebar; 30 rebar planted on the offshore side of baseline","match","no_match","match","match"
"550","Quartermaster Harbor","Quartermaster Harbor - PNNL - Test Plot 5S - 2018","CPS","93-094344",2018-05-31,"12",600,"PNNL",2019-04-16,"absent","rebar",0,12,0,320,0,"poor; Fines with lots of biological activity",NA,"QMH_5S__2018-05-31__rebar__DMB","QMH_5S",2018-05-31,"rebar","DMB","zos_rec_ps__USFWS__PNNL","test","point",12,1,12,7.5,0.75,30,600,50,80,"base line runs 240°M; 20 shoots/rebar; 30 rebar planted on the offshore side of baseline","match","no_match","match","match"
"551","Quilcene Bay","Quilcene Bay - PNNL - test - 2014","HDC","IAA 12-317.1",2014-11-24,"25",500,"PNNL",2016-04-06,"absent","staple",0,25,0,499,0,"few shoots inside plot, more outside plot. More nearby but looks like a mix of Zm and Zj. Sediment very fine, makes plumes in water when hits the bottom.",NA,"QLC01__2014-11-24__staple__QLB","QLC01",2014-11-24,"staple","QLB","zos_rest_ps__DNR__PNNL","test","point",5,5,25,25,0.625,125,500,20,20,"None.","match","match","match","match"
"552","Quilcene Delta","Quilcene Delta - PNNL - Middle line test plot 1 (inshore) - 2016","HDC","93-099661",2016-06-30,"4",240,"PNNL",2017-04-18,"absent","staple",0,4,0,292,0,"all anchors removed",NA,"QLC_mid1__2016-06-30__staple__QLB","QLC_mid1",2016-06-30,"staple","QLB","zos_rest_3_deltas__USACE__PNNL","test","point",2,2,4,4,0.3,60,240,60,60,"None.","match","match","match","match"
"553","Quilcene Delta","Quilcene Delta - PNNL - Middle line test plot 2 - 2016","HDC","93-099661",2016-06-30,"4",240,"PNNL",2017-04-18,"absent","staple",0,4,0,292,0,"all anchors removed",NA,"QLC_mid2__2016-06-30__staple__QLB","QLC_mid2",2016-06-30,"staple","QLB","zos_rest_3_deltas__USACE__PNNL","test","point",2,2,4,4,0.3,60,240,60,60,"None.","match","match","match","match"
"554","Quilcene Delta","Quilcene Delta - PNNL - Middle line test plot 3 (offshore) - 2016","HDC","93-099661",2016-06-30,"4",240,"PNNL",2017-04-18,"absent","staple",1,4,0.25,292,0.00416666666666667,"all anchors removed",NA,"QLC_mid3__2016-06-30__staple__QLB","QLC_mid3",2016-06-30,"staple","QLB","zos_rest_3_deltas__USACE__PNNL","test","point",2,2,4,4,0.3,60,240,60,60,"None.","match","match","match","match"
"555","Quilcene Delta","Quilcene Delta - PNNL - Northern line test plot 1 (inshore) - 2016","HDC","93-099661",2016-06-30,"4",240,"PNNL",2017-04-18,"absent","staple",2,4,0.5,292,0.00833333333333333,"1 or 2 shoots present, all anchors removed",NA,"QLC_north1__2016-06-30__staple__QLB","QLC_north1",2016-06-30,"staple","QLB","zos_rest_3_deltas__USACE__PNNL","test","point",2,2,4,4,0.3,60,240,60,60,"None.","match","match","match","match"
"556","Quilcene Delta","Quilcene Delta - PNNL - Northern line test plot 2 - 2016","HDC","93-099661",2016-06-30,"4",240,"PNNL",2017-04-18,"absent","staple",0,4,0,292,0,"all anchors removed",NA,"QLC_north2__2016-06-30__staple__QLB","QLC_north2",2016-06-30,"staple","QLB","zos_rest_3_deltas__USACE__PNNL","test","point",2,2,4,4,0.3,60,240,60,60,"None.","match","match","match","match"
"557","Quilcene Delta","Quilcene Delta - PNNL - Northern line test plot 3 (offshore) - 2016","HDC","93-099661",2016-06-30,"4",240,"PNNL",2017-04-18,"absent","staple",0,4,0,292,0,"all anchors removed",NA,"QLC_north3__2016-06-30__staple__QLB","QLC_north3",2016-06-30,"staple","QLB","zos_rest_3_deltas__USACE__PNNL","test","point",2,2,4,4,0.3,60,240,60,60,"None.","match","match","match","match"
"558","Quilcene Delta","Quilcene Delta - PNNL - Southern line test plot 1 (inshore) - 2016","HDC","93-099661",2016-06-30,"4",240,"PNNL",2017-04-18,"absent","staple",0,4,0,292,0,"all anchors removed",NA,"QLC_south1__2016-06-30__staple__QLB","QLC_south1",2016-06-30,"staple","QLB","zos_rest_3_deltas__USACE__PNNL","test","point",2,2,4,4,0.3,60,240,60,60,"None.","match","match","match","match"
"559","Quilcene Delta","Quilcene Delta - PNNL - Southern line test plot 2 - 2016","HDC","93-099661",2016-06-30,"4",240,"PNNL",2017-04-18,"absent","staple",0,4,0,292,0,"all anchors removed",NA,"QLC_south2__2016-06-30__staple__QLB","QLC_south2",2016-06-30,"staple","QLB","zos_rest_3_deltas__USACE__PNNL","test","point",2,2,4,4,0.3,60,240,60,60,"None.","match","match","match","match"
"560","Quilcene Delta","Quilcene Delta - PNNL - Southern line test plot 3 (offshore) - 2016","HDC","93-099661",2016-06-30,"4",240,"PNNL",2017-04-18,"absent","staple",1,4,0.25,292,0.00416666666666667,"all anchors removed",NA,"QLC_south3__2016-06-30__staple__QLB","QLC_south3",2016-06-30,"staple","QLB","zos_rest_3_deltas__USACE__PNNL","test","point",2,2,4,4,0.3,60,240,60,60,"None.","match","match","match","match"
"561","Skagit Delta","Skagit Delta - PNNL - test - 1 - 2016","SWH","93-099661",2016-09-08,"4",500,"PNNL",2017-08-15,"present","rebar",NA,4,0,341,NA,"hole in middle, lots of filamentous algae clumped, firm substrate",NA,"SKG_1__2016-09-08__rebar__SKB","SKG_1",2016-09-08,"rebar","SKB","zos_rest_3_deltas__USACE__PNNL","test","point",2,2,4,5,0.5,20,500,125,100,"screw anchors 3 meters apart","match","no_match","match","match"
"562","Skagit Delta","Skagit Delta - PNNL - test - 2 - 2016","SWH","93-099661",2016-09-08,"2",500,"PNNL",2017-08-15,"present","rebar",NA,2,0,341,NA,"found 1 screw anchor, more filamentous algae, not as much eelgrass but looks healthy, rebar appears to be deeper than when planted, Zm to west a bit beyond the planting",NA,"SKG_2__2016-09-08__rebar__SKB","SKG_2",2016-09-08,"rebar","SKB","zos_rest_3_deltas__USACE__PNNL","test","point",2,2,4,5,0.5,20,500,125,100,"screw anchors 2 meters apart","match","no_match","match","match"
"563","Skagit Delta","Skagit Delta - PNNL - test - 5 - 2016","SWH","93-099661",2016-09-09,"3",400,"PNNL",2017-08-15,"present","rebar",NA,3,0,340,NA,"found both screw anchors, found 1 rebar deeper than thought (~6""), lower density than previous plots, 5-10 plants per clump, plants look healthy",NA,"SKG_5__2016-09-09__rebar__SKB","SKG_5",2016-09-09,"rebar","SKB","zos_rest_3_deltas__USACE__PNNL","test","point",1.5,2,3,4,0.4,16,400,133.333333333333,100,"screw anchors 1.5 meters apart","match","no_match","match","match"
"564","Skagit Delta","Skagit Delta - PNNL - test - 6 - 2016","SWH","93-099661",2016-09-09,"3",400,"PNNL",2017-08-15,"present","rebar",NA,3,0,340,NA,"found screw anchors, most productive, Zm north of screw anchors dense and long, south of screw anchors sparse",NA,"SKG_6__2016-09-09__rebar__SKB","SKG_6",2016-09-09,"rebar","SKB","zos_rest_3_deltas__USACE__PNNL","test","point",1.5,2,3,4,0.4,16,400,133.333333333333,100,"screw anchors 1.5 meters apart","match","no_match","match","match"
"565","Stretch Island","Stretch Island - PNNL - test - 2015","CPS","IAA 12-317.1",2015-03-12,"25",500,"DNR",2016-07-02,"absent","staple",0,NA,NA,478,0,"DNR snorkel monitoring. No plants observed. Gear removed.",NA,"STI__2015-03-12__staple__WNB","STI",2015-03-12,"staple","WNB","zos_rest_ps__DNR__PNNL","test","point",5,5,25,25,0.625,125,500,20,20,"""mega""-bundles were planted with 260 shoots on 26 staples outside of the plot 4 m west of the SW corner, at -1.5m, MLLW","match","match","match","match"
"566","Taylor Bay","Taylor Bay North - HC - test - 2016","CPS","SC 16-17",2016-05-19,"75",780,"DNR",2016-07-06,"present","burlap",NA,NA,NA,48,NA,"DNR snorkel monitoring. Zm test-transplants did not look good. Maybe an algae depositional zone. Not recommended for a large scale transplant.",NA,"TAY_L1__2016-05-19__burlap__RKB","TAY_L1",2016-05-19,"burlap","RKB","zos_rest_ps__WDFW__Hart Crowser","test","line",25,5,125,75,9.75,156,780,6.24,10.4,"transect line that includes 3 test plots","match","match","match","match"
"567","Taylor Bay","Taylor Bay North - HC - test - 2016","CPS","SC 16-17",2016-05-19,"75",780,"HC",2017-07-18,"absent","burlap",0,NA,NA,425,0,"No Zm observed. Thick ulva cover. Removed ground tackle.",NA,"TAY_L1__2016-05-19__burlap__RKB","TAY_L1",2016-05-19,"burlap","RKB","zos_rest_ps__WDFW__Hart Crowser","test","line",25,5,125,75,9.75,156,780,6.24,10.4,"transect line that includes 3 test plots","match","match","match","match"
"568","Westcott Bay","Westcott Bay - Bell Point North - DNR - test - 2020-Dumas","SJS","0",2020-08-01,"2",640,"PNNL",2020-10-02,"present","rebar",223,2,111.5,62,0.3484375,"visability poor - hard to see what is being counted; Sue taking pictures; JV swapping out sensor array from Jeff G @ 12:33; eelgrass stops b/w 17-18m - JV - West Plot; Sue sees a little bit of eelgrass (26 shoots) and some rebar by 1m point - mid plot 10:33 on the inshore side, 10ft depth -ss; 10ft @ far end and not a lot of eelgrass, 10ft depth - JV",NA,"WES_test_1__2020-08-01__rebar__DMB","WES_test_1",2020-08-01,"rebar","DMB","zos_rec_sji__DNR__unspecified","test","line",14,1,14,6,0.6,24,640,45.7142857142857,106.666666666667,"GPS marks the 0 m helical anchor. Another helical is set at 14 m (48.59399, -123.15520). Planting started at 2 m and ended at 10 m to keep transplants 2 m away from helicals at the end of the 14 m transect. Eelgrass harvested from the Shannon Point Marine Center mesocosms on 31 Jul 2020.","match","no_match","match","match"
"569","Westcott Bay","Westcott Bay - Bell Point North - DNR - test - 2020-Fay","SJS","0",2020-08-01,"0.25",60,"PNNL",2020-10-02,"present","rebar",13,0.25,52,62,0.216666666666667,NA,NA,"WES_test_1__2020-08-01__rebar__FYB","WES_test_1",2020-08-01,"rebar","FYB","zos_rec_sji__DNR__unspecified","test","line",14,1,14,0.75,0.075,3,60,4.28571428571429,80,"GPS marks the 0 m helical anchor. Another helical is set at 14 m (48.59399, -123.15520). Planting started at 2 m and ended at 10 m to keep transplants 2 m away from helicals at the end of the 14 m transect. Eelgrass harvested from the Shannon Point Marine Center mesocosms on 31 Jul 2020.","match","no_match","match","match"
"570","Westcott Bay","Westcott Bay - Bell Point North - DNR - test - 2020-Henry","SJS","0",2020-08-01,"0.75",135,"PNNL",2020-10-02,"present","rebar",85,0.75,113.333333333333,62,0.62962962962963,NA,NA,"WES_test_1__2020-08-01__rebar__HRI","WES_test_1",2020-08-01,"rebar","HRI","zos_rec_sji__DNR__unspecified","test","line",14,1,14,2.25,0.225,9,135,9.64285714285714,60,"GPS marks the 0 m helical anchor. Another helical is set at 14 m (48.59399, -123.15520). Planting started at 2 m and ended at 10 m to keep transplants 2 m away from helicals at the end of the 14 m transect. Eelgrass harvested from the Pacific Northwest National Laboratory mesocosms on 31 July 2020.","match","no_match","match","match"
"571","Westcott Bay","Westcott Bay - Bell Point North - DNR - test - 2020-Mixed","SJS","0",2020-08-01,"0.75",275,"PNNL",2020-10-02,"present","rebar",54,0.75,72,62,0.196363636363636,NA,NA,"WES_test_1__2020-08-01__rebar__Mix","WES_test_1",2020-08-01,"rebar","Mix","zos_rec_sji__DNR__unspecified","test","line",14,1,14,2.25,0.225,9,275,19.6428571428571,122.222222222222,"GPS marks the 0 m helical anchor. Another helical is set at 14 m (48.59399, -123.15520). Planting started at 2 m and ended at 10 m to keep transplants 2 m away from helicals at the end of the 14 m transect. Eelgrass harvested from the Shannon Point Marine Center mesocosms on 31 Jul 2020.","match","no_match","match","match"
"572","Westcott Bay","Westcott Bay - Bell Point North - DNR - test - 2020-Ship","SJS","0",2020-08-01,"1.25",210,"PNNL",2020-10-02,"present","rebar",84,1.25,67.2,62,0.4,NA,NA,"WES_test_1__2020-08-01__rebar__SHH","WES_test_1",2020-08-01,"rebar","SHH","zos_rec_sji__DNR__unspecified","test","line",14,1,14,3.75,0.375,15,210,15,56,"GPS marks the 0 m helical anchor. Another helical is set at 14 m (48.59399, -123.15520). Planting started at 2 m and ended at 10 m to keep transplants 2 m away from helicals at the end of the 14 m transect. Eelgrass harvested from the Shannon Point Marine Center mesocosms on 31 Jul 2020.","match","no_match","match","match"
"573","Westcott Bay","Westcott Bay - PNNL - Test Plot A - 2017","SJS","93-094344",2017-06-01,"6.25",500,"PNNL",2017-10-04,"present","rebar",223,6.25,35.68,125,0.446,"visibility poor (~1'), divers counting by feeling shoots, gracilaria in plot",NA,"WES_A__2017-06-01__rebar__Mix","WES_A",2017-06-01,"rebar","Mix","zos_rec_ps__USFWS__PNNL","test","point",2.5,2.5,6.25,5,0.5,20,500,80,100,"None.","match","no_match","match","match"
"574","Westcott Bay","Westcott Bay - PNNL - Test Plot A - 2017","SJS","93-094344",2017-06-01,"6.25",500,"PNNL",2018-03-29,"present","rebar",63,6.25,10.08,301,0.126,"Eelgrass that was present looked good 60-75cm long wide blades, standing upright. Diatoms covering sed but not plants so much.",NA,"WES_A__2017-06-01__rebar__Mix","WES_A",2017-06-01,"rebar","Mix","zos_rec_ps__USFWS__PNNL","test","point",2.5,2.5,6.25,5,0.5,20,500,80,100,"None.","match","no_match","match","match"
"575","Westcott Bay","Westcott Bay - PNNL - Test Plot A - 2017","SJS","93-094344",2017-06-01,"6.25",500,"PNNL",2018-07-11,"present","rebar",30,6.25,4.8,405,0.06,"Snorkel survey; shoot count approximate. Plants may be affected by kelp on nearby rock. Surviving plants looked healthy but not as long as at B & C. NOTE: Existing eelgrass near plot A is at ~-7 ft, MLLW; our plantings were at ~-5 ft, MLLW.",NA,"WES_A__2017-06-01__rebar__Mix","WES_A",2017-06-01,"rebar","Mix","zos_rec_ps__USFWS__PNNL","test","point",2.5,2.5,6.25,5,0.5,20,500,80,100,"None.","match","no_match","match","match"
"576","Westcott Bay","Westcott Bay - PNNL - Test Plot A - 2017","SJS","93-094344",2017-06-01,"5",500,"PNNL",2020-10-02,"present","rebar",23,5,4.6,1219,0.046,"Monitoring PNNL test plots A,B,C (plot D was found to have no eelgrass on last trip 5/31/19); Not many boats in Bay but Sue S commented that she was here a weekend in Aug and it was like a boat ""parking lot"" - wall-to-wall boats; Visability very low; Cannot see bottom in 5' of water; Scum on surface; 6 shoots on inshore side of plot (outside plot); 8 shoots on inshore side of plot; little bit of kelp",NA,"WES_A__2017-06-01__rebar__Mix","WES_A",2017-06-01,"rebar","Mix","zos_rec_ps__USFWS__PNNL","test","point",2.5,2.5,6.25,5,0.5,20,500,80,100,"None.","match","match","match","match"
"577","Westcott Bay","Westcott Bay - PNNL - Test Plot B - 2017","SJS","93-094344",2017-06-01,"6.25",500,"PNNL",2017-10-04,"present","rebar",352,6.25,56.32,125,0.704,"eelgrass healthy, wide, long blades (70-80cm), some epiphyte growth",NA,"WES_B__2017-06-01__rebar__BPT","WES_B",2017-06-01,"rebar","BPT","zos_rec_ps__USFWS__PNNL","test","point",2.5,2.5,6.25,5,0.5,20,500,80,100,"None.","match","no_match","match","match"
"578","Westcott Bay","Westcott Bay - PNNL - Test Plot B - 2017","SJS","93-094344",2017-06-01,"6.25",500,"PNNL",2018-03-29,"present","rebar",131,6.25,20.96,301,0.262,"Same notes for Plot A",NA,"WES_B__2017-06-01__rebar__BPT","WES_B",2017-06-01,"rebar","BPT","zos_rec_ps__USFWS__PNNL","test","point",2.5,2.5,6.25,5,0.5,20,500,80,100,"None.","match","no_match","match","match"
"579","Westcott Bay","Westcott Bay - PNNL - Test Plot B - 2017","SJS","93-094344",2017-06-01,"6.25",500,"PNNL",2018-07-11,"present","rebar",80,6.25,12.8,405,0.16,"Snorkel survey; shoot count approximate. Twice as many shoots as at C. More contiguous patch, maybe 60% of area with lots of shoots. Shoots >1m in length and healthy. Better than in spring.",NA,"WES_B__2017-06-01__rebar__BPT","WES_B",2017-06-01,"rebar","BPT","zos_rec_ps__USFWS__PNNL","test","point",2.5,2.5,6.25,5,0.5,20,500,80,100,"None.","match","no_match","match","match"
"580","Westcott Bay","Westcott Bay - PNNL - Test Plot B - 2017","SJS","93-094344",2017-06-01,"5",500,"PNNL",2020-10-02,"present","rebar",108,5,21.6,1219,0.216,"Sue found screw anchor; (2.0-2.5: 1 shoot inshore); (0-0.5: evenly spread along length, 7 shoots inshore ~70cm tall); 11 shoots total offshore-spread srovn[sp?] plot; no algae; vis~6'; all shoots 0.5-0.75m tall look wide+healthy; some small amt of sheen noticable on water from our engine",NA,"WES_B__2017-06-01__rebar__BPT","WES_B",2017-06-01,"rebar","BPT","zos_rec_ps__USFWS__PNNL","test","point",2.5,2.5,6.25,5,0.5,20,500,80,100,"None.","match","match","match","match"
"581","Westcott Bay","Westcott Bay - PNNL - Test Plot C - 2017","SJS","93-094344",2017-06-02,"6.25",475,"PNNL",2017-10-04,"present","rebar",244,6.25,39.04,124,0.513684210526316,"visibility very poor, Zm length similar to plots A and B, sediment similar to plots A and B",NA,"WES_C__2017-06-02__rebar__MTB","WES_C",2017-06-02,"rebar","MTB","zos_rec_ps__USFWS__PNNL","test","point",2.5,2.5,6.25,4.75,0.475,19,475,76,100,"None.","match","no_match","match","match"
"582","Westcott Bay","Westcott Bay - PNNL - Test Plot C - 2017","SJS","93-094344",2017-06-02,"6.25",475,"PNNL",2018-03-29,"present","rebar",65,6.25,10.4,300,0.136842105263158,"Eelgrass wide and green, 20-50 cm tall. Sediment softer than at A and B, penitration to 3-4 inches. Some blades buried in sed at the top or middle of the plants.",NA,"WES_C__2017-06-02__rebar__MTB","WES_C",2017-06-02,"rebar","MTB","zos_rec_ps__USFWS__PNNL","test","point",2.5,2.5,6.25,4.75,0.475,19,475,76,100,"None.","match","no_match","match","match"
"583","Westcott Bay","Westcott Bay - PNNL - Test Plot C - 2017","SJS","93-094344",2017-06-02,"6.25",475,"PNNL",2018-07-11,"present","rebar",40,6.25,6.4,404,0.0842105263157895,"Snorkel survey; shoot count approximate. Two clumps that survived, shoots ~ arm length and wide. Surviving plants look healthy so maybe not a light issue but maybe sediment.",NA,"WES_C__2017-06-02__rebar__MTB","WES_C",2017-06-02,"rebar","MTB","zos_rec_ps__USFWS__PNNL","test","point",2.5,2.5,6.25,4.75,0.475,19,475,76,100,"None.","match","no_match","match","match"
"584","Westcott Bay","Westcott Bay - PNNL - Test Plot C - 2017","SJS","93-094344",2017-06-02,"4.75",475,"PNNL",2020-10-02,"absent","rebar",0,4.75,0,1218,0,"Found screw anchor but NO EELGRASS; 0.5*1m clump of macroalgae -green, string, moundy like in our big tank",NA,"WES_C__2017-06-02__rebar__MTB","WES_C",2017-06-02,"rebar","MTB","zos_rec_ps__USFWS__PNNL","test","point",2.5,2.5,6.25,4.75,0.475,19,475,76,100,"None.","match","match","match","match"
"585","Westcott Bay","Westcott Bay - PNNL - Test Plot D - 2017","SJS","93-094344",2017-06-02,"7.5",618,"PNNL",2017-10-04,"present","rebar",304,7.5,40.5333333333333,124,0.491909385113269,"visibility 1.8m, plants look good, some kelp",NA,"WES_D__2017-06-02__rebar__HRI","WES_D",2017-06-02,"rebar","HRI","zos_rec_ps__USFWS__PNNL","test","point",3,2.5,7.5,6.18,0.618,24.72,618,82.4,100,"None.","match","no_match","match","match"
"586","Westcott Bay","Westcott Bay - PNNL - Test Plot D - 2017","SJS","93-094344",2017-06-02,"7.5",618,"PNNL",2018-03-29,"present","rebar",72,7.5,9.6,300,0.116504854368932,"This plot had 625 shoots to start with so survival lower. More flocculents on surface. Sediment mucky, with clams or other hard substrate underneath. Diatoms on sed and older leaves. leaf tips or middles were buried.",NA,"WES_D__2017-06-02__rebar__HRI","WES_D",2017-06-02,"rebar","HRI","zos_rec_ps__USFWS__PNNL","test","point",3,2.5,7.5,6.18,0.618,24.72,618,82.4,100,"None.","match","no_match","match","match"
"587","Westcott Bay","Westcott Bay - PNNL - Test Plot D - 2017","SJS","93-094344",2017-06-02,"7.5",618,"PNNL",2018-07-11,"absent","rebar",0,7.5,0,404,0,"Snorkeling and could not find plot. Tried twice and no sign of plants or screw anchor. JV found sheet of something sticking out of sediment. Sediment a little finer and more anoxic than the other plots.",NA,"WES_D__2017-06-02__rebar__HRI","WES_D",2017-06-02,"rebar","HRI","zos_rec_ps__USFWS__PNNL","test","point",3,2.5,7.5,6.18,0.618,24.72,618,82.4,100,"None.","match","no_match","match","match"
"588","Westcott Bay","Westcott Bay East - PNNL - test - 2013","SJS","IAA 12-317",2013-06-14,"25",448,"PNNL",2013-12-13,"absent","staple",0,25,0,182,0,NA,NA,"WES_east__2013-06-14__staple__PNT","WES_east",2013-06-14,"staple","PNT","twentypc__WDFW__PNNL","test","point",5,95,475,25,0.56,112,448,0.943157894736842,17.92,"head of bay, planted along a depth gradient from -4.0' to -6.0'","match","match","match","match"
"589","Westcott Bay","Westcott Bay East - PNNL - test - 2013","SJS","IAA 12-317",2013-06-14,"25",448,"PNNL",2014-03-11,"absent","staple",0,25,0,270,0,NA,NA,"WES_east__2013-06-14__staple__PNT","WES_east",2013-06-14,"staple","PNT","twentypc__WDFW__PNNL","test","point",5,95,475,25,0.56,112,448,0.943157894736842,17.92,"head of bay, planted along a depth gradient from -4.0' to -6.0'","match","match","match","match"
"590","Westcott Bay","Westcott Bay West - PNNL - test - 2013","SJS","IAA 12-317",2013-06-14,"25",472,"PNNL",2013-12-13,"present","staple",NA,25,0,182,NA,"shoot lengths variable from 0.25m - 0.5m, plants present at each depth",NA,"WES_west__2013-06-14__staple__PNT","WES_west",2013-06-14,"staple","PNT","twentypc__WDFW__PNNL","test","point",5,57,285,25,0.59,118,472,1.65614035087719,18.88,"middle of bay, planted along a depth gradient from -5.0' to -9.0'","match","match","match","match"
"591","Westcott Bay","Westcott Bay West - PNNL - test - 2013","SJS","IAA 12-317",2013-06-14,"25",472,"PNNL",2014-03-11,"present","staple",81,25,3.24,270,0.171610169491525,NA,NA,"WES_west__2013-06-14__staple__PNT","WES_west",2013-06-14,"staple","PNT","twentypc__WDFW__PNNL","test","point",5,57,285,25,0.59,118,472,1.65614035087719,18.88,"middle of bay, planted along a depth gradient from -5.0' to -9.0'","match","match","match","match"
"592","Westcott Bay","Westcott Bay West - PNNL - test - 2013","SJS","IAA 12-317",2013-06-14,"25",472,"PNNL",2017-05-26,"absent","staple",1,25,0.04,1442,0.00211864406779661,"anchors were found but only 1 shoot was found on the 0m transect, bottom is fine and soft",NA,"WES_west__2013-06-14__staple__PNT","WES_west",2013-06-14,"staple","PNT","twentypc__WDFW__PNNL","test","point",5,57,285,25,0.59,118,472,1.65614035087719,18.88,"middle of bay, planted along a depth gradient from -5.0' to -9.0'","match","match","match","match"
"593","Zangle Cove","Zangle Cove - DNR - test - 1 Chia - 2016","SPS","0",2016-06-06,"6.25E-2",40,"DNR",2016-07-02,"present","rebar",NA,NA,NA,26,NA,"DNR snorkel monitoring. Few plants remaining. Observed ghost shrimp! Sensors cleaned.",NA,"ZAN_3__2016-06-06__rebar__DPW","ZAN_3",2016-06-06,"rebar","DPW","dnr__DNR__unspecified","test","point",0.25,0.25,0.0625,0.25,0.025,1,40,640,160,"1, 0.0625 m2 rebar quads planted and PAR sensor installed ~ 2 m away","match","no_match","match","match"
"594","Zangle Cove","Zangle Cove - DNR - test - 1 Chia - 2016","SPS","0",2016-06-06,"6.25E-2",40,"DNR",2016-08-18,"absent","rebar",0,NA,NA,73,0,"DNR snorkel monitoring. Cound not find Chia plots",NA,"ZAN_3__2016-06-06__rebar__DPW","ZAN_3",2016-06-06,"rebar","DPW","dnr__DNR__unspecified","test","point",0.25,0.25,0.0625,0.25,0.025,1,40,640,160,"1, 0.0625 m2 rebar quads planted and PAR sensor installed ~ 2 m away","match","no_match","match","match"
"595","Zangle Cove","Zangle Cove - DNR - test - 4 Chia - 2016","SPS","0",2016-07-21,"0.25",200,"DNR",2016-08-18,"absent","rebar",0,NA,NA,28,0,"DNR snorkel monitoring. Cound not find Chia plots.",NA,"ZAN_4__2016-07-21__rebar__DPW","ZAN_4",2016-07-21,"rebar","DPW","dnr__DNR__unspecified","test","point",4,0.25,1,1,0.1,4,200,200,200,"4, 0.0625 m2 rebar quads planted (chia pets)","match","no_match","match","match"
"596","Zangle Cove","Zangle Cove - PNNL - test - 2013","SPS","IAA 12-317",2013-06-06,"45",872,"PNNL",2013-12-05,"present","staple",NA,45,NA,182,NA,"both natural eelgrass and planted shoots looked very good, plants were larger than expected for this time of year, most 0.5m-0.75m, and nice and green, estimated % remaining = 75 - 90% of area planted still had eelgrass",NA,"ZAN_1__2013-06-06__staple__THC","ZAN_1",2013-06-06,"staple","THC","twentypc__WDFW__PNNL","test","point",5,9,45,45,1.09,218,872,19.3777777777778,19.3777777777778,"None.","match","match","match","match"
"597","Zangle Cove","Zangle Cove - PNNL - test - 2013","SPS","IAA 12-317",2013-06-06,"45",872,"PNNL",2014-03-27,"present","staple",539,45,11.9777777777778,294,0.618119266055046,"Shrimp burrows and mounds throughout the site",NA,"ZAN_1__2013-06-06__staple__THC","ZAN_1",2013-06-06,"staple","THC","twentypc__WDFW__PNNL","test","point",5,9,45,45,1.09,218,872,19.3777777777778,19.3777777777778,"None.","match","match","match","match"
"598","Zangle Cove","Zangle Cove - PNNL - test - 2013","SPS","IAA 12-317",2013-06-06,"45",872,"PNNL",2014-05-16,"present","staple",NA,45,NA,344,NA,"plants present with reproductive shoots developing. Photos here: K:\projects\Eelgrass_Restoration\2011_EPA_20percent\PRODUCTS\Task_4\Photos\2014_05_16_ZangleCove",NA,"ZAN_1__2013-06-06__staple__THC","ZAN_1",2013-06-06,"staple","THC","twentypc__WDFW__PNNL","test","point",5,9,45,45,1.09,218,872,19.3777777777778,19.3777777777778,"None.","match","match","match","match"
"599","Zangle Cove","Zangle Cove - PNNL - test - 2013","SPS","IAA 12-317",2013-06-06,"45",872,"PNNL",2013-08-20,"present","staple",NA,45,NA,75,NA,"plants present. Photos here: K:\projects\Eelgrass_Restoration\2011_EPA_20percent\PRODUCTS\Task_4\Photos\2013_08_20\Zangle_Cove",NA,"ZAN_1__2013-06-06__staple__THC","ZAN_1",2013-06-06,"staple","THC","twentypc__WDFW__PNNL","test","point",5,9,45,45,1.09,218,872,19.3777777777778,19.3777777777778,"None.","match","match","match","match"
"600","Zangle Cove","Zangle Cove - SW - PNNL - test - 2015","SPS","IAA 12-317.1",2015-05-06,"25",500,"DNR",2016-05-23,"absent","staple",0,NA,NA,383,0,"DNR snorkel monitoring. No plants observed. Quite a bit of algae.",NA,"ZAN_2__2015-05-06__staple__THC","ZAN_2",2015-05-06,"staple","THC","zos_rest_ps__DNR__PNNL","test","point",5,5,25,25,0.625,125,500,20,20,"None.","match","match","match","match"
"601","Dumas Bay","Dumas Bay - KC Zm Restoration - test 2 - 2022","CPS","0",2022-05-19,"5",400,"DNR",2022-05-31,"present","rebar",NA,NA,NA,12,NA,"Sensor swap, eelgrass check. All transplants from 2020, 2021, and 400 shoots from 2022 looked great.",NA,"DB_test_6__2022-06-16__rebar__DPW","DB_test_6",2022-06-16,"rebar","DPW","kingco__KingCounty__unspecified","test","point",10,1,10,5,1.5,60,720,72,144,"set helical anchor 20 m NE of light sensor. From that point, measure out 20 m and planted a 0.25 m2 checkboard along the tape starting at 2 m to 7 m, then again at 12 m to 17 m. Checkerboard pattern layout as follows: 2-2.5 m nearshore planting, 2.5-3 m offshore planting, 3-3.5 nearshore planting, etc.","no_match","match","no_match","match"
"602","Quartermaster Harbor","Quartermaster Harbor - PNNL - Test Plot 5a - 2021","CPS","0",2021-05-13,"2.25",180,"DNR",2021-06-26,"absent","rebar",0,NA,NA,44,0.00166666666666667,"Zm appeared to have been decimated by crabs. Evidence of burrowing shrimp as well. Rebar was sunken into sediment. Found and removed all rebar.",NA,"QMH_5a__2021-05-13__rebar__DPW","QMH_5a",2021-05-13,"rebar","DPW","kingco__KingCounty__unspecified","test","point",2.5,0.5,1.25,0.75,0.225,9,180,144,240,"20 shoots per rebar as DuPont Wharf shoots were large (~50 cm canopy height). KC Project (IAA 93-097520) Dockton test transplant site.","match","no_match","match","match"
"603","Quartermaster Harbor","Quartermaster Harbor - PNNL - Test Plot 5a - 2021","CPS","0",2021-05-14,"2.25",180,"DNR",2021-06-26,"absent","rebar",0,NA,NA,43,0.00166666666666667,"Zm appeared to have been decimated by crabs. Evidence of burrowing shrimp as well. Rebar was sunken into sediment. Found and removed all rebar.",NA,"QMH_5a__2021-05-13__rebar__DPW","QMH_5a",2021-05-13,"rebar","DPW","kingco__KingCounty__unspecified","test","point",2.5,0.5,1.25,0.75,0.225,9,180,144,240,"20 shoots per rebar as DuPont Wharf shoots were large (~50 cm canopy height). KC Project (IAA 93-097520) Dockton test transplant site.","no_match","no_match","match","match"
"604","Quartermaster Harbor","Quartermaster Harbor - PNNL - Test Plot 5a - 2021","CPS","0",2021-05-13,"2.25",180,"DNR",2022-05-31,"absent","rebar",0,NA,NA,383,0.00166666666666667,"Zm appeared to have been decimated by crabs. Evidence of burrowing shrimp as well. Rebar was sunken into sediment. Found and removed all rebar. KC project (IAA 93-097520) Dockton site, all equipment pulled.",NA,"QMH_5a__2021-05-13__rebar__DPW","QMH_5a",2021-05-13,"rebar","DPW","kingco__KingCounty__unspecified","test","point",2.5,0.5,1.25,0.75,0.225,9,180,144,240,"20 shoots per rebar as DuPont Wharf shoots were large (~50 cm canopy height). KC Project (IAA 93-097520) Dockton test transplant site.","match","no_match","match","match"
"605","Quartermaster Harbor","Quartermaster Harbor - PNNL - Test Plot 5a - 2021","CPS","0",2021-05-14,"2.25",180,"DNR",2022-05-31,"absent","rebar",0,NA,NA,382,0.00166666666666667,"Zm appeared to have been decimated by crabs. Evidence of burrowing shrimp as well. Rebar was sunken into sediment. Found and removed all rebar. KC project (IAA 93-097520) Dockton site, all equipment pulled.",NA,"QMH_5a__2021-05-13__rebar__DPW","QMH_5a",2021-05-13,"rebar","DPW","kingco__KingCounty__unspecified","test","point",2.5,0.5,1.25,0.75,0.225,9,180,144,240,"20 shoots per rebar as DuPont Wharf shoots were large (~50 cm canopy height). KC Project (IAA 93-097520) Dockton test transplant site.","no_match","no_match","match","match"
"606","Anderson Island","Anderson Island Northwest - PNNL - test - 2020","CPS","0",2020-06-30,"5",500,"DNR",2025-06-24,"unknown","rebar",NA,NA,NA,NA,NA,"visited site but could not find Zm because of excessive green algae biomass",NA,"AND_nw1__2020-06-30__rebar__THC","AND_nw1",2020-06-30,"rebar","THC","zos_rec_ps__USACE__PNNL","test","point",2.5,2.5,6.25,5,0.5,20,500,80,100,"170deg az, sandy with non-attached ulva","match","match","match","match"
"607","Delano Beach","Delano Beach West - PNNL - large - 2021","CPS","0",2021-06-03,"250",12305,"DNR",2025-06-24,"present","rebar",NA,NA,NA,NA,NA,"Zm present, shoot density measured in 18, 0.25m2 quadrats along with canopy heights",NA,"DEL_L__2021-06-03__rebar__GPT","DEL_L",2021-06-03,"rebar","GPT","zos_rec_ps__USACE__PNNL","large scale","point",50,5,250,149.25,14.925,597,12305,49.22,82.4455611390285,"None.","match","no_match","match","match"
"608","Harstine Island","Harstine - PNNL - Large Scale 1 - north (deep) - 2018","CPS","93-094344",2018-05-15,"138",13800,"DNR",2025-06-12,"absent","rebar",NA,NA,NA,NA,NA,"no Zm, recovered rebar",NA,"HAR_deep_L1__2018-05-15__rebar__RPT","HAR_deep_L1",2018-05-15,"rebar","RPT","zos_rec_ps__USFWS__PNNL","large scale","line",42,5,210,138,13.8,552,13800,65.7142857142857,100,"base line runs 30°M; 25 shoots/rebar; 552 rebar planted on the offshore side of the base line, see planting diagram, offshore transect","match","match","match","match"
"609","Harstine Island","Harstine - PNNL - Large Scale 1 - south (shallow) - 2018","CPS","93-099661",2018-06-14,"97",9688,"DNR",2025-06-12,"absent","rebar",NA,NA,NA,NA,NA,"no Zm, recovered rebar",NA,"HAR_shallow_L1__2018-06-14__rebar__WNB","HAR_shallow_L1",2018-06-14,"rebar","WNB","zos_rest_3_deltas__USACE__PNNL","large scale","line",31,5,155,97,9.7,388,9688,62.5032258064516,99.8762886597938,"2","match","match","match","match"
"610","Harstine Island","Harstine Island - PNNL - Large Scale 2 - shallow - 2019","CPS","93-094344",2019-05-14,"rebar",234,"DNR",2025-06-12,"absent","rebar",NA,NA,NA,NA,NA,"no Zm, recovered rebar",NA,"HAR_shallow_L2__2019-05-14__rebar__Mix","HAR_shallow_L2",2019-05-14,"rebar","Mix","zos_rec_ps__USFWS__PNNL","large scale","line",39,6,234,136.75,13.675,547,13320,56.9230769230769,97.4040219378428,"2","match","no_match","no_match","match"
"611","Anderson Island","Anderson Island South 3 - east - PNNL - large - 2017","CPS","IAA 15-101",2017-08-08,"105.25",10525,"DNR",2025-06-25,"present","rebar",NA,NA,NA,NA,NA,"Zm present, shoot density measured in 6, 0.25m2 quadrats along with canopy heights. Bed was quite a bit smaller than previous years. UAS surveys were likely limited due to visibility",NA,"AND_south_L4__2017-08-08__rebar__THC","AND_south_L4",2017-08-08,"rebar","THC","zos_rest_3_deltas__USACE__PNNL","large scale","line",30,5,150,105.25,10.525,421,10525,70.1666666666667,100,"Site also known as Gaeckle 3, base line runs 320°","match","match","match","match"
"612","Myrtle Edwards Park","Myrtle Edwards - DNR - test 2 - DW - 2022","CPS","0",2022-05-17,"7.75",620,"DNR",2025-06-10,"absent","rebar",NA,NA,NA,NA,NA,"sensor swap, no Zm observed",NA,"MRE_2__2022-05-17__rebar__DPW_r2","MRE_2",2022-05-17,"rebar","DPW","kingco__KingCounty__unspecified","test","point",2.5,1,2.5,7.75,0.775,31,620,248,80,"planted 10, 0.25 m2 plots of 3 rebar each with DuPont Wharf Zm 16 m southeast of the 2021 test transplants, adjacent to the sandy beach of Myrtle Edwards Park. Transplants were set up as a shallow 0.25 m2 plot with 3 rebar and an adjacent and deeper 0.25 m2 plot with 3 rebar. There were 5 rows of these from shallow to deep with 1 rebar placed in the middle between rows 2 and 3.","match","match","match","match"
"613","Joemma Beach State Park","Joemma Beach State Park Mid North - NW - PNNL - large - 2015","CPS","IAA 12-317.1",2015-06-07,"151",12000,"DNR",2025-07-09,"present","staple",NA,NA,NA,NA,NA,"Zm present, monitored shoot density (#/0.25m2) and canopy height, Transect 5 seemed impacted. Possible causes could be build up of green algae on deep edge or sediment plume from Whiteman Cove hydrologic restoration.",NA,"JSP_mid_north_P1__2015-06-07__staple__Mix","JSP_mid_north_P1",2015-06-07,"staple","Mix","zos_rest_ps__DNR__PNNL","large scale","polygon",60,40,2400,151.25,15,3000,12000,5,79.3388429752066,"4","match","no_match","match","match"
"614","Joemma Beach State Park","Joemma Beach State Park South - SE - HC - large 1 - 2016","CPS","SC 16-17",2016-07-25,"160",20260,"DNR",2025-06-23,"present","burlap",NA,NA,NA,NA,NA,"Zm present, shoot density measured in 13, 0.25 m2 quadrats along with canopy heights",NA,"JSP_south_P1__2016-07-25__burlap__RKB","JSP_south_P1",2016-07-25,"burlap","RKB","zos_rest_ps__WDFW__Hart Crowser","large scale","polygon",20,8,160,60,60,960,20260,126.625,337.666666666667,"None.","match","no_match","match","match"
"615","Joemma Beach State Park","Joemma Beach State Park South - SE - HC - large 1 - 2016","CPS","SC 16-17",2016-07-25,"160",20260,"DNR",2025-07-08,"present","burlap",NA,NA,NA,NA,NA,"Zm present, shoot density measured in 17, 0.25 m2 quadrats along with canopy heights",NA,"JSP_south_P1__2016-07-25__burlap__RKB","JSP_south_P1",2016-07-25,"burlap","RKB","zos_rest_ps__WDFW__Hart Crowser","large scale","polygon",20,8,160,60,60,960,20260,126.625,337.666666666667,"None.","match","no_match","match","match"
"616","Joemma Beach State Park","Joemma Beach State Park Mid - DNR - BESE v1 - 1 - Aboveground (AG)","DNR","test",2017-04-29,NA,NA,"DNR",2025-07-08,"present","staple",NA,NA,NA,NA,NA,"Zm present, shoot density measured in 28, 0.25 m2 quadrats along with canopy heights",NA,"JSP_mid_AG1__2017-04-29__staple__DMB","JSP_mid_AG1",2017-04-29,"staple","DMB","dnr__DNR__unspecified","test","point",1,1,1,0.008,0.015,3,12,12,1500,"BESE setup version 1 - setup was incorrect. Rather than removing all the eelgrass, it was left in place and new BESEs set just westward. 3 planting units with 4 shoots each. Dumas Bay shoots.","match",NA,NA,"match"
"617","Joemma Beach State Park","Joemma Beach State Park Mid North - NE - PNNL - large - 2015","DNR","large scale",2015-06-07,"151",12000,"DNR",2025-07-08,"present","staple",NA,NA,NA,NA,NA,"Zm present, shoot density measured in 6, 0.25 m2 quadrats along with canopy heights. Transect #2 of North PNNL large scale plot from 2015.",NA,"JSP_mid_north_P1__2015-06-07__staple__Mix","JSP_mid_north_P1",2015-06-07,"staple","Mix","zos_rest_ps__DNR__PNNL","large scale","polygon",60,40,2400,151.25,15,3000,12000,5,79.3388429752066,"4","match","no_match","match","match"
"618","Joemma Beach State Park","Joemma Beach State Park Mid - PNNL - shallow - test - 2013","WDFW","test",2013-06-05,"36",712,"DNR",2025-07-08,"absent","staple",NA,NA,NA,NA,NA,"no Zm. Possible cause for loss is the sediment plume from the Whiteman Cove hydrologic restoration",NA,"JSP_mid_shallow__2013-06-05__staple__Mix","JSP_mid_shallow",2013-06-05,"staple","Mix","twentypc__WDFW__PNNL","test","point",6,6,36,36,0.89,178,712,19.7777777777778,19.7777777777778,"Plants from two donor sites were tested at Joemma Beach State Park. Helical removed from test plot on 7 June 2016.","match","match","match","match"
"619","Joemma Beach State Park","Joemma Beach State Park - Mid - chia - 2016","DNR","test",2016-05-24,"0.56000000000000005",360,"DNR",2025-07-09,"present","rebar",NA,NA,NA,NA,NA,"Zm present, shoot density measured in 15, 0.25 m2 quadrats along with canopy heights",NA,"JSP_chia_1__2016-05-24__rebar__DPW","JSP_chia_1",2016-05-24,"rebar","DPW","dnr__DNR__unspecified","test","point",9,0.25,2.25,0.56,0.225,9,360,160,642.857142857143,"Planted 9, rebar quads (0.0625 m2) at the south end of Transect 3 at Joemma Beach State Park Mid South - PNNL - large - 2015.","match","no_match","match","match"
"620","Joemma Beach State Park","Joemma Beach State Park South - SE - HC - large 4 - 2017","WDFW","large scale",2017-05-22,"80",26149,"DNR",2025-06-23,"absent","staple",NA,NA,NA,NA,NA,"no Zm. Possible cause for loss is the sediment plume from the Whiteman Cove hydrologic restoration",NA,"JSP_south_P4__2017-05-22__turf__RKB","JSP_south_P4",2017-05-22,"turf","RKB","zos_rest_ps__WDFW__Hart Crowser","large scale","polygon",20,8,160,80,26.15,2615,26149,163.43125,326.8625,"Referred to as 'Joemma Beach State Park 3' (large-scale site) in final report. Turfs plant 5-15 shoots per staple (X= ~7 shoots/staple b/c donor site was DuPont Wharf). Estimated number of PUs at test-transplant site as 26149/10 = 2615","match","match","match","no_match"
"621","Joemma Beach State Park","Joemma Beach State Park South - SE - DNR - methods - 2017","DNR","test",2017-05-26,"1.25",90,"DNR",2025-06-23,"absent",NA,NA,NA,NA,NA,NA,"no Zm. Possible cause for loss is the sediment plume from the Whiteman Cove hydrologic restoration",NA,"JSP_south_P5__2017-05-26__burlap__DPW","JSP_south_P5",2017-05-26,"burlap","DPW","zos_rest_methods__DNR__unspecified","test","grid",10,4,40,1.25,0.1875,3,90,2.25,72,"overall area was 10 m x 4 m (40 m2), Actual area was 5 m2 (20, 0.25 m2 plots)","match","match","match",NA
"622","Joemma Beach State Park","Joemma Beach State Park Mid South - N - PNNL - large - 2015","DNR","large scale",2015-05-17,NA,NA,"DNR",2025-07-09,"present","staple",NA,NA,NA,NA,NA,"Zm present, shoot density measured in 30, 0.25 m2 quadrats along with canopy heights. Transect #5 of South PNNL large scale plot from 2015. Transect 5 seemed impacted. Possible causes could be build up of green algae on deep edge or sediment plume from Whiteman Cove hydrologic restoration.",NA,"JSP_mid_south_P1__2015-05-17__staple__Mix","JSP_mid_south_P1",2015-05-17,"staple","Mix","zos_rest_ps__DNR__PNNL","large scale","polygon",50,40,2000,126.25,12.75,2550,10200,5.1,80.7920792079208,"4","match",NA,NA,"match"
"623","Joemma Beach State Park","Joemma Beach State Park Mid South - N - PNNL - large - 2015","DNR","large scale",2015-05-17,NA,NA,"DNR",2025-07-09,"present","staple",NA,NA,NA,NA,NA,"Zm present, shoot density measured in 36, 0.25 m2 quadrats along with canopy heights. Transect #4 of South PNNL large scale plot from 2015.",NA,"JSP_mid_south_P1__2015-05-17__staple__Mix","JSP_mid_south_P1",2015-05-17,"staple","Mix","zos_rest_ps__DNR__PNNL","large scale","polygon",50,40,2000,126.25,12.75,2550,10200,5.1,80.7920792079208,"4","match",NA,NA,"match"
"624","Joemma Beach State Park","Joemma Beach State Park Mid South - N - PNNL - large - 2015","DNR","large scale",2015-05-17,NA,NA,"DNR",2025-07-09,"present","staple",NA,NA,NA,NA,NA,"Zm present, shoot density measured in 16, 0.25 m2 quadrats along with canopy heights. Transect #3 of South PNNL large scale plot from 2015. Transect 3 seemed impacted with much fewer shoots and area. Possible causes could be build up of green algae on deep edge or sediment plume from Whiteman Cove hydrologic restoration.",NA,"JSP_mid_south_P1__2015-05-17__staple__Mix","JSP_mid_south_P1",2015-05-17,"staple","Mix","zos_rest_ps__DNR__PNNL","large scale","polygon",50,40,2000,126.25,12.75,2550,10200,5.1,80.7920792079208,"4","match",NA,NA,"match"
"625","Joemma Beach State Park","Joemma Beach State Park - Mid - offshore HC 2016 - Rebar - 2022","DNR","test",2022-06-17,"0.25",48,"DNR",2025-07-09,"present","rebar",NA,NA,NA,NA,NA,"Zm present, shoot density measured in 6, 0.25 m2 quadrats along with canopy heights",NA,"HC_off_1__2022-06-17__rebar__DPW","HC_off_1",2022-06-17,"rebar","DPW","dnr__DNR__unspecified","test","point",1,0.5,0.5,0.25,0.15,6,48,96,192,"Planted 6,  50 cm long rebar with 12 shoots from DuPont Wharf attached to each to form a 0.25 m2 patch just offshore of the HC 2016 large scale plot that planted Rocky Point eelgrass.","match","match","match","match"
"626","Dumas Bay","Dumas Bay - KC Zm Restoration - test - 2021","King County","test",2021-05-26,NA,NA,"DNR",2025-07-11,"present","rebar",NA,NA,NA,NA,NA,"Zm present. No shoot density or canopy height measured",NA,"DB_test_2__2021-04-28__rebar__DMB","DB_test_2",2021-04-28,"rebar","DMB","kingco__KingCounty__unspecified","test","point",3.5,3.5,12.25,1,0.3,12,300,24.4897959183673,300,"2020 test transplants were present so decided to add to the site. Eelgrass harvested from area between Transects B and C at the Dumas Bay SeagrassNet site (WA50.1)","no_match",NA,NA,"match"
