"","site_location","site_name","planting_location_code","planting_relationships","year","historical_presence_source","planting_geometry","water_body","svmp_region","activity_type","activity_filter","planting_date","latitude","longitude","retain_drop","datum","elevation_m_MLLW","planting_method","parallel_length_m","perpendicular_length_m","plot_area_m2","planted_area_m2","effective_area_planted_m2","number_planting_units","number_shoots","plot_shoot_density_m2","planted_area_shoot_density_m2","donor_site_name","notes","subproj_code","group_no"
"1","Anderson Island","Amsterdam Bay - PNNL - shallow - test - 2013","AMS_shallow","single",2013,"Thom, RM, and L Hallum. 1990. Long‐term changes in the areal extent of tidal marshes, eelgrass meadows, and kelp forests of Puget Sound. FRI‐UW‐9008, Fisheries Research Institute, School of Fisheries, University of Washington, Seattle. Pp. 110.","point","Drayton Passage","CPS","test","test",2013-06-06,47.1606,-122.727766666667,"retain","WGS84",-0.9144,"staple",6,6,36,36,0.9,"180",720,20,20,"Thompson Cove",NA,"twentypc__WDFW__PNNL",1
"2","Anderson Island","Amsterdam Bay - PNNL - deep - test - 2013","AMS_deep","single",2013,"Thom, RM, and L Hallum. 1990. Long‐term changes in the areal extent of tidal marshes, eelgrass meadows, and kelp forests of Puget Sound. FRI‐UW‐9008, Fisheries Research Institute, School of Fisheries, University of Washington, Seattle. Pp. 110.","point","Drayton Passage","CPS","test","test",2013-06-06,47.1606833333333,-122.727816666667,"retain","WGS84",-1.524,"staple",6,6,36,36,0.9,"180",720,20,20,"Thompson Cove",NA,"twentypc__WDFW__PNNL",2
"3","Anderson Island","Anderson Island West - PNNL - test - 2015","AND_west1","single",2015,"Thom, RM, and L Hallum. 1990. Long‐term changes in the areal extent of tidal marshes, eelgrass meadows, and kelp forests of Puget Sound. FRI‐UW‐9008, Fisheries Research Institute, School of Fisheries, University of Washington, Seattle. Pp. 110.","point","Drayton Passage","CPS","test","test",2015-02-27,47.1707833333333,-122.728883333333,"retain","WGS84",-0.8,"staple",5,5,25,25,0.625,"125",500,20,20,"Ketron Island",NA,"zos_rest_ps__DNR__PNNL",3
"4","Anderson Island","Anderson Island West - PNNL - test - 2016","AND_west2","single",2016,"Thom, RM, and L Hallum. 1990. Long‐term changes in the areal extent of tidal marshes, eelgrass meadows, and kelp forests of Puget Sound. FRI‐UW‐9008, Fisheries Research Institute, School of Fisheries, University of Washington, Seattle. Pp. 110.","point","Nisqually Reach","CPS","test","test",2016-09-20,47.1709333333333,-122.72905,"retain","WGS84",-1.7,"rebar",2.5,2.5,6.25,5,0.5,"20",500,80,100,"Sandy Point",NA,"zos_rest_3_deltas__USACE__PNNL",4
"5","Anderson Island","Anderson Island South - PNNL - test - 2016","AND_south1","single",2016,"Thom, RM, and L Hallum. 1990. Long‐term changes in the areal extent of tidal marshes, eelgrass meadows, and kelp forests of Puget Sound. FRI‐UW‐9008, Fisheries Research Institute, School of Fisheries, University of Washington, Seattle. Pp. 110.","point","Nisqually Reach","CPS","test","test",2016-09-20,47.13263333,-122.7181167,"retain","WGS84",-1.9,"rebar",2.5,2.5,6.25,5,0.5,"20",500,80,100,"Sandy Point","Also known as Gaeckle 3","zos_rest_3_deltas__USACE__PNNL",5
"6","Anderson Island","Anderson Island West - North - south - HC - test - 2017","AND_west_L1","single",2017,"Thom, RM, and L Hallum. 1990. Long‐term changes in the areal extent of tidal marshes, eelgrass meadows, and kelp forests of Puget Sound. FRI‐UW‐9008, Fisheries Research Institute, School of Fisheries, University of Washington, Seattle. Pp. 110.","line","Drayton Passage","CPS","test","test",2017-05-05,47.18183,-122.71405,"retain","WGS84",-1.6,"turf",10,1,10,6,0.87,"87",869,86.9,144.833333333333,"Rocky Bay","Referred to as 'Anderson Island West 1' in final report. Turfs plant 5-15 shoots per staple (X= ~10 shoots/staple). Estimated number of PUs at test-transplant site as 869/10 = 87.","zos_rest_ps__WDFW__Hart Crowser",6
"7","Anderson Island","Anderson Island West - North - north - HC - test - 2017","AND_west_L1","single",2017,"Thom, RM, and L Hallum. 1990. Long‐term changes in the areal extent of tidal marshes, eelgrass meadows, and kelp forests of Puget Sound. FRI‐UW‐9008, Fisheries Research Institute, School of Fisheries, University of Washington, Seattle. Pp. 110.","line","Drayton Passage","CPS","test","--",2017-05-05,47.18186,-122.71403,"retain","WGS84",NA,NA,NA,NA,NA,NA,NA,NA,NA,NA,NA,NA,NA,"zos_rest_ps__WDFW__Hart Crowser",6
"8","Anderson Island","Anderson Island West - South - south - HC - test - 2017","AND_south_L1","single",2017,"Thom, RM, and L Hallum. 1990. Long‐term changes in the areal extent of tidal marshes, eelgrass meadows, and kelp forests of Puget Sound. FRI‐UW‐9008, Fisheries Research Institute, School of Fisheries, University of Washington, Seattle. Pp. 110.","line","Drayton Passage","CPS","test","test",2017-05-05,47.1769,-122.7251,"retain","WGS84",-1.6,"turf",10,1,10,6,0.87,"87",869,86.9,144.833333333333,"Rocky Bay","Referred to as 'Anderson Island West 2' in final report. Turfs plant 5-15 shoots per staple (X= ~10 shoots/staple). Estimated number of PUs at test-transplant site as 869/10 = 87.","zos_rest_ps__WDFW__Hart Crowser",7
"9","Anderson Island","Anderson Island West - South - north - HC - test - 2017","AND_south_L1","single",2017,"Thom, RM, and L Hallum. 1990. Long‐term changes in the areal extent of tidal marshes, eelgrass meadows, and kelp forests of Puget Sound. FRI‐UW‐9008, Fisheries Research Institute, School of Fisheries, University of Washington, Seattle. Pp. 110.","line","Drayton Passage","CPS","test","--",2017-05-05,47.17693,-122.72505,"retain","WGS84",NA,NA,NA,NA,NA,NA,NA,NA,NA,NA,NA,NA,NA,"zos_rest_ps__WDFW__Hart Crowser",7
"10","Anderson Island","Anderson Island South 1 - west - HC - large - 2017","AND_south_L2","single",2017,"Thom, RM, and L Hallum. 1990. Long‐term changes in the areal extent of tidal marshes, eelgrass meadows, and kelp forests of Puget Sound. FRI‐UW‐9008, Fisheries Research Institute, School of Fisheries, University of Washington, Seattle. Pp. 110.","polygon","Nisqually Reach","CPS","large scale","large scale",2017-06-02,47.13875,-122.725111,"retain","WGS84",-1.6,"turf",40,4,160,155,20.5,"2050",20500,128.125,132.258064516129,"Rocky Bay","large scale area of 40 m X 4 m (160 m2). Planted with plants from Rocky Bay. Turfs plant 5-15 shoots per staple (X= ~10 shoots/staple). Estimated number of PUs at test-transplant site as 20500/10 = 2050.","zos_rest_ps__WDFW__Hart Crowser",8
"11","Anderson Island","Anderson Island South 1 - east - HC - large - 2017","AND_south_L2","single",2017,"Thom, RM, and L Hallum. 1990. Long‐term changes in the areal extent of tidal marshes, eelgrass meadows, and kelp forests of Puget Sound. FRI‐UW‐9008, Fisheries Research Institute, School of Fisheries, University of Washington, Seattle. Pp. 110.","polygon","Nisqually Reach","CPS","large scale","--",2017-06-02,47.138917,-122.725556,"retain","WGS84",NA,NA,NA,NA,NA,NA,NA,NA,NA,NA,NA,NA,NA,"zos_rest_ps__WDFW__Hart Crowser",8
"12","Anderson Island","Anderson Island South 2 - west - HC - large - 2017","AND_south_L3","single",2017,"Thom, RM, and L Hallum. 1990. Long‐term changes in the areal extent of tidal marshes, eelgrass meadows, and kelp forests of Puget Sound. FRI‐UW‐9008, Fisheries Research Institute, School of Fisheries, University of Washington, Seattle. Pp. 110.","polygon","Nisqually Reach","CPS","large scale","large scale",2017-06-04,47.13825,-122.723694,"retain","WGS84",-1.6,"turf",40,4,160,160,24.83,"2483",24830,155.1875,155.1875,"Rocky Bay","large scale area of 40 m X 4 m (160 m2). Planted with plants from Rocky Bay. Planted with plants from Rocky Bay. Turfs plant 5-15 shoots per staple (X= ~10 shoots/staple). Estimated number of PUs at test-transplant site as 24,830/10 = 2483.","zos_rest_ps__WDFW__Hart Crowser",9
"13","Anderson Island","Anderson Island South 2 - east - HC - large - 2017","AND_south_L3","single",2017,"Thom, RM, and L Hallum. 1990. Long‐term changes in the areal extent of tidal marshes, eelgrass meadows, and kelp forests of Puget Sound. FRI‐UW‐9008, Fisheries Research Institute, School of Fisheries, University of Washington, Seattle. Pp. 110.","polygon","Nisqually Reach","CPS","large scale","--",2017-06-04,47.138444,-122.724167,"retain","WGS84",NA,NA,NA,NA,NA,NA,NA,NA,NA,NA,NA,NA,NA,"zos_rest_ps__WDFW__Hart Crowser",9
"14","Anderson Island","Anderson Island South 3 - east - PNNL - large - 2017","AND_south_L4","single",2017,"Thom, RM, and L Hallum. 1990. Long‐term changes in the areal extent of tidal marshes, eelgrass meadows, and kelp forests of Puget Sound. FRI‐UW‐9008, Fisheries Research Institute, School of Fisheries, University of Washington, Seattle. Pp. 110.","line","Nisqually Reach","CPS","large scale","large scale",2017-08-08,47.13263333,-122.7181167,"retain","WGS84",-1.31064,"rebar",30,5,150,105.25,10.525,"421",10525,70.1666666666667,100,"Thompson Cove","Site also known as Gaeckle 3, base line runs 320°","zos_rest_3_deltas__USACE__PNNL",10
"15","Anderson Island","Anderson Island South 3 - east - PNNL - large - 2017","AND_south_L4","single",2017,"Thom, RM, and L Hallum. 1990. Long‐term changes in the areal extent of tidal marshes, eelgrass meadows, and kelp forests of Puget Sound. FRI‐UW‐9008, Fisheries Research Institute, School of Fisheries, University of Washington, Seattle. Pp. 110.","line","Nisqually Reach","CPS","large scale","--",2017-08-08,47.13238,-122.71795,"retain","WGS84",NA,NA,NA,NA,NA,NA,NA,NA,NA,NA,NA,NA,NA,"zos_rest_3_deltas__USACE__PNNL",10
"16","Anderson Island","Amsterdam Bay - PNNL - deeper - test - 2020","AMS_deeper","single",2020,"Thom, RM, and L Hallum. 1990. Long‐term changes in the areal extent of tidal marshes, eelgrass meadows, and kelp forests of Puget Sound. FRI‐UW‐9008, Fisheries Research Institute, School of Fisheries, University of Washington, Seattle. Pp. 110.","point","Drayton Passage","CPS","test","test",2020-06-30,47.160376,-122.7277166,"retain","WGS84",-1.1,"rebar",2.5,2.5,6.25,4.75,0.475,"19",475,76,100,"Anderson Island","180 deg az, sandy with gravel some wispy ulva","zos_rec_ps__USACE__PNNL",11
"17","Anderson Island","Anderson Island West - PNNL - test - 2020","AND_west3","single",2020,"Thom, RM, and L Hallum. 1990. Long‐term changes in the areal extent of tidal marshes, eelgrass meadows, and kelp forests of Puget Sound. FRI‐UW‐9008, Fisheries Research Institute, School of Fisheries, University of Washington, Seattle. Pp. 110.","point","Drayton Passage","CPS","test","test",2020-07-01,47.172138166,-122.7279458,"retain","WGS84",-1.2,"rebar",3,2.5,7.5,6.25,0.625,"25",625,83.3333333333333,100,"Anderson Island","180deg az, sandy with little bit of ulva","zos_rec_ps__USACE__PNNL",12
"18","Anderson Island","Anderson Island Northwest - PNNL - test - 2020","AND_nw1","single",2020,"Thom, RM, and L Hallum. 1990. Long‐term changes in the areal extent of tidal marshes, eelgrass meadows, and kelp forests of Puget Sound. FRI‐UW‐9008, Fisheries Research Institute, School of Fisheries, University of Washington, Seattle. Pp. 110.","point","Drayton Passage","CPS","test","test",2020-06-30,47.1821,-122.7137916,"retain","WGS84",-1.3,"rebar",2.5,2.5,6.25,5,0.5,"20",500,80,100,"Anderson Island","170deg az, sandy with non-attached ulva","zos_rec_ps__USACE__PNNL",13
"19","Anderson Island","Anderson Island South 1 - west - test - 2021","AND_west4","single",2021,NA,"point",NA,NA,"test","test",2021-06-22,NA,NA,"retain","WGS84",-1.5,"rebar",3.5,0.5,1.75,2.25,0.225,"9",135,77.1428571428571,60,"DuPont Wharf",NA,"unaffiliated__unspecified__unspecified",14
"20","Anderson Island","Anderson Island South 2 - west - test - 2021","AND_west5","single",2021,NA,"point",NA,NA,"test","test",2021-06-25,NA,NA,"retain","WGS84",-1.5,"rebar",3.5,0.5,1.75,2.25,0.225,"9",135,77.1428571428571,60,"DuPont Wharf",NA,"unaffiliated__unspecified__unspecified",15
"21","Anderson Island","Anderson Island South 3 - west - test - 2021","AND_west6","single",2021,NA,"point",NA,NA,"test","test",2021-06-25,NA,NA,"retain","WGS84",-1.5,"rebar",3.5,0.5,1.75,2.25,0.225,"9",135,77.1428571428571,60,"DuPont Wharf",NA,"unaffiliated__unspecified__unspecified",16
"22","Anderson Island","Anderson Island - Carlson Bay SE - DNR - test 1 - 2023","AND_se1","single",2023,NA,"point","Case Inlet","CPS","test","test",2023-06-05,47.14154,-122.73026,"retain","WGS84",-1.5,"rebar",1.5,0.5,0.75,2.25,0.225,"9",150,200,66.6666666666667,"DuPont Wharf",NA,"unaffiliated__unspecified__unspecified",17
"23","Blind Bay","Blind Bay - DNR - test - 2020","BB_test_1","single",2020,"SVMP","line","Blind Bay","SJS","test","test",2020-08-02,48.57816,-122.94099,"retain","WGS84",-1.7,"rebar",14,1,14,4,0.4,"16",320,22.8571428571429,80,"Dumas Bay","GPS marks the 0 m helical anchor. Another helical is set at 14 m (48.57810 -122.94094). Planting started at 2 m and ended at 10 m to keep transplants 2 m away from helicals at the end of the 14 m transect. Eelgrass harvested from the Shannon Point Marine Center mesocosms on 31 Jul 2020.","zos_rec_sji__DNR__unspecified",18
"24","Blind Bay","Blind Bay - DNR - test - 2020","BB_test_1","single",2020,"SVMP","line","Blind Bay","SJS","test","test",2020-08-02,48.57816,-122.94099,"retain","WGS84",-1.7,"rebar",14,1,14,0.75,0.075,"3",60,4.28571428571429,80,"Fay Bainbridge","GPS marks the 0 m helical anchor. Another helical is set at 14 m (48.57810 -122.94094). Planting started at 2 m and ended at 10 m to keep transplants 2 m away from helicals at the end of the 14 m transect. Eelgrass harvested from the Shannon Point Marine Center mesocosms on 31 Jul 2020.","zos_rec_sji__DNR__unspecified",19
"25","Blind Bay","Blind Bay - DNR - test - 2020","BB_test_1","single",2020,"SVMP","line","Blind Bay","SJS","test","test",2020-08-02,48.57816,-122.94099,"retain","WGS84",-1.7,"rebar",14,1,14,2.25,0.225,"9",135,9.64285714285714,60,"Henry Island","GPS marks the 0 m helical anchor. Another helical is set at 14 m (48.57810 -122.94094). Planting started at 2 m and ended at 10 m to keep transplants 2 m away from helicals at the end of the 14 m transect. Eelgrass harvested from the Pacific Northwest National Laboratory mesocosms on 31 July 2020.","zos_rec_sji__DNR__unspecified",20
"26","Blind Bay","Blind Bay - DNR - test - 2020","BB_test_1","single",2020,"SVMP","line","Blind Bay","SJS","test","test",2020-08-02,48.57816,-122.94099,"retain","WGS84",-1.7,"rebar",14,1,14,3.75,0.375,"15",210,15,56,"Ship Harbor","GPS marks the 0 m helical anchor. Another helical is set at 14 m (48.57810 -122.94094). Planting started at 2 m and ended at 10 m to keep transplants 2 m away from helicals at the end of the 14 m transect. Eelgrass harvested from the Shannon Point Marine Center mesocosms on 31 Jul 2020.","zos_rec_sji__DNR__unspecified",21
"27","Blind Bay","Blind Bay - DNR - test - 2020","BB_test_1","single",2020,"SVMP","line","Blind Bay","SJS","test","test",2020-08-02,48.57816,-122.94099,"retain","WGS84",-1.7,"rebar",14,1,14,1.75,0.175,"7",175,12.5,100,"Mixed","GPS marks the 0 m helical anchor. Another helical is set at 14 m (48.57810 -122.94094). Planting started at 2 m and ended at 10 m to keep transplants 2 m away from helicals at the end of the 14 m transect. Eelgrass harvested from the Shannon Point Marine Center mesocosms on 31 Jul 2020.","zos_rec_sji__DNR__unspecified",22
"28","Chico Bay","Chico Bay - PNNL - test - 2015","CHC","single",2015,NA,"point","Dyes Inlet","CPS","test","test",2015-02-18,47.6064833333333,-122.699183333333,"retain","WGS84",-0.85344,"staple",5,5,25,25,0.625,"125",500,20,20,"Creosote Point",NA,"zos_rest_ps__DNR__PNNL",23
"29","Commencement Bay","Commencement Bay - PNNL - Test Plot shallow - 2017","COM_shallow","single",2017,NA,"point","Commencement Bay","CPS","test","test",2017-08-31,47.27626,-122.4636385,"retain","WGS84",-1.524,"rebar",2.5,2.5,6.25,5,0.5,"20",500,80,100,"Creosote Point",NA,"zos_rec_ps__USFWS__PNNL",24
"30","Commencement Bay","Commencement Bay - PNNL - Test Plot deep - 2017","COM_deep","single",2017,NA,"point","Commencement Bay","CPS","test","test",2017-08-31,47.2763166666667,-122.463733333333,"retain","WGS84",-2.4384,"rebar",2.5,2.5,6.25,5,0.5,"20",500,80,100,"Creosote Point",NA,"zos_rec_ps__USFWS__PNNL",25
"31","Commencement Bay","Commencement Bay - PNNL - large - 2018","COM_L1","single",2018,NA,"line","Commencement Bay","CPS","large scale","large scale",2018-06-26,47.2763,-122.4636,"retain","WGS84",-2.4384,"rebar",19,10,190,108.25,10.825,"433",10825,56.9736842105263,100,"Dumas Bay","Planting occurred near 2 test plots so planting was irregular to not overlap with the test plots. See planting diagram","zos_rec_ps__USFWS__PNNL",26
"32","Commencement Bay","Commencement Bay - PNNL - large - 2018","COM_L1","single",2018,NA,"line","Commencement Bay","CPS","large scale","--",2018-06-26,47.27632,-122.46381,"retain","WGS84",NA,NA,NA,NA,NA,NA,NA,NA,NA,NA,NA,NA,NA,"zos_rec_ps__USFWS__PNNL",26
"33","Commencement Bay","Commencement Bay - PNNL - large - 2019","COM_L2","single",2019,NA,"line","Commencement Bay","CPS","large scale","large scale",2019-06-09,47.27629,-122.46336,"retain","WGS84",-2.4,"rebar",27,10,270,164,16.4,"656",16400,60.7407407407407,100,"Dumas Bay","planted 5m on each side of baseline, 10m total width, starting @1m planted 4 rows 0.5m apart, skip 1.5m, repeat. Exceptions: 1 row planted inshore at 3m, offshore rows 8.5m-17.5m 2.5m long, 10m offshore row = 50shoots/rebar, 10.5m-11.5m offshore row = 35shoots/rebar. 300 extra shoots not included in total (column AD)","zos_rec_ps__USACE__PNNL",27
"34","Commencement Bay","Commencement Bay - PNNL - large - 2019","COM_L2","single",2019,NA,"line","Commencement Bay","CPS","large scale","--",2019-06-09,47.276295,-122.463595,"retain","WGS84",-2.6,NA,NA,NA,NA,NA,NA,NA,NA,NA,NA,NA,NA,"zos_rec_ps__USACE__PNNL",27
"35","Delano Beach","Delano Beach - PNNL - test - 2015","DEL_1","initial",2015,"Thom, RM, and L Hallum. 1990. Long‐term changes in the areal extent of tidal marshes, eelgrass meadows, and kelp forests of Puget Sound. FRI‐UW‐9008, Fisheries Research Institute, School of Fisheries, University of Washington, Seattle. Pp. 110.","point","Carr Inlet","CPS","test","test",2015-02-26,47.2549833333333,-122.737116666667,"retain","WGS84",-2.34696,"staple",5,5,25,25,0.625,"125",500,20,20,"Ketron Island","""mega""-bundles were planted with 260 shoots on 26 staples outside of the plot and just south","zos_rest_ps__DNR__PNNL",28
"36","Delano Beach","Delano W T1 - HC - test - 2016","DEL_L1","single",2016,"Thom, RM, and L Hallum. 1990. Long‐term changes in the areal extent of tidal marshes, eelgrass meadows, and kelp forests of Puget Sound. FRI‐UW‐9008, Fisheries Research Institute, School of Fisheries, University of Washington, Seattle. Pp. 110.","line","Carr Inlet","CPS","test","test",2016-04-21,47.2580403527778,-122.739271322222,"retain","WGS84",-2,"burlap",25,5,125,75,9.75,"156",780,6.24,10.4,"Cutts Island","transect line that includes 3 test plots","zos_rest_ps__WDFW__Hart Crowser",29
"37","Delano Beach","Delano W T2 - HC - test - 2016","DEL_L1","single",2016,"Thom, RM, and L Hallum. 1990. Long‐term changes in the areal extent of tidal marshes, eelgrass meadows, and kelp forests of Puget Sound. FRI‐UW‐9008, Fisheries Research Institute, School of Fisheries, University of Washington, Seattle. Pp. 110.","line","Carr Inlet","CPS","test","--",2016-04-21,47.2582796888889,-122.7380948,"retain","WGS84",-2,"burlap",NA,NA,NA,NA,NA,NA,NA,NA,NA,NA,NA,"zos_rest_ps__WDFW__Hart Crowser",29
"38","Delano Beach","Delano Beach - SE - HC - large - 2016","DEL_P1","single",2016,"Thom, RM, and L Hallum. 1990. Long‐term changes in the areal extent of tidal marshes, eelgrass meadows, and kelp forests of Puget Sound. FRI‐UW‐9008, Fisheries Research Institute, School of Fisheries, University of Washington, Seattle. Pp. 110.","polygon","Carr Inlet","CPS","large scale","large scale",2016-06-14,47.257533,-122.738203833333,"retain","WGS84",-2,"burlap",35,6,210,50.4,78.75,"1260",20850,99.2857142857143,413.690476190476,"Cutts Island",NA,"zos_rest_ps__WDFW__Hart Crowser",30
"39","Delano Beach","Delano Beach - SW - HC - large - 2016","DEL_P1","single",2016,"Thom, RM, and L Hallum. 1990. Long‐term changes in the areal extent of tidal marshes, eelgrass meadows, and kelp forests of Puget Sound. FRI‐UW‐9008, Fisheries Research Institute, School of Fisheries, University of Washington, Seattle. Pp. 110.","polygon","Carr Inlet","CPS","large scale","--",2016-06-14,47.2575368333333,-122.738138,"retain","WGS84",NA,NA,NA,NA,NA,NA,NA,NA,NA,NA,NA,NA,NA,"zos_rest_ps__WDFW__Hart Crowser",30
"40","Delano Beach","Delano Beach - NE - HC - large - 2016","DEL_P1","single",2016,"Thom, RM, and L Hallum. 1990. Long‐term changes in the areal extent of tidal marshes, eelgrass meadows, and kelp forests of Puget Sound. FRI‐UW‐9008, Fisheries Research Institute, School of Fisheries, University of Washington, Seattle. Pp. 110.","polygon","Carr Inlet","CPS","large scale","--",2016-06-14,47.2578418333333,-122.738172,"retain","WGS84",NA,NA,NA,NA,NA,NA,NA,NA,NA,NA,NA,NA,NA,"zos_rest_ps__WDFW__Hart Crowser",30
"41","Delano Beach","Delano Beach - NW - HC - large - 2016","DEL_P1","single",2016,"Thom, RM, and L Hallum. 1990. Long‐term changes in the areal extent of tidal marshes, eelgrass meadows, and kelp forests of Puget Sound. FRI‐UW‐9008, Fisheries Research Institute, School of Fisheries, University of Washington, Seattle. Pp. 110.","polygon","Carr Inlet","CPS","large scale","--",2016-06-14,47.2578388333333,-122.738237833333,"retain","WGS84",NA,NA,NA,NA,NA,NA,NA,NA,NA,NA,NA,NA,NA,"zos_rest_ps__WDFW__Hart Crowser",30
"42","Delano Beach","Delano Beach East - north - HC - test - 2017","DEL_3","initial",2017,"Thom, RM, and L Hallum. 1990. Long‐term changes in the areal extent of tidal marshes, eelgrass meadows, and kelp forests of Puget Sound. FRI‐UW‐9008, Fisheries Research Institute, School of Fisheries, University of Washington, Seattle. Pp. 110.","point","Carr Inlet","CPS","test","test",2017-07-17,47.24985,-122.72317,"retain","WGS84",-1.6,"turf",10,1,10,6,1.67,"167",1172,117.2,195.333333333333,"Cutts Island","Referred to as 'South Head 1' in final report. Turfs plant 5-15 shoots per staple (X= ~7 shoots/staple because donor site was Cutts Island with larger Zm than Rocky Bay). Estimated number of PUs at test-transplant site as 1172/7 = 167.","zos_rest_ps__WDFW__Hart Crowser",31
"43","Delano Beach","Delano Beach East - south - HC - test - 2017","DEL_2","single",2017,"Thom, RM, and L Hallum. 1990. Long‐term changes in the areal extent of tidal marshes, eelgrass meadows, and kelp forests of Puget Sound. FRI‐UW‐9008, Fisheries Research Institute, School of Fisheries, University of Washington, Seattle. Pp. 110.","point","Carr Inlet","CPS","test","test",2017-07-17,47.24963,-122.72338,"retain","WGS84",-1.6,"turf",10,1,10,6,1.45,"145",1015,101.5,169.166666666667,"Cutts Island","Referred to as 'South Head 2' in final report. Turfs plant 5-15 shoots per staple (X= ~7 shoots/staple because donor site was Cutts Island with larger Zm than Rocky Bay). Estimated number of PUs at test-transplant site as 1015/7 = 145.","zos_rest_ps__WDFW__Hart Crowser",32
"44","Delano Beach","Delano Beach - PNNL - test - enhancement","DEL_1","repeat",2018,"Thom, RM, and L Hallum. 1990. Long‐term changes in the areal extent of tidal marshes, eelgrass meadows, and kelp forests of Puget Sound. FRI‐UW‐9008, Fisheries Research Institute, School of Fisheries, University of Washington, Seattle. Pp. 110.","point","Carr Inlet","CPS","test","test",2018-06-28,47.2549833333333,-122.737116666667,"retain","WGS84",-2.34696,"rebar",5,0.5,2.5,2.75,0.275,"11",275,110,100,"DuPont Wharf","transplanted 4, 0.25 m2 patches. 3 patches had 3, 50 cm lengths of rebar each with 25 shoots while 1 patch had 2, 50 cm lengths of rebar each with 25 shoots.","dnr__DNR__unspecified",33
"45","Delano Beach","Delano Beach East - north - HC - test - enhancement","DEL_3","repeat",2018,"Thom, RM, and L Hallum. 1990. Long‐term changes in the areal extent of tidal marshes, eelgrass meadows, and kelp forests of Puget Sound. FRI‐UW‐9008, Fisheries Research Institute, School of Fisheries, University of Washington, Seattle. Pp. 110.","point","Carr Inlet","CPS","test","test",2018-06-28,47.24985,-122.72317,"retain","WGS84",-1.6,"rebar",5,0.5,2.5,2.25,0.225,"9",225,90,100,"DuPont Wharf","transplanted 3, 0.25 m2 patch with 3, 50 cm lengths of rebar each with 25 shoots near north buoy","dnr__DNR__unspecified",34
"46","Delano Beach","Delano Beach East - PNNL - test - 2020","DEL_east_1","single",2020,"Thom, RM, and L Hallum. 1990. Long‐term changes in the areal extent of tidal marshes, eelgrass meadows, and kelp forests of Puget Sound. FRI‐UW‐9008, Fisheries Research Institute, School of Fisheries, University of Washington, Seattle. Pp. 110.","point","Carr Inlet","CPS","test","test",2020-07-01,47.249993,-122.7228933,"retain","WGS84",-1.2,"rebar",2.5,2.5,6.25,6.25,0.625,"25",625,100,100,"Anderson Island","180deg az, sandy with shell hash, some ulva with sand on it and chaetomorpha, firm bottom","zos_rec_ps__USACE__PNNL",35
"47","Delano Beach","Delano Beach West - PNNL - test - 2020","DEL_west_1","single",2020,"Thom, RM, and L Hallum. 1990. Long‐term changes in the areal extent of tidal marshes, eelgrass meadows, and kelp forests of Puget Sound. FRI‐UW‐9008, Fisheries Research Institute, School of Fisheries, University of Washington, Seattle. Pp. 110.","point","Carr Inlet","CPS","test","test",2020-07-01,47.2525983,-122.7354683,"retain","WGS84",-1.6,"rebar",3,2.5,7.5,6.75,0.675,"27",692,92.2666666666667,102.518518518519,"Anderson Island","270deg az, sandy with patches of ulva and other ""green stuff""","zos_rec_ps__USACE__PNNL",36
"48","Delano Beach","Delano Beach West - PNNL - large - 2021","DEL_L","single",2021,"Thom, RM, and L Hallum. 1990. Long‐term changes in the areal extent of tidal marshes, eelgrass meadows, and kelp forests of Puget Sound. FRI‐UW‐9008, Fisheries Research Institute, School of Fisheries, University of Washington, Seattle. Pp. 110.","point","Carr Inlet","CPS","large scale","large scale",2021-06-03,47.2525983,-122.7354683,"retain","WGS84",-1.3,"rebar",50,5,250,149.25,14.925,"597",12305,49.22,82.4455611390285,"Green Point",NA,"zos_rec_ps__USACE__PNNL",37
"49","Delano Beach","Delano Beach West - DNR - shallow - test - 2021","DEL_west_shallow_1","single",2021,NA,NA,NA,NA,"test","test",2021-06-23,NA,NA,"retain","WGS84",-1.524,"rebar",1.5,1,1.5,4.5,0.45,"18",270,180,60,"DuPont Wharf",NA,"dnr__DNR__unspecified",38
"50","Delano Beach","Delano Beach West - DNR - deep - test - 2021","DEL_west_deep_1","single",2021,NA,NA,NA,NA,"test","test",2021-06-23,NA,NA,"retain","WGS84",-1.524,"rebar",1,1,1,3,0.3,"12",180,180,60,"DuPont Wharf",NA,"dnr__DNR__unspecified",39
"51","Dumas Bay","Dumas Bay - KC Zm Restoration - test - 2020","DB_test_1","single",2020,"SVMP","point","East Passage","CPS","test","test",2020-07-06,47.32933,-122.38615,"retain","WGS84",-1.6,"rebar",3.5,3.5,12.25,1.5,0.45,"18",300,24.4897959183673,200,"Dumas Bay","eelgrass harvested from area between Transects B and C at the Dumas Bay SeagrassNet site (WA50.1)","kingco__KingCounty__unspecified",40
"52","Dumas Bay","Dumas Bay - KC Zm Restoration - test - 2021","DB_test_2","single",2021,"SVMP","point","East Passage","CPS","test","test",2021-04-28,47.32933,-122.38615,"retain","WGS84",-1.6,"rebar",3.5,3.5,12.25,1,0.3,"12",300,24.4897959183673,300,"Dumas Bay","2020 test transplants were present so decided to add to the site. Eelgrass harvested from area between Transects B and C at the Dumas Bay SeagrassNet site (WA50.1)","kingco__KingCounty__unspecified",41
"53","Dumas Bay","Dumas Bay - KC Zm Restoration - test - 2021","DB_test_2","single",2021,"SVMP","point","East Passage","CPS","test","test",2021-05-13,47.32933,-122.38615,"retain","WGS84",-1.6,"rebar",3.5,0.5,1.75,0.75,0.225,"9",180,102.857142857143,240,"DuPont Wharf","Planted on plot southwest of light sensor location, then one deeper from there and one plot shallower from there","kingco__KingCounty__unspecified",42
"54","Dumas Bay","Dumas Bay - KC Zm Restoration - test - 2021","DB_test_2","single",2021,"SVMP","point","East Passage","CPS","test","test",2021-05-26,47.32933,-122.38615,"retain","WGS84",-1.6,"rebar",3.5,0.5,1.75,0.75,0.225,"9",180,102.857142857143,240,"DuPont Wharf","Planted on plot ENE of light sensor location. 3 plots of 3 rebar planted at 5m, 6m and 7m ENE of light sensor","kingco__KingCounty__unspecified",43
"55","Dumas Bay","Dumas Bay - KC Zm Restoration - test - 2021","DB_test_2","single",2021,"SVMP","point","East Passage","CPS","test","test",2021-06-26,47.32933,-122.38615,"retain","WGS84",-1.6,"rebar",3.5,2,7,1.5,0.45,"18",270,38.5714285714286,180,"DuPont Wharf","planted in parallel groups of 3 in line with transplants from May. One row set 1 m further offshore than the shallow row.","kingco__KingCounty__unspecified",44
"56","Dumas Bay","Dumas Bay - KC Zm Restoration - test 2 - 2022","DB_test_6","single",2022,"SVMP","point","East Passage","CPS","test","test",2022-06-16,47.32933,-122.38615,"retain","WGS84",-1.6,"rebar",10,1,10,5,1.5,"60",720,72,144,"DuPont Wharf","set helical anchor 20 m NE of light sensor. From that point, measure out 20 m and planted a 0.25 m2 checkboard along the tape starting at 2 m to 7 m, then again at 12 m to 17 m. Checkerboard pattern layout as follows: 2-2.5 m nearshore planting, 2.5-3 m offshore planting, 3-3.5 nearshore planting, etc.","kingco__KingCounty__unspecified",45
"57","Dumas Bay","Dumas Bay - KC Zm Restoration - test 1 - 2022","DB_test_7","single",2022,"SVMP","point","East Passage","CPS","test","test",2022-05-19,47.32933,-122.38615,"retain","WGS84",-1.6,"rebar",3,0.5,1.5,5,0.5,"20",400,266.666666666667,80,"DuPont Wharf","planted 20 rebar (6, 0.25 m2 plots + 2 rebar) parallel to shore and deeper than 2021 test transplants from 05/26/2021.","kingco__KingCounty__unspecified",46
"58","Eld Inlet","Eld Inlet - shallow - PNNL - test - 2015","ELD_shallow","single",2015,NA,"point","Eld Inlet","SPS","test","test",2015-03-12,47.0974,-122.95525,"retain","WGS84",-1.0668,"staple",5,5,25,25,0.625,"125",500,20,20,"Windy Bluff","""mega""-bundles were planted with 260 shoots on 26 staples outside of the plot 1 m west of the shallow plot","zos_rest_ps__DNR__PNNL",47
"59","Eld Inlet","Eld Inlet - deep - PNNL - test - 2015","ELD_deep","single",2015,NA,"point","Eld Inlet","SPS","test","test",2015-03-12,47.0975166666667,-122.95535,"retain","WGS84",-2.1336,"staple",5,5,25,25,0.625,"125",500,20,20,"Windy Bluff","""mega""-bundles were planted nearby, see Eld Inlet shallow","zos_rest_ps__DNR__PNNL",48
"60","Eld Inlet","Eld Inlet - PNNL - test - 2020","ELD","single",2020,NA,"point","Eld Inlet","SPS","test","test",2020-07-01,47.121210166,-122.9437588,"retain","WGS84",-1.6,"rebar",3,2.5,7.5,6.25,0.625,"25",625,83.3333333333333,100,"Anderson Island","160deg az, mixed fines, soft, no algae","zos_rec_ps__USACE__PNNL",49
"61","Elwha Delta","Elwha Delta - deep west - PNNL - test - 2016","ELW_deep_west","single",2016,NA,"point","Elwha Delta","SJS","test","test",2016-08-11,48.1375,-123.587,"retain","WGS84",-4.7,"rebar",2,2,4,5,0.5,"20",500,125,100,"Freshwater Bay",NA,"zos_rest_3_deltas__USACE__PNNL",50
"62","Elwha Delta","Elwha Delta - shallow west - PNNL - test - 2016","ELW_shallow_west","single",2016,NA,"point","Elwha Delta","SJS","test","test",2016-08-11,48.1372,-123.5869,"retain","WGS84",-3.9,"rebar",2,2,4,5.5,0.55,"22",550,137.5,100,"Freshwater Bay",NA,"zos_rest_3_deltas__USACE__PNNL",51
"63","Fudge Point","Fudge Point South - north - DNR - rebar test - 2017","FDG_1","single",2017,"Thom, RM, and L Hallum. 1990. Long‐term changes in the areal extent of tidal marshes, eelgrass meadows, and kelp forests of Puget Sound. FRI‐UW‐9008, Fisheries Research Institute, School of Fisheries, University of Washington, Seattle. Pp. 110.","point","Case Inlet","CPS","test","test",2017-07-19,47.23726,-122.86145,"retain","WGS84",-1.95,"rebar",1,1,1,1.25,0.125,"5",250,250,200,"Rocky Bay",NA,"dnr__DNR__unspecified",52
"64","Fudge Point","Fudge Point South - south - HC - test - 2017","FDG_L1","initial",2017,"Thom, RM, and L Hallum. 1990. Long‐term changes in the areal extent of tidal marshes, eelgrass meadows, and kelp forests of Puget Sound. FRI‐UW‐9008, Fisheries Research Institute, School of Fisheries, University of Washington, Seattle. Pp. 110.","line","Case Inlet","CPS","test","test",2017-07-19,47.23725,-122.86138,"retain","WGS84",-1.95,"turf",10,1,10,6,1.06,"106",1056,105.6,176,"Rocky Bay","Referred to as 'Fudge Point 2' in final report. Turfs plant 5-15 shoots per staple (X= ~10 shoots/staple b/c donor site was Rocky Bay). Estimated number of PUs at test-transplant site as 1056/10 = 105","zos_rest_ps__WDFW__Hart Crowser",53
"65","Fudge Point","Fudge Point South - north - HC test - 2017","FDG_L1","initial",2017,"Thom, RM, and L Hallum. 1990. Long‐term changes in the areal extent of tidal marshes, eelgrass meadows, and kelp forests of Puget Sound. FRI‐UW‐9008, Fisheries Research Institute, School of Fisheries, University of Washington, Seattle. Pp. 110.","line","Case Inlet","CPS","test","--",2017-07-19,47.23726,-122.86145,"retain","WGS84",NA,NA,NA,NA,NA,NA,NA,NA,NA,NA,NA,NA,NA,"zos_rest_ps__WDFW__Hart Crowser",53
"66","Fudge Point","Fudge Point North - south - HC - test - 2017","FDG_L2","initial",2017,"Thom, RM, and L Hallum. 1990. Long‐term changes in the areal extent of tidal marshes, eelgrass meadows, and kelp forests of Puget Sound. FRI‐UW‐9008, Fisheries Research Institute, School of Fisheries, University of Washington, Seattle. Pp. 110.","line","Case Inlet","CPS","test","test",2017-07-19,47.23766,-122.8624,"retain","WGS84",-1.95,"turf",10,1,10,6,1.16,"116",1160,116,193.333333333333,"Rocky Bay","Referred to as 'Fudge Point 1' in final report. Turfs plant 5-15 shoots per staple (X= ~10 shoots/staple b/c donor site was Rocky Bay). Estimated number of PUs at test-transplant site as 1160/10 = 116","zos_rest_ps__WDFW__Hart Crowser",54
"67","Fudge Point","Fudge Point North - north - HC - test - 2017","FDG_L2","initial",2017,"Thom, RM, and L Hallum. 1990. Long‐term changes in the areal extent of tidal marshes, eelgrass meadows, and kelp forests of Puget Sound. FRI‐UW‐9008, Fisheries Research Institute, School of Fisheries, University of Washington, Seattle. Pp. 110.","line","Case Inlet","CPS","test","--",2017-07-19,47.23774,-122.86269,"retain","WGS84",NA,NA,NA,NA,NA,NA,NA,NA,NA,NA,NA,NA,NA,"zos_rest_ps__WDFW__Hart Crowser",54
"68","Fudge Point","Fudge Point South - south - HC - test - 2018","FDG_L1","repeat",2018,"Thom, RM, and L Hallum. 1990. Long‐term changes in the areal extent of tidal marshes, eelgrass meadows, and kelp forests of Puget Sound. FRI‐UW‐9008, Fisheries Research Institute, School of Fisheries, University of Washington, Seattle. Pp. 110.","line","Case Inlet","CPS","test","test",2018-06-12,47.23725,-122.86138,"retain","WGS84",-1.95,"rebar",10,0.5,5,2.25,0.225,"9",225,45,100,"DuPont Wharf","Same location as 2017 Fudge Point test transplant sites, just different donor plants. Screw anchor at 0 and 10 m, planted at 1, 5, and 9 meters between screw anchor","dnr__DNR__unspecified",55
"69","Fudge Point","Fudge Point South - north - HC test - 2018","FDG_L1","repeat",2018,"Thom, RM, and L Hallum. 1990. Long‐term changes in the areal extent of tidal marshes, eelgrass meadows, and kelp forests of Puget Sound. FRI‐UW‐9008, Fisheries Research Institute, School of Fisheries, University of Washington, Seattle. Pp. 110.","line","Case Inlet","CPS","test","--",2018-06-12,47.23726,-122.86145,"retain","WGS84",NA,NA,NA,NA,NA,NA,NA,NA,NA,NA,NA,NA,NA,"dnr__DNR__unspecified",55
"70","Fudge Point","Fudge Point North - south - HC - test - 2018","FDG_L2","repeat",2018,"Thom, RM, and L Hallum. 1990. Long‐term changes in the areal extent of tidal marshes, eelgrass meadows, and kelp forests of Puget Sound. FRI‐UW‐9008, Fisheries Research Institute, School of Fisheries, University of Washington, Seattle. Pp. 110.","line","Case Inlet","CPS","test","test",2018-06-12,47.23766,-122.8624,"retain","WGS84",-1.95,"rebar",10,0.5,5,2.25,0.225,"9",225,45,100,"DuPont Wharf","Same location as 2017 Fudge Point test transplant sites, just different donor plants. Screw anchor at 0 and 10 m, planted at 1, 5, and 9 meters between screw anchor","dnr__DNR__unspecified",56
"71","Fudge Point","Fudge Point North - north - HC - test - 2018","FDG_L2","repeat",2018,"Thom, RM, and L Hallum. 1990. Long‐term changes in the areal extent of tidal marshes, eelgrass meadows, and kelp forests of Puget Sound. FRI‐UW‐9008, Fisheries Research Institute, School of Fisheries, University of Washington, Seattle. Pp. 110.","line","Case Inlet","CPS","test","--",2018-06-12,47.23774,-122.86269,"retain","WGS84",NA,NA,NA,NA,NA,NA,NA,NA,NA,NA,NA,NA,NA,"dnr__DNR__unspecified",56
"72","Graham Point","Graham Point - PNNL - test - 2015","GRA_1","single",2015,NA,"point","Pickering Passage","SPS","test","test",2015-03-12,47.251948,-122.927833,"retain","WGS84",-1.2,"staple",5,5,25,25,0.625,"125",500,20,20,"Windy Bluff","planting depths on slope depth range of -1.2m, MLLW to -2.1m, MLLW","zos_rest_ps__DNR__PNNL",57
"73","Graham Point","Graham Point - DNR - test - chia -2016","GRA_2","single",2016,NA,"point","Pickering Passage","SPS","test","test",2016-07-21,47.251948,-122.927833,"drop","WGS84",-0.2,"rebar",0.25,9,2.25,12.5625,1.25625,"50.25",201,89.3333333333333,16,"DuPont Wharf","planted 0.0625 m2 rebar quads at 0 m, -0.2 m, -0.3 m & -0.4 m (4 total 0.0625 m2 quads). Planted slightly shallower than 2015 test plots.","dnr__DNR__unspecified",58
"74","Harstine Island","Harstine Island - PNNL - Test Plot 2 of 4 (north plot) - 2017","HAR_2","single",2017,NA,"point","Case Inlet","CPS","test","test",2017-06-07,47.294034213,-122.854199046,"retain","WGS84",-0.9,"rebar",3,2,6,5,0.5,"20",1000,166.666666666667,200,"Windy Bluff","S screw anchor for test plot","zos_rec_ps__USFWS__PNNL",59
"75","Harstine Island","Harstine Island - PNNL - Test Plot 3 of 4 (south plot) - 2017","HAR_3","single",2017,NA,"point","Case Inlet","CPS","test","test",2017-06-07,47.293667187,-122.854602057,"retain","WGS84",-1,"rebar",3,2,6,5,0.5,"20",1000,166.666666666667,200,"Windy Bluff","S screw anchor for test plot","zos_rec_ps__USFWS__PNNL",60
"76","Harstine Island","Harstine Island - PNNL - Test Plot 4 of 4 (south of south plot) staples - 2017","HAR_4","single",2017,NA,"point","Case Inlet","CPS","test","test",2017-06-07,47.2919,-122.855233333333,"retain","WGS84",-2.977896,"staple",2.5,2,5,5,0.5,"100",800,160,160,"Windy Bluff","side by side plantings using 2 methods","zos_rec_ps__USFWS__PNNL",61
"77","Harstine Island","Harstine Island - PNNL - Test Plot 4 of 4 (south of south plot) rebar - 2017","HAR_4","single",2017,NA,"point","Case Inlet","CPS","test","test",2017-06-07,47.2919,-122.855233333333,"retain","WGS84",-2.977896,"rebar",3,2,6,5,0.5,"20",1000,166.666666666667,200,"Windy Bluff","side by side plantings using 2 methods","zos_rec_ps__USFWS__PNNL",62
"78","Harstine Island","Harstine Island - PNNL - Test Plot 1 of 4 (north of north plot) - 2017","HAR_1","single",2017,NA,"point","Case Inlet","CPS","test","test",2017-06-07,47.2955166666667,-122.8494,"retain","WGS84",-2.80416,"rebar",3,2,6,5,0.5,"20",1000,166.666666666667,200,"Windy Bluff",NA,"zos_rec_ps__USFWS__PNNL",63
"79","Harstine Island","Harstine - PNNL - Large Scale 1 - north (deep) - 2018","HAR_deep_L1","single",2018,NA,"line","Case Inlet","CPS","large scale","large scale",2018-05-15,47.29382,-122.85419,"retain","WGS84",-1.524,"rebar",42,5,210,138,13.8,"552",13800,65.7142857142857,100,"Rocky Point","base line runs 30°M; 25 shoots/rebar; 552 rebar planted on the offshore side of the base line, see planting diagram, offshore transect","zos_rec_ps__USFWS__PNNL",64
"80","Harstine Island","Harstine - PNNL - Large Scale 1 - north (deep) - 2018","HAR_deep_L1","single",2018,NA,"line","Case Inlet","CPS","large scale","--",2018-05-15,47.29411,-122.85389,"retain","WGS84",NA,NA,NA,NA,NA,NA,NA,NA,NA,NA,NA,NA,NA,"zos_rec_ps__USFWS__PNNL",64
"81","Harstine Island","Harstine - PNNL - Large Scale 1 - south (shallow) - 2018","HAR_shallow_L1","single",2018,NA,"line","Case Inlet","CPS","large scale","large scale",2018-06-14,47.293693353,-122.854603497,"retain","WGS84",-1,"rebar",31,5,155,97,9.7,"388",9688,62.5032258064516,99.8762886597938,"Windy Bluff","0 m screw anchor (also N screw anchor of 2017 test plot 3), baseline runs 15°M, planting started at 3m, second screw anchor placed 40m from the first but planting stopped at 31m. Planted in blocks of 4 rows perpendicular to the baseline; each row seperated by 0.5 m and each block seperated by 1.5 m. Rows extended 5 m perpendicular to baseline.","zos_rest_3_deltas__USACE__PNNL",65
"82","Harstine Island","Harstine - PNNL - Large Scale 1 - south (shallow) - 2018","HAR_shallow_L1","single",2018,NA,"line","Case Inlet","CPS","large scale","--",2018-06-14,47.293960576,-122.854260041,"retain","WGS84",-0.9,NA,NA,NA,NA,NA,NA,NA,NA,NA,NA,NA,"40 m screw anchor for baseline, but planting stopped at 31 m","zos_rest_3_deltas__USACE__PNNL",65
"83","Harstine Island","Harstine Island - PNNL - Large Scale 2 - shallow - 2019","HAR_shallow_L2","single",2019,NA,"line","Case Inlet","CPS","large scale","large scale",2019-05-14,47.294047956,-122.854168074,"retain","WGS84",-0.9,"rebar",39,6,234,136.75,13.675,"547",13320,56.9230769230769,97.4040219378428,"Anderson Island, Windy Bluff","0 m screw anchor (also N screw anchor for 2017 test plot 2), baseline runs at 60°M 40 m to screw anchor and extends to the south 240°M 7 m (no screw anchor). Planted started at 1 m and extended to 31 m to the north and from -3 to -6.5 m along baseline to south. Planted offshore of baseline in blocks of 4 rows perpendicular to the baseline; each row seperated by 0.5 m and each block seperated by 1.5 m; 5m off baseline planted with Windy Bluff plants (from -6.5 to -3m and 1 to 31 m along baseline), 5m - 6m off baseline planted with Anderson Island plants (from -6.5 m to -3 m and 1 to 21 m along baseline). N end of baseline had more Ulva and seemed less favorable for planting so baseline was extended to the south instead.","zos_rec_ps__USFWS__PNNL",66
"84","Harstine Island","Harstine Island - PNNL - Large Scale 2 - shallow - 2019","HAR_shallow_L2","single",2019,NA,"line","Case Inlet","CPS","large scale","--",2019-05-14,47.294176696,-122.853689443,"retain","WGS84",-1.2,NA,NA,NA,NA,NA,NA,NA,NA,NA,NA,NA,"40 m screw anchor, but planting stopped at 31 m.","zos_rec_ps__USFWS__PNNL",66
"85","Harstine Island","Harstine Island - PNNL - Large Scale 3 - shallow - 2020","HAR_shallow_L3","single",2020,NA,"line","Case Inlet","CPS","large scale","large scale",2020-06-01,47.293015108,-122.855246839,"retain","WGS84",-0.9,"rebar",32,6,192,118.5,11.85,"474",11390,59.3229166666667,96.1181434599156,"Anderson Island, Windy Bluff","0 m screw anchor; baseline runs 5°M, planting started at 2 m and planted to 32 m in blocks of 4 rows perpendicular to the baseline; each row seperated by 0.5 m and each block seperated by 1.5 m. Planted offshore of baseline;  5m off baseline planted with Windy Bluff plants. 5m - 6m off baseline planted with Anderson Island plants. Last 3 rows (31-32) all Anderson Island plants.","zos_rec_ps__USFWS__PNNL",67
"86","Harstine Island","Harstine Island - PNNL - Large Scale 3 - shallow - 2020","HAR_shallow_L3","single",2020,NA,"line","Case Inlet","CPS","large scale","--",2020-06-01,47.293316236,-122.854970201,"retain","WGS84",-1,NA,NA,NA,NA,NA,NA,NA,NA,NA,NA,NA,"40 m screw anchor, but planting stopped at 32 m.","zos_rec_ps__USFWS__PNNL",67
"87","Harstine Island","Harstine Island - PNNL - Test Plot 5 (north of north plot) rebar shallow- 2020","HAR_5","single",2020,NA,"point","Case Inlet","CPS","test","test",2020-06-29,47.29577,-122.84946,"retain","WGS84",-1.2,"rebar",2.5,2.5,6.25,5,0.5,"20",500,80,100,"Rocky Bay","330 deg az, substrate is bare sand, little more current at this site on a rising tide, substrate is more course and sand is not sticky","zos_rec_ps__USACE__PNNL",68
"88","Harstine Island","Harstine Island - PNNL - Test Plot 6 (south of south plot) rebar shallow - 2020","HAR_6","single",2020,NA,"point","Case Inlet","CPS","test","test",2020-06-29,47.29203,-122.8555666,"retain","WGS84",-1.1,"rebar",2.5,2.5,6.25,5,0.5,"20",500,80,100,"Rocky Bay","15deg azimuth, offshore depth 11ft dive computer,","zos_rec_ps__USACE__PNNL",69
"89","Herron Island","Herron Island - PNNL - test - 2015","HRI","single",2015,NA,"point","Case Inlet","CPS","test","test",2015-03-12,47.279499,-122.809296,"retain","WGS84",-1.2,"staple",5,5,25,25,0.625,"125",500,20,20,"Windy Bluff","""mega""-bundles were planted with 260 shoots on 26 staples outside of the plot and south","zos_rest_ps__DNR__PNNL",70
"90","Hunter Point","Edgewater - south - PNNL - test - 2015","HPT_south_1","single",2015,NA,"point","Eld Inlet","SPS","test","test",2015-05-18,47.1518666666667,-122.929783333333,"retain","WGS84",-1.0668,"staple",5,5,25,25,0.625,"125",500,20,20,"Thompson Cove","SW corner of plot","zos_rest_ps__DNR__PNNL",71
"91","Hunter Point","Edgewater - north - PNNL - test - 2015","HPT_north_2","single",2015,NA,"point","Eld Inlet","SPS","test","test",2015-05-18,47.155,-122.926183333333,"retain","WGS84",-1.3716,"staple",5,5,25,25,0.625,"125",500,20,20,"Thompson Cove","SW corner of plot, depth taken at NE corner of plot","zos_rest_ps__DNR__PNNL",72
"92","Hunter Point","Edgewater - south - PNNL - test - deep - 2020","HPT_south_2","single",2020,NA,"point","Eld Inlet","SPS","test","test",2020-06-29,47.151893,-122.92966,"retain","WGS84",-1.5,"rebar",2.5,2.5,6.25,5,0.5,"20",500,80,100,"Rocky Bay","10deg az, course and compacted sand with lots of fines, lots of algae but still lots of sand visible","zos_rec_ps__USACE__PNNL",73
"93","Hunter Point","Edgewater - north - PNNL - test - deep - 2020","HPT_north_2","single",2020,NA,"point","Eld Inlet","SPS","test","test",2020-06-29,47.154925,-122.9261166,"retain","WGS84",-1.5,"rebar",3,2.5,7.5,6,0.6,"24",600,80,100,"Rocky Bay","4 extra rebar planted at this site, 60 deg az, mixed fines fairly compact some kelp but can see mostly sand, baseline 14' offshore 15'","zos_rec_ps__USACE__PNNL",74
"94","Joemma Beach State Park","Joemma Beach State Park Mid - PNNL - shallow - test - 2013","JSP_mid_shallow","single",2013,NA,"point","Case Inlet","CPS","test","test",2013-06-05,47.2222833333333,-122.80965,"retain","WGS84",-0.9144,"staple",6,6,36,36,0.89,"178",712,19.7777777777778,19.7777777777778,"Windy Bluff/Thompson Cove","Plants from two donor sites were tested at Joemma Beach State Park. Helical removed from test plot on 7 June 2016.","twentypc__WDFW__PNNL",75
"95","Joemma Beach State Park","Joemma Beach State Park Mid - PNNL - deep - test - 2013","JSP_mid_deep","single",2013,NA,"point","Case Inlet","CPS","test","test",2013-06-05,47.2220166666667,-122.810083333333,"retain","WGS84",-1.524,"staple",6,6,36,36,0.89,"178",712,19.7777777777778,19.7777777777778,"Windy Bluff/Thompson Cove","Plants from two donor sites were tested at Joemma State Park","twentypc__WDFW__PNNL",76
"96","Joemma Beach State Park","Joemma Beach State Park Mid South - W - PNNL - large - 2015","JSP_mid_south_P1","single",2015,NA,"polygon","Case Inlet","CPS","large scale","large scale",2015-05-17,47.22235,-122.8105,"retain","WGS84",NA,"staple",50,40,2000,126.25,12.75,"2550",10200,5.1,80.7920792079208,"Windy Bluff and Thompson Cove","north corner, south plot. Most offshore transect was all Thompson Cove plants, most onshore line was all Windy Bluff plants, south end of the plot was all Windy Bluff plants, north end of the plot was all Thompson Cove plants. See diagram.","zos_rest_ps__DNR__PNNL",77
"97","Joemma Beach State Park","Joemma Beach State Park Mid South - N - PNNL - large - 2015","JSP_mid_south_P1","single",2015,NA,"polygon","Case Inlet","CPS","large scale","--",2015-05-17,47.2225166666667,-122.810033333333,"retain","WGS84",NA,"staple",NA,NA,NA,NA,NA,NA,NA,NA,NA,NA,"east corner, south plot","zos_rest_ps__DNR__PNNL",77
"98","Joemma Beach State Park","Joemma Beach State Park Mid South - E - PNNL - large - 2015","JSP_mid_south_P1","single",2015,NA,"polygon","Case Inlet","CPS","large scale","--",2015-05-17,47.22215,-122.809666666667,"retain","WGS84",-0.9144,"staple",NA,NA,NA,NA,NA,NA,NA,NA,NA,NA,"south corner, south plot","zos_rest_ps__DNR__PNNL",77
"99","Joemma Beach State Park","Joemma Beach State Park Mid South - S - PNNL - large - 2015","JSP_mid_south_P1","single",2015,NA,"polygon","Case Inlet","CPS","large scale","--",2015-05-17,47.222,-122.810083333333,"retain","WGS84",-1.524,"staple",NA,NA,NA,NA,NA,NA,NA,NA,NA,NA,"west corner, south plot","zos_rest_ps__DNR__PNNL",77
"100","Joemma Beach State Park","Joemma Beach State Park Mid North - NW - PNNL - large - 2015","JSP_mid_north_P1","single",2015,NA,"polygon","Case Inlet","CPS","large scale","large scale",2015-06-07,47.2233833333333,-122.810666666667,"retain","WGS84",-1.28016,"staple",60,40,2400,151.25,15,"3000",12000,5,79.3388429752066,"Windy Bluff and Thompson Cove","NW corner, north plot, planted 2,900 extra shoots at north end of the 3 middle transects. Thompson Cove plants planted in the south 20m of the transects, Windy Bluff plants planted in the north 20m of the transects, and mix of plants from both donor sites planted in the middle 20m of the transects. See planting diagram.","zos_rest_ps__DNR__PNNL",78
"101","Joemma Beach State Park","Joemma Beach State Park Mid North - NE - PNNL - large - 2015","JSP_mid_north_P1","single",2015,NA,"polygon","Case Inlet","CPS","large scale","--",2015-06-07,47.2233833333333,-122.81015,"retain","WGS84",-0.51816,"staple",NA,NA,NA,NA,NA,NA,NA,NA,NA,NA,"NE corner, north plot","zos_rest_ps__DNR__PNNL",78
"102","Joemma Beach State Park","Joemma Beach State Park Mid North - SE - PNNL - large - 2015","JSP_mid_north_P1","single",2015,NA,"polygon","Case Inlet","CPS","large scale","--",2015-06-07,47.2228333333333,-122.81015,"retain","WGS84",-0.97536,"staple",NA,NA,NA,NA,NA,NA,NA,NA,NA,NA,"SE corner, north plot","zos_rest_ps__DNR__PNNL",78
"103","Joemma Beach State Park","Joemma Beach State Park Mid North - SW - PNNL - large - 2015","JSP_mid_north_P1","single",2015,NA,"polygon","Case Inlet","CPS","large scale","--",2015-06-07,47.2228333333333,-122.810666666667,"retain","WGS84",-1.76784,"staple",NA,NA,NA,NA,NA,NA,NA,NA,NA,NA,"SW corner, north plot","zos_rest_ps__DNR__PNNL",78
"104","Joemma Beach State Park","Joemma Beach State Park - southeast - PNNL - test - 2015","JSP_southeast","single",2015,NA,"point","Case Inlet","CPS","test","test",2015-06-09,47.2109333333333,-122.806633333333,"retain","WGS84",-1.3716,"staple",5,5,25,25,0.625,"125",500,20,20,"Windy Bluff and Thompson Cove","planned, site is between JSP and Taylor Bay","zos_rest_ps__DNR__PNNL",79
"105","Joemma Beach State Park","Joemma Beach State Park North - north - HC - test - 2016","JSP_north","single",2016,NA,"line","Case Inlet","CPS","test","test",2016-05-17,47.2258938527778,-122.813320061111,"retain","WGS84",-2,"burlap",25,5,125,75,9.75,"156",780,6.24,10.4,"Rocky Bay","transect line that includes 3 test plots","zos_rest_ps__WDFW__Hart Crowser",80
"106","Joemma Beach State Park","Joemma Beach State Park North - north - HC - test - 2016","JSP_north","single",2016,NA,"line","Case Inlet","CPS","test","--",2016-05-17,47.225797075,-122.813012736111,"retain","WGS84",NA,NA,NA,NA,NA,NA,NA,NA,NA,NA,NA,NA,NA,"zos_rest_ps__WDFW__Hart Crowser",80
"107","Joemma Beach State Park","Joemma Beach State Park South - SE - HC - large 1 - 2016","JSP_south_P1","single",2016,NA,"polygon","Case Inlet","CPS","large scale","large scale",2016-07-25,47.2217974972222,-122.809876872222,"retain","WGS84",-1.5,"burlap",20,8,160,60,60,"960",20260,126.625,337.666666666667,"Rocky Bay",NA,"zos_rest_ps__WDFW__Hart Crowser",81
"108","Joemma Beach State Park","Joemma Beach State Park South - SW - HC - large 1 - 2016","JSP_south_P1","single",2016,NA,"polygon","Case Inlet","CPS","large scale","--",2016-07-25,47.2217420277778,-122.809974541667,"retain","WGS84",NA,NA,NA,NA,NA,NA,NA,NA,NA,NA,NA,NA,NA,"zos_rest_ps__WDFW__Hart Crowser",81
"109","Joemma Beach State Park","Joemma Beach State Park South - NE - HC - large 1 - 2016","JSP_south_P1","single",2016,NA,"polygon","Case Inlet","CPS","large scale","--",2016-07-25,47.221992,-122.809929,"retain","WGS84",NA,NA,NA,NA,NA,NA,NA,NA,NA,NA,NA,NA,NA,"zos_rest_ps__WDFW__Hart Crowser",81
"110","Joemma Beach State Park","Joemma Beach State Park South - NW - HC - large 1 - 2016","JSP_south_P1","single",2016,NA,"polygon","Case Inlet","CPS","large scale","--",2016-07-25,47.2219654472222,-122.810018908333,"retain","WGS84",NA,NA,NA,NA,NA,NA,NA,NA,NA,NA,NA,NA,NA,"zos_rest_ps__WDFW__Hart Crowser",81
"111","Joemma Beach State Park","Joemma Beach State Park - Mid - chia - 2016","JSP_chia_1","single",2016,NA,"point","Case Inlet","CPS","test","test",2016-05-24,NA,NA,"retain","WGS84",NA,"rebar",9,0.25,2.25,0.56,0.225,"9",360,160,642.857142857143,"DuPont Wharf","Planted 9, rebar quads (0.0625 m2) at the south end of Transect 3 at Joemma Beach State Park Mid South - PNNL - large - 2015.","dnr__DNR__unspecified",82
"112","Joemma Beach State Park","Joemma Beach State Park North - south - HC - test 1 - 2017","JSP_north_L1","single",2017,NA,"line","Case Inlet","CPS","test","test",2017-05-04,47.2262333333333,-122.8146,"retain","WGS84",-1.6,"turf",5,5,25,39,1.04,"104",1042,41.68,26.7179487179487,"Rocky Bay","Referred to as 'Joemma Beach State Park 1' in final report. Turfs plant 5-15 shoots per staple (X= ~10 shoots/staple b/c donor site was Rocky Bay). Estimated number of PUs at test-transplant site as 1042/10 = 104","zos_rest_ps__WDFW__Hart Crowser",83
"113","Joemma Beach State Park","Joemma Beach State Park North - north - HC - test 1 - 2017","JSP_north_L1","single",2017,NA,"line","Case Inlet","CPS","test","--",2017-05-04,47.2262666666667,-122.814666666667,"retain","WGS84",NA,NA,NA,NA,NA,NA,NA,NA,NA,NA,NA,NA,NA,"zos_rest_ps__WDFW__Hart Crowser",83
"114","Joemma Beach State Park","Joemma Beach State Park North - south - HC - test 2 - 2017","JSP_north_L2","single",2017,NA,"line","Case Inlet","CPS","test","test",2017-05-04,47.2262666666667,-122.814833333333,"retain","WGS84",-1.6,"turf",5,5,25,39,1.05,"105",1052,42.08,26.974358974359,"Rocky Bay","Referred to as 'Joemma Beach State Park 2' in final report. Turfs plant 5-15 shoots per staple (X= ~10 shoots/staple b/c donor site was Rocky Bay). Estimated number of PUs at test-transplant site as 1052/10 = 105","zos_rest_ps__WDFW__Hart Crowser",84
"115","Joemma Beach State Park","Joemma Beach State Park North - north - HC - test 2 - 2017","JSP_north_L2","single",2017,NA,"line","Case Inlet","CPS","test","--",2017-05-04,47.2263166666667,-122.814966666667,"retain","WGS84",NA,NA,NA,NA,NA,NA,NA,NA,NA,NA,NA,NA,NA,"zos_rest_ps__WDFW__Hart Crowser",84
"116","Joemma Beach State Park","Joemma Beach State Park South - SE - HC - large 2 - 2017","JSP_south_P2","single",2017,NA,"polygon","Case Inlet","CPS","large scale","large scale",2017-05-07,47.2215333333333,-122.809783333333,"drop","WGS84",-1.6,"turf",20,8,160,80,23.67,"2367",16570,103.5625,207.125,"Cutts Island","Referred to as 'Joemma Beach State Park 2' (large-scale site) in final report. Turfs plant 5-15 shoots per staple (X= ~7 shoots/staple b/c donor site was Cutts Island). Estimated number of PUs at test-transplant site as 16570/7 = 2367","zos_rest_ps__WDFW__Hart Crowser",85
"117","Joemma Beach State Park","Joemma Beach State Park South - SW - HC - large 2 - 2017","JSP_south_P2","single",2017,NA,"polygon","Case Inlet","CPS","large scale","--",2017-05-07,NA,NA,"drop","WGS84",NA,NA,NA,NA,NA,NA,NA,NA,NA,NA,NA,NA,"don't have gps coordinates","zos_rest_ps__WDFW__Hart Crowser",85
"118","Joemma Beach State Park","Joemma Beach State Park South - NE - HC - large 2 - 2017","JSP_south_P2","single",2017,NA,"polygon","Case Inlet","CPS","large scale","--",2017-05-07,47.2217333333333,-122.809933333333,"drop","WGS84",NA,NA,NA,NA,NA,NA,NA,NA,NA,NA,NA,NA,"don't have gps coordinates","zos_rest_ps__WDFW__Hart Crowser",85
"119","Joemma Beach State Park","Joemma Beach State Park South - NW - HC - large 2 - 2017","JSP_south_P2","single",2017,NA,"polygon","Case Inlet","CPS","large scale","--",2017-05-07,NA,NA,"drop","WGS84",NA,NA,NA,NA,NA,NA,NA,NA,NA,NA,NA,NA,"don't have gps coordinates","zos_rest_ps__WDFW__Hart Crowser",85
"120","Joemma Beach State Park","Joemma Beach State Park South - SE - HC - large 3 - 2017","JSP_south_P3","single",2017,NA,"polygon","Case Inlet","CPS","large scale","large scale",2017-05-19,47.22156,-122.80979,"retain","WGS84",-1.6,"turf",20,8,160,77.5,29.56,"2956",24734,154.5875,319.148387096774,"DuPont Wharf","Referred to as 'Joemma Beach State Park 4' (large-scale site) in final report. Turfs plant 5-15 shoots per staple (X= ~10 shoots/staple b/c donor site was Rocky Bay). Estimated number of PUs at test-transplant site as 11286/7 = 1612. Second half of site was planted with Rocky Bay plants (13448/10 shoots = 1344 PUs.)","zos_rest_ps__WDFW__Hart Crowser",86
"121","Joemma Beach State Park","Joemma Beach State Park South - SW - HC - large 3 - 2017","JSP_south_P3","single",2017,NA,"polygon","Case Inlet","CPS","large scale","--",2017-05-19,NA,NA,"drop","WGS84",NA,NA,NA,NA,NA,NA,NA,NA,NA,NA,NA,NA,NA,"zos_rest_ps__WDFW__Hart Crowser",86
"122","Joemma Beach State Park","Joemma Beach State Park South - NE - HC - large 3 - 2017","JSP_south_P3","single",2017,NA,"polygon","Case Inlet","CPS","large scale","--",2017-05-19,47.22176,-122.80991,"drop","WGS84",NA,NA,NA,NA,NA,NA,NA,NA,NA,NA,NA,NA,NA,"zos_rest_ps__WDFW__Hart Crowser",86
"123","Joemma Beach State Park","Joemma Beach State Park South - NW - HC - large 3 - 2017","JSP_south_P3","single",2017,NA,"polygon","Case Inlet","CPS","large scale","--",2017-05-19,NA,NA,"drop","WGS84",NA,NA,NA,NA,NA,NA,NA,NA,NA,NA,NA,NA,NA,"zos_rest_ps__WDFW__Hart Crowser",86
"124","Joemma Beach State Park","Joemma Beach State Park South - SE - HC - large 4 - 2017","JSP_south_P4","single",2017,NA,"polygon","Case Inlet","CPS","large scale","large scale",2017-05-22,47.2212075256,-122.8095941339,"retain","WGS84",-1.6,"turf",20,8,160,80,26.15,"2615",26149,163.43125,326.8625,"Rocky Bay","Referred to as 'Joemma Beach State Park 3' (large-scale site) in final report. Turfs plant 5-15 shoots per staple (X= ~7 shoots/staple b/c donor site was DuPont Wharf). Estimated number of PUs at test-transplant site as 26149/10 = 2615","zos_rest_ps__WDFW__Hart Crowser",87
"125","Joemma Beach State Park","Joemma Beach State Park South - SW - HC - large 4 - 2017","JSP_south_P4","single",2017,NA,"polygon","Case Inlet","CPS","large scale","--",2017-05-22,47.2211678792,-122.8096705768,"drop","WGS84",NA,NA,NA,NA,NA,NA,NA,NA,NA,NA,NA,NA,NA,"zos_rest_ps__WDFW__Hart Crowser",87
"126","Joemma Beach State Park","Joemma Beach State Park South - NE - HC - large 4 - 2017","JSP_south_P4","single",2017,NA,"polygon","Case Inlet","CPS","large scale","--",2017-05-22,47.22134,-122.8096,"drop","WGS84",NA,NA,NA,NA,NA,NA,NA,NA,NA,NA,NA,NA,NA,"zos_rest_ps__WDFW__Hart Crowser",87
"127","Joemma Beach State Park","Joemma Beach State Park South - NW - HC - large 4 - 2017","JSP_south_P4","single",2017,NA,"polygon","Case Inlet","CPS","large scale","--",2017-05-22,NA,NA,"drop","WGS84",NA,NA,NA,NA,NA,NA,NA,NA,NA,NA,NA,NA,NA,"zos_rest_ps__WDFW__Hart Crowser",87
"128","Joemma Beach State Park","Joemma Beach State Park Mid - DNR - BESE - AG - 1 - 2017","JSP_mid_AG1","single",2017,NA,"point","Case Inlet","CPS","test","test",2017-05-25,47.222461,-122.810239,"retain","WGS84",-1.15,"staple",1,1,1,0.008,0.015,"3",12,12,1500,"DuPont Wharf","Biodegradable ecosystem engineering elements (BESE) for Marjolijn Christianen, Wageningen University & Research, Netherlands. Overall area was 1 m2. Actual was 0.1 m2 (10 x 10 cm area in center of BESE. 3 planting units with 4 shoots each. DuPont Wharf shoots.","bese__DNR__unspecified",88
"129","Joemma Beach State Park","Joemma Beach State Park Mid - DNR - BESE - BG - 1 - 2017","JSP_mid_BG1","single",2017,NA,"point","Case Inlet","CPS","test","--",2017-05-25,47.222489,-122.810262,"retain","WGS84",NA,"staple",1,1,1,0.008,0.015,"3",12,12,1500,"DuPont Wharf","Biodegradable ecosystem engineering elements (BESE) for Marjolijn Christianen, Wageningen University & Research, Netherlands. Overall area was 1 m2. Actual was 0.1 m2 (10 x 10 cm area in center of BESE. 3 planting units with 4 shoots each. DuPont Wharf shoots.","bese__DNR__unspecified",88
"130","Joemma Beach State Park","Joemma Beach State Park Mid - DNR - BESE - C - 1 - 2017","JSP_mid_C1","single",2017,NA,"point","Case Inlet","CPS","test","--",2017-05-25,47.222512,-122.810267,"retain","WGS84",NA,"staple",1,1,1,0.008,0.015,"3",12,12,1500,"DuPont Wharf","Biodegradable ecosystem engineering elements (BESE) for Marjolijn Christianen, Wageningen University & Research, Netherlands. Overall area was 1 m2. Actual was 0.1 m2 (10 x 10 cm area in center of BESE. 3 planting units with 4 shoots each. DuPont Wharf shoots.","bese__DNR__unspecified",88
"131","Joemma Beach State Park","Joemma Beach State Park Mid - DNR - BESE - AG - 2 - 2017","JSP_mid_AG2","single",2017,NA,"point","Case Inlet","CPS","test","--",2017-05-25,47.222542,-122.810279,"retain","WGS84",NA,"staple",1,1,1,0.008,0.015,"3",12,12,1500,"DuPont Wharf","Biodegradable ecosystem engineering elements (BESE) for Marjolijn Christianen, Wageningen University & Research, Netherlands. Overall area was 1 m2. Actual was 0.1 m2 (10 x 10 cm area in center of BESE. 3 planting units with 4 shoots each. DuPont Wharf shoots.","bese__DNR__unspecified",88
"132","Joemma Beach State Park","Joemma Beach State Park Mid - DNR - BESE - C - 2 - 2017","JSP_mid_C2","single",2017,NA,"point","Case Inlet","CPS","test","--",2017-05-25,47.222552,-122.810293,"retain","WGS84",NA,"staple",1,1,1,0.008,0.015,"3",12,12,1500,"DuPont Wharf","Biodegradable ecosystem engineering elements (BESE) for Marjolijn Christianen, Wageningen University & Research, Netherlands. Overall area was 1 m2. Actual was 0.1 m2 (10 x 10 cm area in center of BESE. 3 planting units with 4 shoots each. DuPont Wharf shoots.","bese__DNR__unspecified",88
"133","Joemma Beach State Park","Joemma Beach State Park Mid - DNR - BESE - BG - 2 - 2017","JSP_mid_BG2","single",2017,NA,"point","Case Inlet","CPS","test","--",2017-05-25,47.222596,-122.810309,"retain","WGS84",NA,"staple",1,1,1,0.008,0.015,"3",12,12,1500,"DuPont Wharf","Biodegradable ecosystem engineering elements (BESE) for Marjolijn Christianen, Wageningen University & Research, Netherlands. Overall area was 1 m2. Actual was 0.1 m2 (10 x 10 cm area in center of BESE. 3 planting units with 4 shoots each. DuPont Wharf shoots.","bese__DNR__unspecified",88
"134","Joemma Beach State Park","Joemma Beach State Park Mid - DNR - BESE - C - 3 - 2017","JSP_mid_C3","single",2017,NA,"point","Case Inlet","CPS","test","--",2017-05-25,47.222612,-122.810312,"retain","WGS84",NA,"staple",1,1,1,0.008,0.015,"3",12,12,1500,"DuPont Wharf","Biodegradable ecosystem engineering elements (BESE) for Marjolijn Christianen, Wageningen University & Research, Netherlands. Overall area was 1 m2. Actual was 0.1 m2 (10 x 10 cm area in center of BESE. 3 planting units with 4 shoots each. DuPont Wharf shoots.","bese__DNR__unspecified",88
"135","Joemma Beach State Park","Joemma Beach State Park Mid - DNR - BESE - BG - 3 - 2017","JSP_mid_BG3","single",2017,NA,"point","Case Inlet","CPS","test","--",2017-05-25,47.222638,-122.810339,"retain","WGS84",NA,"staple",1,1,1,0.008,0.015,"3",12,12,1500,"DuPont Wharf","Biodegradable ecosystem engineering elements (BESE) for Marjolijn Christianen, Wageningen University & Research, Netherlands. Overall area was 1 m2. Actual was 0.1 m2 (10 x 10 cm area in center of BESE. 3 planting units with 4 shoots each. DuPont Wharf shoots.","bese__DNR__unspecified",88
"136","Joemma Beach State Park","Joemma Beach State Park Mid - DNR - BESE - C - 4 - 2017","JSP_mid_C4","single",2017,NA,"point","Case Inlet","CPS","test","--",2017-05-25,47.22272,-122.810386,"retain","WGS84",NA,"staple",1,1,1,0.008,0.015,"3",12,12,1500,"DuPont Wharf","Biodegradable ecosystem engineering elements (BESE) for Marjolijn Christianen, Wageningen University & Research, Netherlands. Overall area was 1 m2. Actual was 0.1 m2 (10 x 10 cm area in center of BESE. 3 planting units with 4 shoots each. DuPont Wharf shoots.","bese__DNR__unspecified",88
"137","Joemma Beach State Park","Joemma Beach State Park Mid - DNR - BESE - BG - 4 - 2017","JSP_mid_BG4","single",2017,NA,"point","Case Inlet","CPS","test","--",2017-05-25,47.222659,-122.810361,"retain","WGS84",NA,"staple",1,1,1,0.008,0.015,"3",12,12,1500,"DuPont Wharf","Biodegradable ecosystem engineering elements (BESE) for Marjolijn Christianen, Wageningen University & Research, Netherlands. Overall area was 1 m2. Actual was 0.1 m2 (10 x 10 cm area in center of BESE. 3 planting units with 4 shoots each. DuPont Wharf shoots.","bese__DNR__unspecified",88
"138","Joemma Beach State Park","Joemma Beach State Park Mid - DNR - BESE - AG - 3 - 2017","JSP_mid_AG3","single",2017,NA,"point","Case Inlet","CPS","test","--",2017-05-25,47.222688,-122.810372,"retain","WGS84",NA,"staple",1,1,1,0.008,0.015,"3",12,12,1500,"DuPont Wharf","Biodegradable ecosystem engineering elements (BESE) for Marjolijn Christianen, Wageningen University & Research, Netherlands. Overall area was 1 m2. Actual was 0.1 m2 (10 x 10 cm area in center of BESE. 3 planting units with 4 shoots each. DuPont Wharf shoots.","bese__DNR__unspecified",88
"139","Joemma Beach State Park","Joemma Beach State Park Mid - DNR - BESE - AG - 4 - 2017","JSP_mid_AG4","single",2017,NA,"point","Case Inlet","CPS","test","--",2017-05-25,47.222733,-122.8104,"retain","WGS84",NA,"staple",1,1,1,0.008,0.015,"3",12,12,1500,"DuPont Wharf","Biodegradable ecosystem engineering elements (BESE) for Marjolijn Christianen, Wageningen University & Research, Netherlands. Overall area was 1 m2. Actual was 0.1 m2 (10 x 10 cm area in center of BESE. 3 planting units with 4 shoots each. DuPont Wharf shoots.","bese__DNR__unspecified",88
"140","Joemma Beach State Park","Joemma Beach State Park North - SE - DNR - methods - 2017","JSP_north_P1","single",2017,NA,"polygon","Case Inlet","CPS","test","test",2017-05-26,47.22601,-122.81377,"drop","WGS84",NA,"burlap",10,4,40,1.25,0.1875,"3",90,2.25,72,"DuPont Wharf","overall area was 10 m x 4 m (40 m2), Actual area was 5 m2 (20, 0.25 m2 plots)","zos_rest_methods__DNR__unspecified",89
"141","Joemma Beach State Park","Joemma Beach State Park North - SW - DNR - methods - 2017","JSP_north_P1","single",2017,NA,"polygon","Case Inlet","CPS","test","--",2017-05-26,NA,NA,"drop","WGS84",NA,"washer",10,4,40,1.25,0.0225,"9",90,2.25,72,"DuPont Wharf",NA,"zos_rest_methods__DNR__unspecified",89
"142","Joemma Beach State Park","Joemma Beach State Park North - NE - DNR - methods - 2017","JSP_north_P1","single",2017,NA,"polygon","Case Inlet","CPS","test","--",2017-05-26,47.22597,-122.81366,"drop","WGS84",NA,"staple",10,4,40,1.25,0.045,"9",90,2.25,72,"DuPont Wharf",NA,"zos_rest_methods__DNR__unspecified",89
"143","Joemma Beach State Park","Joemma Beach State Park North - NW - DNR - methods - 2017","JSP_north_P1","single",2017,NA,"polygon","Case Inlet","CPS","test","--",2017-05-26,NA,NA,"drop","WGS84",NA,"rebar",10,4,40,1.25,0.075,"3",90,2.25,72,"DuPont Wharf",NA,"zos_rest_methods__DNR__unspecified",89
"144","Joemma Beach State Park","Joemma Beach State Park Mid - SE - DNR - methods - 2017","JSP_mid_P1","single",2017,NA,"polygon","Case Inlet","CPS","test","test",2017-05-26,47.22277,-122.81052,"drop","WGS84",NA,"burlap",10,4,40,1.25,0.1875,"3",90,2.25,72,"DuPont Wharf","overall area was 10 m x 4 m (40 m2), Actual area was 5 m2 (20, 0.25 m2 plots)","zos_rest_methods__DNR__unspecified",90
"145","Joemma Beach State Park","Joemma Beach State Park Mid - SW - DNR - methods - 2017","JSP_mid_P1","single",2017,NA,"polygon","Case Inlet","CPS","test","--",2017-05-26,NA,NA,"drop","WGS84",NA,"washer",10,4,40,1.25,0.0225,"9",90,2.25,72,"DuPont Wharf",NA,"zos_rest_methods__DNR__unspecified",90
"146","Joemma Beach State Park","Joemma Beach State Park Mid - NE - DNR - methods - 2017","JSP_mid_P1","single",2017,NA,"polygon","Case Inlet","CPS","test","--",2017-05-26,47.22284,-122.81056,"drop","WGS84",NA,"staple",10,4,40,1.25,0.045,"9",90,2.25,72,"DuPont Wharf",NA,"zos_rest_methods__DNR__unspecified",90
"147","Joemma Beach State Park","Joemma Beach State Park Mid - NW - DNR - methods - 2017","JSP_mid_P1","single",2017,NA,"polygon","Case Inlet","CPS","test","--",2017-05-26,NA,NA,"drop","WGS84",NA,"rebar",10,4,40,1.25,0.075,"3",90,2.25,72,"DuPont Wharf",NA,"zos_rest_methods__DNR__unspecified",90
"148","Joemma Beach State Park","Joemma Beach State Park South - SE - DNR - methods - 2017","JSP_south_P5","single",2017,NA,"polygon","Case Inlet","CPS","test","test",2017-05-26,47.22108,-122.80929,"retain","WGS84",NA,"burlap",10,4,40,1.25,0.1875,"3",90,2.25,72,"DuPont Wharf","overall area was 10 m x 4 m (40 m2), Actual area was 5 m2 (20, 0.25 m2 plots)","zos_rest_methods__DNR__unspecified",91
"149","Joemma Beach State Park","Joemma Beach State Park South - SW - DNR - methods - 2017","JSP_south_P5","single",2017,NA,"polygon","Case Inlet","CPS","test","--",2017-05-26,47.22107,-122.80933,"retain","WGS84",NA,"washer",10,4,40,1.25,0.0225,"9",90,2.25,72,"DuPont Wharf",NA,"zos_rest_methods__DNR__unspecified",91
"150","Joemma Beach State Park","Joemma Beach State Park South - NE - DNR - methods - 2017","JSP_south_P5","single",2017,NA,"polygon","Case Inlet","CPS","test","--",2017-05-26,47.22118,-122.80933,"retain","WGS84",NA,"staple",10,4,40,1.25,0.045,"9",90,2.25,72,"DuPont Wharf",NA,"zos_rest_methods__DNR__unspecified",91
"151","Joemma Beach State Park","Joemma Beach State Park South - NW - DNR - methods - 2017","JSP_south_P5","single",2017,NA,"polygon","Case Inlet","CPS","test","--",2017-05-26,47.22111,-122.80936,"retain","WGS84",NA,"rebar",10,4,40,1.25,0.075,"3",90,2.25,72,"DuPont Wharf",NA,"zos_rest_methods__DNR__unspecified",91
"152","Joemma Beach State Park","Joemma Beach State Park Mid South - PNNL - large - T4-5 - 2015","JSP_mid_south_2","single",2017,NA,"point","Case Inlet","CPS","test","test",2017-05-28,NA,NA,"drop","WGS84",NA,"rebar",4,0.25,1,1,0.1,"4",80,80,80,"DuPont Wharf","4, 50 cm long rebar with 20 shoots attached to each placed between Transects 4 & 5 of JBSP Mid South - PNNL - large - 2015, approximately 10 m from southern end of transects.","dnr__DNR__unspecified",92
"153","Joemma Beach State Park","Joemma Beach State Park Mid South - PNNL - large - T4-5 - 2015","JSP_mid_south_2","single",2017,NA,"point","Case Inlet","CPS","test","test",2017-05-28,NA,NA,"drop","WGS84",NA,"rebar",4,0.25,1,1,0.1,"4",100,100,100,"DuPont Wharf","4, 50 cm long rebar with 20 shoots attached to each placed between Transects 4 & 5 of JBSP Mid South - PNNL - large - 2015. About 5 meters north of southern extent of Transects 4 & 5.","dnr__DNR__unspecified",93
"154","Joemma Beach State Park","Joemma Beach State Park Mid South - PNNL - large - T4-5 - 2015","JSP_mid_south_2","single",2017,NA,"point","Case Inlet","CPS","test","test",2017-05-28,NA,NA,"drop","WGS84",NA,"rebar",2,0.25,0.5,0.5,0.05,"2",50,100,100,"DuPont Wharf","2, 50 cm long rebar with 20 shoots attached to each placed between Transects 4 & 5 of JBSP Mid South - PNNL - large - 2015. Most southern extent of Transects 4 & 5.","dnr__DNR__unspecified",94
"155","Joemma Beach State Park","Joemma Beach State Park Mid South - PNNL - large - T4-5 - 2015","JSP_mid_south_2","single",2017,NA,"point","Case Inlet","CPS","test","test",2017-05-28,NA,NA,"drop","WGS84",NA,"burlap",2,0.25,0.5,0.5,0.125,"2",50,100,100,"DuPont Wharf","2, 40 cm long burlap strips with 20 shoots attached to each placed between Transects 4 & 5 of JBSP Mid South - PNNL - large - 2015. Most southern extent of Transects 4 & 5.","dnr__DNR__unspecified",95
"156","Joemma Beach State Park","Joemma Beach State Park Mid South - PNNL - large - T4-5 - 2015","JSP_mid_south_2","single",2018,NA,"point","Case Inlet","CPS","test","test",2018-06-13,NA,NA,"drop","WGS84",NA,"rebar",4,0.25,1,0.25,0.1,"4",100,100,400,"DuPont Wharf","4, 50 cm long rebar with 20 shoots attached to each placed between Transects 4 & 5 of JBSP Mid South - PNNL - large - 2015, approximately 15 m from southern end of transects. These planting are in addition to 2017 plantings between Transects 4 & 5.","dnr__DNR__unspecified",96
"157","Joemma Beach State Park","Joemma Beach State Park Mid South - PNNL - large - T3-4 - 2015","JSP_mid_south_1","single",2018,NA,"point","Case Inlet","CPS","test","test",2018-06-13,NA,NA,"drop","WGS84",NA,"rebar",3,0.25,0.75,0.25,0.075,"3",75,100,300,"DuPont Wharf","3, 50 cm long rebar with 20 shoots attached to each placed between Transects 3 & 4 of JBSP Mid South - PNNL - large - 2015. These plantings are new and between transects 3 & 4.","dnr__DNR__unspecified",97
"158","Joemma Beach State Park","Joemma Beach State Park - Mid - Rebar 1 - 2018","JSP_mid_1","colocated",2018,NA,"point","Case Inlet","CPS","test","test",2018-07-14,47.22247,-122.81049,"retain","WGS84",NA,"rebar",0.5,0.5,0.25,0.25,0.075,"3",63,252,252,"DuPont Wharf","Southern most replicate. Transplanted 3, 50 cm long lengths of rebar with 21 shoots each in a 0.25 m2 area.  3 replicates total along a 16 m transect between the north and south points.","dnr__DNR__unspecified",98
"159","Joemma Beach State Park","Joemma Beach State Park - Mid - Puck 1 - 2018","JSP_mid_1","colocated",2018,NA,"point","Case Inlet","CPS","test","test",2018-07-14,47.22247,-122.81049,"retain","WGS84",NA,"pucks",0.5,0.5,0.25,0.25,0.07065,"9",63,252,252,"DuPont Wharf","Transplanted 9 ceramic pucks with 7 shoots per puck in a 0.25 m2 area. 3 replicates total along a 16 m transect between the north and south points.","dnr__DNR__unspecified",99
"160","Joemma Beach State Park","Joemma Beach State Park - Mid - Puck 2 - 2018","JSP_mid_2","single",2018,NA,"point","Case Inlet","CPS","test","test",2018-07-14,NA,NA,"drop","WGS84",NA,"pucks",0.5,0.5,0.25,0.25,0.07065,"9",63,252,252,"DuPont Wharf","Transplanted 9 ceramic pucks with 7 shoots per puck in a 0.25 m2 area. 3 replicates total along a 16 m transect between the north and south points.","dnr__DNR__unspecified",100
"161","Joemma Beach State Park","Joemma Beach State Park - Mid - Rebar 2 - 2018","JSP_mid_2","single",2018,NA,"point","Case Inlet","CPS","test","test",2018-07-14,NA,NA,"drop","WGS84",NA,"rebar",0.5,0.5,0.25,0.25,0.075,"3",63,252,252,"DuPont Wharf","Transplanted 3, 50 cm long lengths of rebar with 21 shoots each in a 0.25 m2 area.  3 replicates total along a 16 m transect between the north and south points.","dnr__DNR__unspecified",101
"162","Joemma Beach State Park","Joemma Beach State Park - Mid - Rebar 3 - 2018","JSP_mid_3","colocated",2018,NA,"point","Case Inlet","CPS","test","test",2018-07-14,47.22262,-122.81053,"retain","WGS84",NA,"rebar",0.5,0.5,0.25,0.25,0.075,"3",63,252,252,"DuPont Wharf","Transplanted 3, 50 cm long lengths of rebar with 21 shoots each in a 0.25 m2 area.  3 replicates total along a 16 m transect between the north and south points..","dnr__DNR__unspecified",102
"163","Joemma Beach State Park","Joemma Beach State Park - Mid - Puck 3 - 2018","JSP_mid_3","single",2018,NA,"point","Case Inlet","CPS","test","test",2018-07-14,47.22262,-122.81053,"retain","WGS84",NA,"pucks",0.5,0.5,0.25,0.25,0.07065,"9",63,252,252,"DuPont Wharf","Northern most replicate. Transplanted 9 ceramic pucks with 7 shoots per puck in a 0.25 m2 area. 3 replicates total along a 16 m transect between the north and south points.","dnr__DNR__unspecified",103
"164","Joemma Beach State Park","Joemma Beach State Park - Mid - test - 2020","JSP_mid_4","single",2020,NA,"point","Case Inlet","CPS","test","test",2020-07-06,47.22259,-122.81049,"retain","WGS84",-1.3,"rebar",8,0.5,4,1,0.3,"12",240,60,240,"Dumas Bay","Planted 4, 0.25 m2 plots of 3 rebar each with Dumas Bay Zm just shoreward of the 2018 Rebar-Puck transplants.","dnr__DNR__unspecified",104
"165","Joemma Beach State Park","Joemma Beach State Park South of South- PNNL - test - 2020","WHB_test_1","single",2020,NA,"point","Case Inlet","CPS","test","test",2020-06-29,47.20773,-122.80525,"retain","WGS84",-1.9,"rebar",2.5,2.5,6.25,5,0.5,"20",500,80,100,"Rocky Bay","130deg az, sed sandy, wispy ulva, 15' depth baseline and 17' depth offshore at 1235, Whiskey Beach Ct SW is the nearest road so planting location is WHB_test_1","zos_rec_ps__USACE__PNNL",105
"166","Joemma Beach State Park","Joemma Beach State Park - Mid - Rebar - 2021","JSP_south_test","single",2021,NA,"point","Case Inlet","CPS","test","test",2021-06-25,NA,NA,"retain","WGS84",-1.5,"rebar",3.5,0.5,1.75,2.25,0.225,"9",135,77.1428571428571,60,"DuPont Wharf","Planted just south of Joemma Beach State Park South - SE - HC - large 1 - 2016.","dnr__DNR__unspecified",106
"167","Joemma Beach State Park","Joemma Beach State Park - Mid - Rebar - 2022","JSP_mid_connect","single",2022,NA,"point","Case Inlet","CPS","test","test",2022-06-17,NA,NA,"retain","WGS84",-1.5,"rebar",2.5,0.5,1.25,1.75,0.375,"15",180,144,102.857142857143,"DuPont Wharf","Planted north of Joemma Beach State Park - Mid - Rebar - 2021. 4 plots of 3 rebar to a small patch of Zm, then 1 plot of 3 rebar to connect with a patch of Zm from the Joemma Beach State Park South - SE - HC - large 1 - 2016 site for a total of 15 rebar over 5, 0.25 m2 plots.","dnr__DNR__unspecified",107
"168","Joemma Beach State Park","Joemma Beach State Park - Mid - offshore HC 2016 - Rebar - 2022","HC_off_1","single",2022,NA,"point","Case Inlet","CPS","test","test",2022-06-17,NA,NA,"retain","WGS84",-1.5,"rebar",1,0.5,0.5,0.25,0.15,"6",48,96,192,"DuPont Wharf","Planted 6,  50 cm long rebar with 12 shoots from DuPont Wharf attached to each to form a 0.25 m2 patch just offshore of the HC 2016 large scale plot that planted Rocky Point eelgrass.","dnr__DNR__unspecified",108
"169","Joemma Beach State Park","Joemma Beach State Park - Mid - offshore HC 2016 - Rebar - 2025","HC_off_2","single",2025,NA,"point","Case Inlet","CPS","test","test",2025-07-10,NA,NA,"retain","WGS84",-1.5,"rebar",32,0.5,16,16,0.8,"32",700,43.75,43.75,"DuPont Wharf","planted 32, 50 cm long rebar with ~20 shoots from DuPont Wharf attached to each length. 1 rebar was planted at 0.5 m and then every 0.5 m thereafter to reach 16.5 m along a tape between a helical to the south with a donut toggle and another helical at PNNL 2015 deep.","dnr__DNR__unspecified",109
"170","Key Peninsula","Dog Camp - PNNL - test - 2020","KYP_dog1","single",2020,NA,"point","Drayton Passage","CPS","test","test",2020-06-30,47.17703,-122.7462833,"retain","WGS84",-1.7,"rebar",2.5,2.5,6.25,4.75,0.15,"19",475,76,100,"Anderson Island","300 deg az, deep sand good current to keep algae away* this was at the slack tide","zos_rec_ps__USACE__PNNL",110
"171","Liberty Bay","Liberty Bay East - PNNL - test - 2013","LBT_east","single",2013,"Thom, RM, and L Hallum. 1990. Long‐term changes in the areal extent of tidal marshes, eelgrass meadows, and kelp forests of Puget Sound. FRI‐UW‐9008, Fisheries Research Institute, School of Fisheries, University of Washington, Seattle. Pp. 110.","point","Liberty Bay","CPS","test","test",2013-06-07,47.7037833333333,-122.60515,"retain","WGS84",-1.524,"staple",6,6,36,36,0.9,"180",720,20,20,"Sandy Hook",NA,"twentypc__WDFW__PNNL",111
"172","Liberty Bay","Liberty Bay West - PNNL - test - 2013","LBT_west","single",2013,"Thom, RM, and L Hallum. 1990. Long‐term changes in the areal extent of tidal marshes, eelgrass meadows, and kelp forests of Puget Sound. FRI‐UW‐9008, Fisheries Research Institute, School of Fisheries, University of Washington, Seattle. Pp. 110.","point","Liberty Bay","CPS","test","test",2013-06-07,47.71,-122.614016666667,"retain","WGS84",-1.6764,"staple",5,6,30,30,0.75,"150",600,20,20,"Sandy Hook",NA,"twentypc__WDFW__PNNL",112
"173","McDermott Point","McDermott Point South - south - HC - test - 2017","MCD_south_L1","single",2017,"Thom, RM, and L Hallum. 1990. Long‐term changes in the areal extent of tidal marshes, eelgrass meadows, and kelp forests of Puget Sound. FRI‐UW‐9008, Fisheries Research Institute, School of Fisheries, University of Washington, Seattle. Pp. 110.","line","Drayton Passage","CPS","test","test",2017-05-04,47.1986167,-122.7392667,"retain","WGS84",-1.6,"turf",5,5,25,39,0.99,"99",998,39.92,25.5897435897436,"Rocky Bay","Turfs plant 5-15 shoots per staple (X= ~10 shoots/staple b/c donor site was Rocky Bay). Estimated number of PUs at test-transplant site as 998/10 = 99. Referred to in report as McDermott Point 1.","zos_rest_ps__WDFW__Hart Crowser",113
"174","McDermott Point","McDermott Point South - north - HC - test - 2017","MCD_south_L1","single",2017,"Thom, RM, and L Hallum. 1990. Long‐term changes in the areal extent of tidal marshes, eelgrass meadows, and kelp forests of Puget Sound. FRI‐UW‐9008, Fisheries Research Institute, School of Fisheries, University of Washington, Seattle. Pp. 110.","line","Drayton Passage","CPS","test","--",2017-05-04,47.1986833,-122.7392333,"retain","WGS84",NA,NA,NA,NA,NA,NA,NA,NA,NA,NA,NA,NA,NA,"zos_rest_ps__WDFW__Hart Crowser",113
"175","McDermott Point","McDermott Point North - south - HC - test - 2017","MCD_north_L1","single",2017,"Thom, RM, and L Hallum. 1990. Long‐term changes in the areal extent of tidal marshes, eelgrass meadows, and kelp forests of Puget Sound. FRI‐UW‐9008, Fisheries Research Institute, School of Fisheries, University of Washington, Seattle. Pp. 110.","line","Drayton Passage","CPS","test","test",2017-05-04,47.1989833,-122.7391667,"retain","WGS84",-1.6,"turf",5,5,25,39,0.99,"99",994,39.76,25.4871794871795,"Rocky Bay","Turfs plant 5-15 shoots per staple (X= ~10 shoots/staple b/c donor site was Rocky Bay). Estimated number of PUs at test-transplant site as 994/10 = 99. Referred to in report as McDermott Point 1.","zos_rest_ps__WDFW__Hart Crowser",114
"176","McDermott Point","McDermott Point North - north - HC - test - 2017","MCD_north_L1","single",2017,"Thom, RM, and L Hallum. 1990. Long‐term changes in the areal extent of tidal marshes, eelgrass meadows, and kelp forests of Puget Sound. FRI‐UW‐9008, Fisheries Research Institute, School of Fisheries, University of Washington, Seattle. Pp. 110.","line","Drayton Passage","CPS","test","--",2017-05-04,47.1990333,-122.7391333,"retain","WGS84",NA,NA,NA,NA,NA,NA,NA,NA,NA,NA,NA,NA,NA,"zos_rest_ps__WDFW__Hart Crowser",114
"177","McDermott Point","McDermott Point - PNNL - test - 2020","MCD_1","single",2020,"Thom, RM, and L Hallum. 1990. Long‐term changes in the areal extent of tidal marshes, eelgrass meadows, and kelp forests of Puget Sound. FRI‐UW‐9008, Fisheries Research Institute, School of Fisheries, University of Washington, Seattle. Pp. 110.","point","Drayton Passage","CPS","test","test",2020-06-30,47.19813,-122.7396,"retain","WGS84",-1.7,"rebar",2.5,2.5,6.25,5,0.15,"20",500,80,100,"Anderson Island","200deg az , sandy with patchy ulva but not much, fist-sized pockmarks possibly bivalves","zos_rec_ps__USACE__PNNL",115
"178","McNeil Island","McNeil Island - north - PNNL - test - 2015","MCN_north","single",2015,NA,"point","Carr Inlet","CPS","test","test",2015-02-26,47.2247333333333,-122.6731,"retain","WGS84",-0.762,"staple",5,5,25,25,0.625,"125",500,20,20,"Ketron Island",NA,"zos_rest_ps__DNR__PNNL",116
"179","McNeil Island","South Shore -PNNL - test - 1 - (eastern most) - 2016","MCN_south_1","single",2016,NA,"point","Carr Inlet","CPS","test","test",2016-09-21,47.1915333333333,-122.6719,"retain","WGS84",-1.58496,"rebar",2.5,2.5,6.25,5,0.15,"20",500,80,100,"Sandy Point",NA,"zos_rec_ps__USFWS__PNNL",117
"180","McNeil Island","South Shore - PNNL - test - 2  - (middle) - 2016","MCN_south_2","single",2016,NA,"point","Carr Inlet","CPS","test","test",2016-09-21,47.1916,-122.671083333333,"retain","WGS84",-1.76784,"rebar",2.5,2.5,6.25,5,0.5,"20",500,80,100,"Sandy Point",NA,"zos_rec_ps__USFWS__PNNL",118
"181","McNeil Island","South Shore - PNNL - test - 3  - (western most) - 2016","MCN_south_3","single",2016,NA,"point","Carr Inlet","CPS","test","test",2016-09-21,47.19245,-122.66495,"retain","WGS84",-1.70688,"rebar",2.5,2.5,6.25,5,0.5,"20",500,80,100,"Sandy Point",NA,"zos_rec_ps__USFWS__PNNL",119
"182","McNeil Island","Still Harbor - PNNL - test - 1  - (southern most) - 2016","MCN_still_1","single",2016,NA,"point","Carr Inlet","CPS","test","test",2016-09-21,47.2184833333333,-122.667866666667,"retain","WGS84",-1.8288,"rebar",2.5,2.5,6.25,5,0.5,"20",500,80,100,"Sandy Point",NA,"zos_rec_ps__USFWS__PNNL",120
"183","McNeil Island","Still Harbor - PNNL - test - 2  - rebar (northern most) - 2016","MCN_still_2","colocated",2016,NA,"point","Carr Inlet","CPS","test","test",2016-09-21,47.2203333333333,-122.667266666667,"retain","WGS84",-1.76784,"rebar",2.5,2,5,5,0.5,"20",500,100,100,"Sandy Point","side by side plantings using 2 methods.","zos_rec_ps__USFWS__PNNL",121
"184","McNeil Island","Still Harbor - PNNL - test - 2  - staple (northern most) - 2016","MCN_still_2","colocated",2016,NA,"point","Carr Inlet","CPS","test","test",2016-09-21,47.2203333333333,-122.667266666667,"retain","WGS84",-1.76784,"staple",2.5,2,5,5,0.625,"125",500,100,100,"Sandy Point","side by side plantings using 2 methods.","zos_rec_ps__USFWS__PNNL",122
"185","McNeil Island","McNeil Island North - PNNL - test - 1 - 2017","MCN_north_2","single",2017,NA,"point","Carr Inlet","CPS","test","test",2017-06-07,47.2320166666667,-122.6975,"retain","WGS84",-1.2,"rebar",2.5,2,5,5,0.5,"20",500,100,100,"Thompson Cove",NA,"zos_rec_ps__USFWS__PNNL",123
"186","McNeil Island","McNeil Island North - PNNL - test - 2 - 2017","MCN_North_3","single",2017,NA,"point","Carr Inlet","CPS","test","test",2017-06-07,47.23215,-122.697533333333,"retain","WGS84",-1.7,"rebar",2.5,2,5,5,0.5,"20",500,100,100,"Thompson Cove",NA,"zos_rec_ps__USFWS__PNNL",124
"187","McNeil Island","McNeil Island South - mid plot - PNNL - large - 2017","MCN_south_L2","single",2017,NA,"line","Carr Inlet","CPS","large scale","large scale",2017-07-06,47.1916,-122.6711,"retain","WGS84",-2.4,"rebar",24,5,120,58.25,5.825,"233",5825,48.5416666666667,100,"Thompson Cove",NA,"zos_rec_ps__USFWS__PNNL",125
"188","McNeil Island","McNeil Island South - mid plot - PNNL - large - 2017","MCN_south_L2","single",2017,NA,"line","Carr Inlet","CPS","large scale","--",2017-07-06,47.19166,-122.67078,"retain","WGS84",NA,NA,NA,NA,NA,NA,NA,NA,NA,NA,NA,NA,NA,"zos_rec_ps__USFWS__PNNL",125
"189","McNeil Island","McNeil Island South - east plot - PNNL - large - 2017","MCN_south_L1","single",2017,NA,"line","Carr Inlet","CPS","large scale","large scale",2017-07-07,47.19245,-122.66495,"retain","WGS84",-0.6,"rebar",8,5,40,20,2,"80",2000,50,100,"Thompson Cove","screw anchor at 0m and 16.5 m but only planted through 7.5m  because test plot not as successful as other test plots","zos_rec_ps__USFWS__PNNL",126
"190","McNeil Island","McNeil Island South - east plot - PNNL - large - 2017","MCN_south_L1","single",2017,NA,"line","Carr Inlet","CPS","large scale","--",2017-07-07,47.19248,-122.66474,"retain","WGS84",NA,NA,NA,NA,NA,NA,NA,NA,NA,NA,NA,NA,NA,"zos_rec_ps__USFWS__PNNL",126
"191","McNeil Island","McNeil Island South - west plot - PNNL - large - 2017","MCN_south_L3","single",2017,NA,"line","Carr Inlet","CPS","large scale","large scale",2017-07-08,47.19153,-122.6719,"retain","WGS84",-1.6,"rebar",16,5,80,40,4,"160",4000,50,100,"Thompson Cove","screw anchors at 0m and 25m","zos_rec_ps__USFWS__PNNL",127
"192","McNeil Island","McNeil Island South - west plot - PNNL - large - 2017","MCN_south_L3","single",2017,NA,"line","Carr Inlet","CPS","large scale","--",2017-07-08,47.19147,-122.67221,"retain","WGS84",NA,NA,NA,NA,NA,NA,NA,NA,NA,NA,NA,NA,NA,"zos_rec_ps__USFWS__PNNL",127
"193","Milwaukee Dock","Milwaukee Dock southern depression - PNNL - test - anchor1 - 2017","MIL_1","single",2017,NA,"point","Eagle Harbor","CPS","test","test",2017-08-31,47.61687,-122.49728,"retain","WGS84",-2.4,"rebar",2.5,2.5,6.25,4.5,0.45,"18",450,72,100,"Creosote Point","Testing to see if rebar will hold better than failed staples at this site. See planting diagram","zos_rec_ps__USFWS__PNNL",128
"194","Milwaukee Dock","Milwaukee Dock southern depression - PNNL - test - anchor3 - 2017","MIL_3","single",2017,NA,"point","Eagle Harbor","CPS","test","test",2017-08-31,47.61683,-122.49723,"retain","WGS84",-2.4,"rebar",2.5,2.5,6.25,5,0.5,"20",500,80,100,"Creosote Point","Testing to see if rebar will hold better than failed staples at this site. See planting diagram","zos_rec_ps__USFWS__PNNL",129
"195","Myrtle Edwards","Myrtle Edwards - DNR - test - DW - 2021","MRE_1","single",2021,NA,"point","Elliott Bay","CPS","test","test",2021-05-28,47.62046,-122.36398,"retain","WGS84",-1.5,"rebar",1.5,1,1.5,3.75,0.375,"15",300,200,80,"DuPont Wharf","planted 5, 0.25 m2 plots of 3 rebar each with DuPont Wharf Zm. 2 plots 1.4 m south of light sensor adjacent to 2 plots of Dumas Bay Zm. One plot shallow with the other plot deep. The other 3 plots were 1.4 m north of the light sensor. 2 plots parallel to shore at the same depth, with 1 plot adjacent but deeper to make an ""L"". Dumas Bay Zm test plots completed the 1 x 1 m2 plot and then a second Dumas Bay test plot was added shallow and adjacent to the 2 DuPont Wharf Zm test plots.","kingco__KingCounty__unspecified",130
"196","Myrtle Edwards","Myrtle Edwards - DNR - test - DB - 2021","MRE_1","single",2021,NA,"point","Elliott Bay","CPS","test","test",2021-05-28,47.62046,-122.36398,"retain","WGS84",-1.5,"rebar",1,1,1,3,0.3,"12",240,240,80,"Dumas Bay","planted 4, 0.25 m2 plots of 3 rebar each with Dumas Bay Zm. 2 plots 1.4 m south of light sensor adjacent to 2 plots of DuPont Wharf Zm. One plot shallow with the other plot deep. The other 2 plots were 1.4 m north of light sensor, 1 plot shallow, 1 plot deep.","kingco__KingCounty__unspecified",131
"197","Myrtle Edwards","Myrtle Edwards - DNR - test 1 - DW - 2022","MRE_2","single",2022,NA,"point","Elliott Bay","CPS","test","test",2022-05-17,47.62046,-122.36398,"retain","WGS84",-1.5,"rebar",1,0.5,0.5,1.5,0.15,"6",120,240,80,"DuPont Wharf","planted 2, 0.25 m2 plots of 3 rebar each with DuPont Wharf Zm near remaining 3 shoots from 2021 test transplant. Transplants were adjacent to rip rap.","kingco__KingCounty__unspecified",132
"198","Myrtle Edwards","Myrtle Edwards - DNR - test 2 - DW - 2022","MRE_2","single",2022,NA,"point","Elliott Bay","CPS","test","test",2022-05-17,NA,NA,"retain","WGS84",-1.6,"rebar",2.5,1,2.5,7.75,0.775,"31",620,248,80,"DuPont Wharf","planted 10, 0.25 m2 plots of 3 rebar each with DuPont Wharf Zm 16 m southeast of the 2021 test transplants, adjacent to the sandy beach of Myrtle Edwards Park. Transplants were set up as a shallow 0.25 m2 plot with 3 rebar and an adjacent and deeper 0.25 m2 plot with 3 rebar. There were 5 rows of these from shallow to deep with 1 rebar placed in the middle between rows 2 and 3.","kingco__KingCounty__unspecified",133
"199","Ostrich Bay","Ostrich Bay - PNNL - test - 2015","OST","single",2015,NA,"point","Dyes Inlet","CPS","test","test",2015-02-18,47.5920833333333,-122.679066666667,"retain","WGS84",-1.43256,"staple",5,5,25,25,0.625,"125",500,20,20,"Creosote Point",NA,"zos_rest_ps__DNR__PNNL",134
"200","Otis Beach","Otis Beach - Henderson Inlet - DNR - test 1 - 2023","OTB_1","single",2023,NA,"point","Henderson Inlet","SPS","test","test",2023-05-07,47.1631008,-122.828051,"retain","WGS84",-1,"rebar",1.5,0.5,0.75,2.75,0.275,"11",150,200,54.5454545454545,"DuPont Wharf","planted 11 rebar. First 2 rebar were perpendicular to shore, then 3 rebar parallel to shore, then 3 rebar perpendicular to shore, then 3 rebar parallel to shore (=, 3 parallel, |||, 3 parallel).","unaffiliated__unspecified__unspecified",135
"201","Penrose State Park","Penrose North - HC - test - 2016","PEN_L1","single",2016,"Thom, RM, and L Hallum. 1990. Long‐term changes in the areal extent of tidal marshes, eelgrass meadows, and kelp forests of Puget Sound. FRI‐UW‐9008, Fisheries Research Institute, School of Fisheries, University of Washington, Seattle. Pp. 110.","point","Carr Inlet","CPS","test","test",2016-05-20,47.2640669611111,-122.739259130556,"retain","WGS84",-2,"burlap",5,5,25,39,9.75,"156",780,31.2,20,"Rocky Bay","transect line that includes 3 test plots","zos_rest_ps__WDFW__Hart Crowser",136
"202","Port Gamble Bay","Port Gamble Bay - PNNL - test 5 - 2014","PTG_5","single",2014,"NewFields Northwest. 2007. Port Gamble Baseline Investigations: marine natural resources. Prepared for Olympic Property Group, Poulsbo, WA. Pp. 49.
Thom, RM, and L Hallum. 1990. Long‐term changes in the areal extent of tidal marshes, eelgrass meadows, and kelp forests of Puget Sound. FRI‐UW‐9008, Fisheries Research Institute, School of Fisheries, University of Washington, Seattle. Pp. 110.
","point","Port Gamble Bay","HDC","test","test",2014-11-18,47.8204166666667,-122.572016666667,"retain","WGS84",-1.8288,"staple",5,5,25,25,0.625,"125",500,20,20,"Point Julia",NA,"zos_rest_pgamble__Ecology__PNNL",137
"203","Port Gamble Bay","Port Gamble Bay - PNNL - test 2 - 2014","PTG_2","single",2014,"NewFields Northwest. 2007. Port Gamble Baseline Investigations: marine natural resources. Prepared for Olympic Property Group, Poulsbo, WA. Pp. 49.
Thom, RM, and L Hallum. 1990. Long‐term changes in the areal extent of tidal marshes, eelgrass meadows, and kelp forests of Puget Sound. FRI‐UW‐9008, Fisheries Research Institute, School of Fisheries, University of Washington, Seattle. Pp. 110.
","point","Port Gamble Bay","HDC","test","test",2014-11-19,47.8211,-122.577966666667,"retain","WGS84",-1.8288,"staple",5,5,25,25,0.625,"125",500,20,20,"Point Julia",NA,"zos_rest_pgamble__Ecology__PNNL",138
"204","Port Gamble Bay","Port Gamble Bay - PNNL - test 3 - 2014","PTG_3","single",2014,"NewFields Northwest. 2007. Port Gamble Baseline Investigations: marine natural resources. Prepared for Olympic Property Group, Poulsbo, WA. Pp. 49.
Thom, RM, and L Hallum. 1990. Long‐term changes in the areal extent of tidal marshes, eelgrass meadows, and kelp forests of Puget Sound. FRI‐UW‐9008, Fisheries Research Institute, School of Fisheries, University of Washington, Seattle. Pp. 110.
","point","Port Gamble Bay","HDC","test","test",2014-11-19,47.8215666666667,-122.575316666667,"retain","WGS84",-2.7432,"staple",5,5,25,25,0.625,"125",500,20,20,"Point Julia",NA,"zos_rest_pgamble__Ecology__PNNL",139
"205","Port Gamble Bay","Port Gamble Bay - PNNL - test 4 - 2014","PTG_4","single",2014,"NewFields Northwest. 2007. Port Gamble Baseline Investigations: marine natural resources. Prepared for Olympic Property Group, Poulsbo, WA. Pp. 49.
Thom, RM, and L Hallum. 1990. Long‐term changes in the areal extent of tidal marshes, eelgrass meadows, and kelp forests of Puget Sound. FRI‐UW‐9008, Fisheries Research Institute, School of Fisheries, University of Washington, Seattle. Pp. 110.
","point","Port Gamble Bay","HDC","test","test",2014-11-19,47.8203,-122.5757,"retain","WGS84",-1.2192,"staple",5,5,25,25,0.625,"125",500,20,20,"Point Julia",NA,"zos_rest_pgamble__Ecology__PNNL",140
"206","Port Gamble Bay","Port Gamble Bay - PNNL - test 1 - 2014","PTG_1","single",2014,"NewFields Northwest. 2007. Port Gamble Baseline Investigations: marine natural resources. Prepared for Olympic Property Group, Poulsbo, WA. Pp. 49.
Thom, RM, and L Hallum. 1990. Long‐term changes in the areal extent of tidal marshes, eelgrass meadows, and kelp forests of Puget Sound. FRI‐UW‐9008, Fisheries Research Institute, School of Fisheries, University of Washington, Seattle. Pp. 110.
","point","Port Gamble Bay","HDC","test","test",2014-11-20,47.8232666666667,-122.5821,"retain","WGS84",-1.8288,"staple",5,5,25,25,0.625,"125",500,20,20,"Point Julia",NA,"zos_rest_pgamble__Ecology__PNNL",141
"207","Port Gamble Bay","Port Gamble Bay - PNNL - test 6 - 2014","PTG_6","single",2014,"NewFields Northwest. 2007. Port Gamble Baseline Investigations: marine natural resources. Prepared for Olympic Property Group, Poulsbo, WA. Pp. 49.
Thom, RM, and L Hallum. 1990. Long‐term changes in the areal extent of tidal marshes, eelgrass meadows, and kelp forests of Puget Sound. FRI‐UW‐9008, Fisheries Research Institute, School of Fisheries, University of Washington, Seattle. Pp. 110.
","point","Port Gamble Bay","HDC","test","test",2014-11-20,47.8210666666667,-122.567266666667,"retain","WGS84",-1.8288,"staple",5,5,25,25,0.625,"125",500,20,20,"Point Julia",NA,"zos_rest_pgamble__Ecology__PNNL",142
"208","Port Gamble Bay","Port Gamble Bay - 1 - PNNL - large scale - N corner","PTG_P1","single",2015,"NewFields Northwest. 2007. Port Gamble Baseline Investigations: marine natural resources. Prepared for Olympic Property Group, Poulsbo, WA. Pp. 49.
Thom, RM, and L Hallum. 1990. Long‐term changes in the areal extent of tidal marshes, eelgrass meadows, and kelp forests of Puget Sound. FRI‐UW‐9008, Fisheries Research Institute, School of Fisheries, University of Washington, Seattle. Pp. 110.
","polygon","Port Gamble Bay","HDC","large scale","large scale",2015-04-01,47.8234666666667,-122.582033333333,"retain","WGS84",NA,"staple",48,36,1728,240,6,"1200",4800,2.77777777777778,20,"Point Julia",NA,"zos_rest_pgamble__Ecology__PNNL",143
"209","Port Gamble Bay","Port Gamble Bay - 1 - PNNL - large scale - E corner","PTG_P1","single",2015,"NewFields Northwest. 2007. Port Gamble Baseline Investigations: marine natural resources. Prepared for Olympic Property Group, Poulsbo, WA. Pp. 49.
Thom, RM, and L Hallum. 1990. Long‐term changes in the areal extent of tidal marshes, eelgrass meadows, and kelp forests of Puget Sound. FRI‐UW‐9008, Fisheries Research Institute, School of Fisheries, University of Washington, Seattle. Pp. 110.
","polygon","Port Gamble Bay","HDC","large scale","--",2015-04-01,47.8232,-122.58155,"retain","WGS84",NA,"staple",NA,NA,NA,NA,NA,NA,NA,NA,NA,NA,NA,"zos_rest_pgamble__Ecology__PNNL",143
"210","Port Gamble Bay","Port Gamble Bay - 1 - PNNL - large scale - S corner","PTG_P1","single",2015,"NewFields Northwest. 2007. Port Gamble Baseline Investigations: marine natural resources. Prepared for Olympic Property Group, Poulsbo, WA. Pp. 49.
Thom, RM, and L Hallum. 1990. Long‐term changes in the areal extent of tidal marshes, eelgrass meadows, and kelp forests of Puget Sound. FRI‐UW‐9008, Fisheries Research Institute, School of Fisheries, University of Washington, Seattle. Pp. 110.
","polygon","Port Gamble Bay","HDC","large scale","--",2015-04-01,47.82305,-122.581883333333,"retain","WGS84",NA,"staple",NA,NA,NA,NA,NA,NA,NA,NA,NA,NA,NA,"zos_rest_pgamble__Ecology__PNNL",143
"211","Port Gamble Bay","Port Gamble Bay - 1 - PNNL - large scale - W corner","PTG_P1","single",2015,"NewFields Northwest. 2007. Port Gamble Baseline Investigations: marine natural resources. Prepared for Olympic Property Group, Poulsbo, WA. Pp. 49.
Thom, RM, and L Hallum. 1990. Long‐term changes in the areal extent of tidal marshes, eelgrass meadows, and kelp forests of Puget Sound. FRI‐UW‐9008, Fisheries Research Institute, School of Fisheries, University of Washington, Seattle. Pp. 110.
","polygon","Port Gamble Bay","HDC","large scale","--",2015-04-01,47.8232833333333,-122.58235,"retain","WGS84",-1.8288,"staple",NA,NA,NA,NA,NA,NA,NA,NA,NA,NA,NA,"zos_rest_pgamble__Ecology__PNNL",143
"212","Port Gamble Bay","Port Gamble Bay - 2 - PNNL - large scale - N corner","PTG_P2","single",2015,"NewFields Northwest. 2007. Port Gamble Baseline Investigations: marine natural resources. Prepared for Olympic Property Group, Poulsbo, WA. Pp. 49.
Thom, RM, and L Hallum. 1990. Long‐term changes in the areal extent of tidal marshes, eelgrass meadows, and kelp forests of Puget Sound. FRI‐UW‐9008, Fisheries Research Institute, School of Fisheries, University of Washington, Seattle. Pp. 110.
","polygon","Port Gamble Bay","HDC","large scale","large scale",2015-04-01,47.82205,-122.5805,"retain","WGS84",NA,"staple",60,36,2160,320,7.9125,"1582.5",6330,2.93055555555556,19.78125,"Point Julia",NA,"zos_rest_pgamble__Ecology__PNNL",144
"213","Port Gamble Bay","Port Gamble Bay - 2 - PNNL - large scale - E corner","PTG_P2","single",2015,"NewFields Northwest. 2007. Port Gamble Baseline Investigations: marine natural resources. Prepared for Olympic Property Group, Poulsbo, WA. Pp. 49.
Thom, RM, and L Hallum. 1990. Long‐term changes in the areal extent of tidal marshes, eelgrass meadows, and kelp forests of Puget Sound. FRI‐UW‐9008, Fisheries Research Institute, School of Fisheries, University of Washington, Seattle. Pp. 110.
","polygon","Port Gamble Bay","HDC","large scale","--",2015-04-01,47.82175,-122.579966666667,"retain","WGS84",NA,"staple",NA,NA,NA,NA,NA,NA,NA,NA,NA,NA,NA,"zos_rest_pgamble__Ecology__PNNL",144
"214","Port Gamble Bay","Port Gamble Bay - 2 - PNNL - large scale - S corner","PTG_P2","single",2015,"NewFields Northwest. 2007. Port Gamble Baseline Investigations: marine natural resources. Prepared for Olympic Property Group, Poulsbo, WA. Pp. 49.
Thom, RM, and L Hallum. 1990. Long‐term changes in the areal extent of tidal marshes, eelgrass meadows, and kelp forests of Puget Sound. FRI‐UW‐9008, Fisheries Research Institute, School of Fisheries, University of Washington, Seattle. Pp. 110.
","polygon","Port Gamble Bay","HDC","large scale","--",2015-04-01,47.8215166666667,-122.580216666667,"retain","WGS84",NA,"staple",NA,NA,NA,NA,NA,NA,NA,NA,NA,NA,NA,"zos_rest_pgamble__Ecology__PNNL",144
"215","Port Gamble Bay","Port Gamble Bay - 2 - PNNL - large scale - W corner","PTG_P2","single",2015,"NewFields Northwest. 2007. Port Gamble Baseline Investigations: marine natural resources. Prepared for Olympic Property Group, Poulsbo, WA. Pp. 49.
Thom, RM, and L Hallum. 1990. Long‐term changes in the areal extent of tidal marshes, eelgrass meadows, and kelp forests of Puget Sound. FRI‐UW‐9008, Fisheries Research Institute, School of Fisheries, University of Washington, Seattle. Pp. 110.
","polygon","Port Gamble Bay","HDC","large scale","--",2015-04-01,47.8217833333333,-122.580916666667,"retain","WGS84",NA,"staple",NA,NA,NA,NA,NA,NA,NA,NA,NA,NA,NA,"zos_rest_pgamble__Ecology__PNNL",144
"216","Port Gamble Bay","Port Gamble Bay - 3 - PNNL -  large scale - NW corner","PTG_P3","single",2015,"NewFields Northwest. 2007. Port Gamble Baseline Investigations: marine natural resources. Prepared for Olympic Property Group, Poulsbo, WA. Pp. 49.
Thom, RM, and L Hallum. 1990. Long‐term changes in the areal extent of tidal marshes, eelgrass meadows, and kelp forests of Puget Sound. FRI‐UW‐9008, Fisheries Research Institute, School of Fisheries, University of Washington, Seattle. Pp. 110.
","polygon","Port Gamble Bay","HDC","large scale","large scale",2015-04-01,47.8215666666667,-122.578016666667,"retain","WGS84",NA,"staple",60,36,2160,320,8,"1600",6400,2.96296296296296,20,"Point Julia",NA,"zos_rest_pgamble__Ecology__PNNL",145
"217","Port Gamble Bay","Port Gamble Bay - 3 - PNNL - large scale - NE corner","PTG_P3","single",2015,"NewFields Northwest. 2007. Port Gamble Baseline Investigations: marine natural resources. Prepared for Olympic Property Group, Poulsbo, WA. Pp. 49.
Thom, RM, and L Hallum. 1990. Long‐term changes in the areal extent of tidal marshes, eelgrass meadows, and kelp forests of Puget Sound. FRI‐UW‐9008, Fisheries Research Institute, School of Fisheries, University of Washington, Seattle. Pp. 110.
","polygon","Port Gamble Bay","HDC","large scale","--",2015-04-01,47.8215166666667,-122.577216666667,"retain","WGS84",NA,"staple",NA,NA,NA,NA,NA,NA,NA,NA,NA,NA,NA,"zos_rest_pgamble__Ecology__PNNL",145
"218","Port Gamble Bay","Port Gamble Bay - 3 - PNNL - large scale - SE corner","PTG_P3","single",2015,"NewFields Northwest. 2007. Port Gamble Baseline Investigations: marine natural resources. Prepared for Olympic Property Group, Poulsbo, WA. Pp. 49.
Thom, RM, and L Hallum. 1990. Long‐term changes in the areal extent of tidal marshes, eelgrass meadows, and kelp forests of Puget Sound. FRI‐UW‐9008, Fisheries Research Institute, School of Fisheries, University of Washington, Seattle. Pp. 110.
","polygon","Port Gamble Bay","HDC","large scale","--",2015-04-01,47.8211833333333,-122.577116666667,"retain","WGS84",NA,"staple",NA,NA,NA,NA,NA,NA,NA,NA,NA,NA,NA,"zos_rest_pgamble__Ecology__PNNL",145
"219","Port Gamble Bay","Port Gamble Bay - 3 - PNNL - large scale - SW corner","PTG_P3","single",2015,"NewFields Northwest. 2007. Port Gamble Baseline Investigations: marine natural resources. Prepared for Olympic Property Group, Poulsbo, WA. Pp. 49.
Thom, RM, and L Hallum. 1990. Long‐term changes in the areal extent of tidal marshes, eelgrass meadows, and kelp forests of Puget Sound. FRI‐UW‐9008, Fisheries Research Institute, School of Fisheries, University of Washington, Seattle. Pp. 110.
","polygon","Port Gamble Bay","HDC","large scale","--",2015-04-01,47.8212166666667,-122.577916666667,"retain","WGS84",-1.8288,"staple",NA,NA,NA,NA,NA,NA,NA,NA,NA,NA,NA,"zos_rest_pgamble__Ecology__PNNL",145
"220","Port Gamble Bay","Port Gamble Bay - 4 - PNNL - large scale - NW corner","PTG_P4","single",2015,"NewFields Northwest. 2007. Port Gamble Baseline Investigations: marine natural resources. Prepared for Olympic Property Group, Poulsbo, WA. Pp. 49.
Thom, RM, and L Hallum. 1990. Long‐term changes in the areal extent of tidal marshes, eelgrass meadows, and kelp forests of Puget Sound. FRI‐UW‐9008, Fisheries Research Institute, School of Fisheries, University of Washington, Seattle. Pp. 110.
","polygon","Port Gamble Bay","HDC","large scale","large scale",2015-04-01,47.8216666666667,-122.576233333333,"retain","WGS84",NA,"staple",60,36,2160,320,7.965,"1593",6372,2.95,19.9125,"Point Julia",NA,"zos_rest_pgamble__Ecology__PNNL",146
"221","Port Gamble Bay","Port Gamble Bay - 4 - PNNL - large scale - NE corner","PTG_P4","single",2015,"NewFields Northwest. 2007. Port Gamble Baseline Investigations: marine natural resources. Prepared for Olympic Property Group, Poulsbo, WA. Pp. 49.
Thom, RM, and L Hallum. 1990. Long‐term changes in the areal extent of tidal marshes, eelgrass meadows, and kelp forests of Puget Sound. FRI‐UW‐9008, Fisheries Research Institute, School of Fisheries, University of Washington, Seattle. Pp. 110.
","polygon","Port Gamble Bay","HDC","large scale","--",2015-04-01,47.8215333333333,-122.575383333333,"retain","WGS84",-2.7432,"staple",NA,NA,NA,NA,NA,NA,NA,NA,NA,NA,NA,"zos_rest_pgamble__Ecology__PNNL",146
"222","Port Gamble Bay","Port Gamble Bay - 4 - PNNL - large scale - SE corner","PTG_P4","single",2015,"NewFields Northwest. 2007. Port Gamble Baseline Investigations: marine natural resources. Prepared for Olympic Property Group, Poulsbo, WA. Pp. 49.
Thom, RM, and L Hallum. 1990. Long‐term changes in the areal extent of tidal marshes, eelgrass meadows, and kelp forests of Puget Sound. FRI‐UW‐9008, Fisheries Research Institute, School of Fisheries, University of Washington, Seattle. Pp. 110.
","polygon","Port Gamble Bay","HDC","large scale","--",2015-04-01,47.8212166666667,-122.575283333333,"retain","WGS84",NA,"staple",NA,NA,NA,NA,NA,NA,NA,NA,NA,NA,NA,"zos_rest_pgamble__Ecology__PNNL",146
"223","Port Gamble Bay","Port Gamble Bay - 4 - PNNL - large scale - SW corner","PTG_P4","single",2015,"NewFields Northwest. 2007. Port Gamble Baseline Investigations: marine natural resources. Prepared for Olympic Property Group, Poulsbo, WA. Pp. 49.
Thom, RM, and L Hallum. 1990. Long‐term changes in the areal extent of tidal marshes, eelgrass meadows, and kelp forests of Puget Sound. FRI‐UW‐9008, Fisheries Research Institute, School of Fisheries, University of Washington, Seattle. Pp. 110.
","polygon","Port Gamble Bay","HDC","large scale","--",2015-04-01,47.8212833333333,-122.576183333333,"retain","WGS84",NA,"staple",NA,NA,NA,NA,NA,NA,NA,NA,NA,NA,NA,"zos_rest_pgamble__Ecology__PNNL",146
"224","Quartermaster Harbor","Quartermaster Harbor - PNNL - Test Plot 1S - 2018","QMH_1S","single",2018,NA,"point","Quartermaster Harbor","CPS","test","test",2018-05-30,47.3835,-122.45133,"retain","WGS84",-1.03632,"rebar",12,1,12,7.5,0.75,"30",600,50,80,"Dumas Bay","base line runs 230°M; 20 shoots/rebar; 30 rebar planted on the offshore side of baseline","zos_rec_ps__USFWS__PNNL",147
"225","Quartermaster Harbor","Quartermaster Harbor - PNNL - Test Plot 1D - 2018","QMH_1D","single",2018,NA,"point","Quartermaster Harbor","CPS","test","test",2018-05-30,47.38334,-122.4513,"retain","WGS84",-1.88976,"rebar",12,1,12,7.5,0.75,"30",600,50,80,"Dumas Bay","base line runs 240°M; 20 shoots/rebar; 30 rebar planted on the offshore side of baseline","zos_rec_ps__USFWS__PNNL",148
"226","Quartermaster Harbor","Quartermaster Harbor - PNNL - Test Plot 4S - 2018","QMH_4S","single",2018,NA,"point","Quartermaster Harbor","CPS","test","test",2018-05-30,47.39066,-122.43606,"retain","WGS84",-1.2192,"rebar",12,1,12,7.5,0.75,"30",600,50,80,"Dumas Bay","base line runs 90°M; 20 shoots/rebar; 30 rebar planted on the offshore side of baseline","zos_rec_ps__USFWS__PNNL",149
"227","Quartermaster Harbor","Quartermaster Harbor - PNNL - Test Plot 4D - 2018","QMH_4D","single",2018,NA,"point","Quartermaster Harbor","CPS","test","test",2018-05-30,47.39022,-122.43597,"retain","WGS84",-1.61544,"rebar",12,1,12,7.5,0.75,"30",600,50,80,"Dumas Bay","base line runs 90°M; 20 shoots/rebar; 30 rebar planted on the offshore side of baseline","zos_rec_ps__USFWS__PNNL",150
"228","Quartermaster Harbor","Quartermaster Harbor - PNNL - Test Plot 5S - 2018","QMH_5S","single",2018,NA,"point","Quartermaster Harbor","CPS","test","test",2018-05-31,47.38592,-122.43793,"retain","WGS84",-1.18872,"rebar",12,1,12,7.5,0.75,"30",600,50,80,"Dumas Bay","base line runs 240°M; 20 shoots/rebar; 30 rebar planted on the offshore side of baseline","zos_rec_ps__USFWS__PNNL",151
"229","Quartermaster Harbor","Quartermaster Harbor - PNNL - Test Plot 5D - 2018","QMH_5D","single",2018,NA,"point","Quartermaster Harbor","CPS","test","test",2018-05-31,47.38597,-122.43799,"retain","WGS84",-1.73736,"rebar",12,1,12,7.5,0.75,"30",600,50,80,"Dumas Bay","base line runs 230°M; 20 shoots/rebar; 30 rebar planted on the offshore side of baseline","zos_rec_ps__USFWS__PNNL",152
"230","Quartermaster Harbor","Quartermaster Harbor - PNNL - Test Plot 2D - 2018","QMH_2D","single",2018,NA,"point","Quartermaster Harbor","CPS","test","test",2018-06-01,47.39441,-122.44898,"retain","WGS84",-1.79832,"rebar",12,1,12,7.5,0.75,"30",600,50,80,"Dumas Bay","base line runs 305°M; 20 shoots/rebar; 30 rebar planted on the offshore side of baseline","zos_rec_ps__USFWS__PNNL",153
"231","Quartermaster Harbor","Quartermaster Harbor - PNNL - Test Plot 3S - 2018","QMH_3S","single",2018,NA,"point","Quartermaster Harbor","CPS","test","test",2018-06-01,47.40392,-122.44499,"retain","WGS84",-1.2192,"rebar",12,1,12,7.5,0.75,"30",600,50,80,"Dumas Bay","base line runs 40°M; 20 shoots/rebar; 30 rebar planted on the offshore side of baseline","zos_rec_ps__USFWS__PNNL",154
"232","Quartermaster Harbor","Quartermaster Harbor - PNNL - Test Plot 3D - 2018","QMH_3D","single",2018,NA,"point","Quartermaster Harbor","CPS","test","test",2018-06-01,47.40386,-122.44484,"retain","WGS84",-1.85928,"rebar",12,1,12,7.5,0.75,"30",600,50,80,"Dumas Bay","base line runs 25°M; 20 shoots/rebar; 30 rebar planted on the inshore side of baseline","zos_rec_ps__USFWS__PNNL",155
"233","Quartermaster Harbor","Quartermaster Harbor - PNNL - Test Plot 4S - 2021","QMH_4S","colocated",2021,NA,"point","Quartermaster Harbor","CPS","test","test",2021-05-13,47.39066,-122.43606,"retain","WGS84",-1.5,"rebar",3.5,0.5,1.75,1,0.3,"12",240,137.142857142857,240,"DuPont Wharf","20 shoots per rebar as DuPont Wharf shoots were large (~50 cm canopy height). Plots start approximatey 5 m east of light sensor. 3rd plot east of light sensor included a base of sand (50# bag of play sand)","kingco__KingCounty__unspecified",156
"234","Quartermaster Harbor","Quartermaster Harbor - PNNL - Test Plot 4S - 2021","QMH_4S","colocated",2021,NA,"point","Quartermaster Harbor","CPS","test","test",2021-05-14,47.39066,-122.43606,"retain","WGS84",-1.5,"rebar",4.5,0.5,2.25,1.25,0.375,"15",375,166.666666666667,300,"Dumas Bay","25 shoots per rebar because Dumas Bay shoots were small (~30 cm canopy height). Plots were placed shallower and a 0.5 m offset from DuPont Wharf shoots. 3rd plot east of light sensor included a base of sand (50# bag of play sand)","kingco__KingCounty__unspecified",157
"235","Quartermaster Harbor","Quartermaster Harbor - PNNL - Test Plot 4S - 2021","QMH_4S","colocated",2021,NA,"point","Quartermaster Harbor","CPS","test","test",2021-05-26,47.39066,-122.43606,"retain","WGS84",-1.5,"rebar",2.5,1,2.5,1.5,0.45,"18",270,108,180,"DuPont Wharf","15 shoots per rebar because DuPont Wharf shoots were large (~50 cm canopy height). Plots were placed along a trasect 2 meters south of the light sensor. The first plot of 3 rebar was planted at 5 m along the tape in a westerly direction. The second plot was at 6 m and the 3rd plot was at 7 m. 3 plots on one side of the tape (9 rebar total) and 3 plots on the other side of the tape (9 rebar). 360 shoots total.","kingco__KingCounty__unspecified",158
"236","Quartermaster Harbor","Quartermaster Harbor - PNNL - Test Plot 5a - 2021","QMH_5a","colocated",2021,NA,"point","Quartermaster Harbor","CPS","test","test",2021-05-13,47.3859,-122.4379,"retain","WGS84",-1.5,"rebar",2.5,0.5,1.25,0.75,0.225,"9",180,144,240,"DuPont Wharf","20 shoots per rebar as DuPont Wharf shoots were large (~50 cm canopy height). KC Project (IAA 93-097520) Dockton test transplant site.","kingco__KingCounty__unspecified",159
"237","Quartermaster Harbor","Quartermaster Harbor - PNNL - Test Plot 5a - 2021","QMH_5a","colocated",2021,NA,"point","Quartermaster Harbor","CPS","test","test",2021-05-14,47.3859,-122.4379,"retain","WGS84",-1.5,"rebar",2.5,0.5,1.25,0.75,0.225,"9",180,144,240,"Dumas Bay","25 shoots per rebar because Dumas Bay shoots were small (~30 cm canopy height). 3 plots were planted alternate to the DuPont Wharf plots and shallower. KC Project (IAA 93-097520) Dockton test transplant site.","kingco__KingCounty__unspecified",160
"238","Quartermaster Harbor","Quartermaster Harbor - PNNL - Test Plot 4S - 2021","QMH_4S","colocated",2021,NA,"point","Quartermaster Harbor","CPS","test","test",2021-05-26,47.39066,-122.43606,"retain","WGS84",-1.5,"rebar",2.5,1,2.5,4.5,0.45,"18",360,144,80,"DuPont Wharf","20 shoots per rebar as DuPont Wharf shoots were large (~50 cm canopy height). Transplant plots start at 5 m west of light sensor and were planted on either side of the tape at 5 m, 6 m, and 7 m (shallow - deep). 3 rebar with 20 shoots each placed deep and 3 rebar placed shallow to span from 5 m to 5.5 m, 6 m to 6.5 m, and 7 m to 7.5 m.","kingco__KingCounty__unspecified",161
"239","Quartermaster Harbor","Quartermaster Harbor - PNNL - Test Plot 4S - 2022","QMH_4S","colocated",2022,NA,"point","Quartermaster Harbor","CPS","test","test",2022-05-19,47.39066,-122.43606,"retain","WGS84",-1.5,"TERFS",1.5,0.5,0.75,0.75,0.75,"3",75,100,100,"DuPont Wharf","planted 3 upside down TERFS with 25 shoots attached with hemp cord and electrical tape wrapped around a rhizome segment and metal of the TERFS. Goal was to determine if plants could survive in water column without contact with sediment. Possible stressor is grazing by crabs as observed in 2021. TERFS were placed approximately 2 m northwest of light sensor and separated by approximately 1 m.","kingco__KingCounty__unspecified",162
"240","Quilcene Bay","Quilcene Bay - PNNL - test - 2014","QLC01","single",2014,"Thom, RM, and L Hallum. 1990. Long‐term changes in the areal extent of tidal marshes, eelgrass meadows, and kelp forests of Puget Sound. FRI‐UW‐9008, Fisheries Research Institute, School of Fisheries, University of Washington, Seattle. Pp. 110.","point","Quilcene Bay","HDC","test","test",2014-11-24,47.7977666666667,-122.849666666667,"retain","WGS84",-0.4,"staple",5,5,25,25,0.625,"125",500,20,20,"Quilcene Bay",NA,"zos_rest_ps__DNR__PNNL",163
"241","Quilcene Delta","Quilcene Delta - PNNL - Northern line test plot 1 (inshore) - 2016","QLC_north1","single",2016,"Thom, RM, and L Hallum. 1990. Long‐term changes in the areal extent of tidal marshes, eelgrass meadows, and kelp forests of Puget Sound. FRI‐UW‐9008, Fisheries Research Institute, School of Fisheries, University of Washington, Seattle. Pp. 110.","point","Quilcene Bay","HDC","test","test",2016-06-30,47.7990833333333,-122.848716666667,"retain","WGS84",-1.64592,"staple",2,2,4,4,0.3,"60",240,60,60,"Quilcene Bay",NA,"zos_rest_3_deltas__USACE__PNNL",164
"242","Quilcene Delta","Quilcene Delta - PNNL - Northern line test plot 2 - 2016","QLC_north2","single",2016,"Thom, RM, and L Hallum. 1990. Long‐term changes in the areal extent of tidal marshes, eelgrass meadows, and kelp forests of Puget Sound. FRI‐UW‐9008, Fisheries Research Institute, School of Fisheries, University of Washington, Seattle. Pp. 110.","point","Quilcene Bay","HDC","test","test",2016-06-30,47.79915,-122.84875,"retain","WGS84",-1.70688,"staple",2,2,4,4,0.3,"60",240,60,60,"Quilcene Bay",NA,"zos_rest_3_deltas__USACE__PNNL",165
"243","Quilcene Delta","Quilcene Delta - PNNL - Northern line test plot 3 (offshore) - 2016","QLC_north3","single",2016,"Thom, RM, and L Hallum. 1990. Long‐term changes in the areal extent of tidal marshes, eelgrass meadows, and kelp forests of Puget Sound. FRI‐UW‐9008, Fisheries Research Institute, School of Fisheries, University of Washington, Seattle. Pp. 110.","point","Quilcene Bay","HDC","test","test",2016-06-30,47.7991666666667,-122.8488,"retain","WGS84",NA,"staple",2,2,4,4,0.3,"60",240,60,60,"Quilcene Bay",NA,"zos_rest_3_deltas__USACE__PNNL",166
"244","Quilcene Delta","Quilcene Delta - PNNL - Middle line test plot 1 (inshore) - 2016","QLC_mid1","single",2016,"Thom, RM, and L Hallum. 1990. Long‐term changes in the areal extent of tidal marshes, eelgrass meadows, and kelp forests of Puget Sound. FRI‐UW‐9008, Fisheries Research Institute, School of Fisheries, University of Washington, Seattle. Pp. 110.","point","Quilcene Bay","HDC","test","test",2016-06-30,47.7980333333333,-122.849516666667,"retain","WGS84",-1.43256,"staple",2,2,4,4,0.3,"60",240,60,60,"Quilcene Bay",NA,"zos_rest_3_deltas__USACE__PNNL",167
"245","Quilcene Delta","Quilcene Delta - PNNL - Middle line test plot 2 - 2016","QLC_mid2","single",2016,"Thom, RM, and L Hallum. 1990. Long‐term changes in the areal extent of tidal marshes, eelgrass meadows, and kelp forests of Puget Sound. FRI‐UW‐9008, Fisheries Research Institute, School of Fisheries, University of Washington, Seattle. Pp. 110.","point","Quilcene Bay","HDC","test","test",2016-06-30,47.7980833333333,-122.849583333333,"retain","WGS84",-1.79832,"staple",2,2,4,4,0.3,"60",240,60,60,"Quilcene Bay",NA,"zos_rest_3_deltas__USACE__PNNL",168
"246","Quilcene Delta","Quilcene Delta - PNNL - Middle line test plot 3 (offshore) - 2016","QLC_mid3","single",2016,"Thom, RM, and L Hallum. 1990. Long‐term changes in the areal extent of tidal marshes, eelgrass meadows, and kelp forests of Puget Sound. FRI‐UW‐9008, Fisheries Research Institute, School of Fisheries, University of Washington, Seattle. Pp. 110.","point","Quilcene Bay","HDC","test","test",2016-06-30,47.7981166666667,-122.8496,"retain","WGS84",-2.1336,"staple",2,2,4,4,0.3,"60",240,60,60,"Quilcene Bay",NA,"zos_rest_3_deltas__USACE__PNNL",169
"247","Quilcene Delta","Quilcene Delta - PNNL - Southern line test plot 1 (inshore) - 2016","QLC_south1","single",2016,"Thom, RM, and L Hallum. 1990. Long‐term changes in the areal extent of tidal marshes, eelgrass meadows, and kelp forests of Puget Sound. FRI‐UW‐9008, Fisheries Research Institute, School of Fisheries, University of Washington, Seattle. Pp. 110.","point","Quilcene Bay","HDC","test","test",2016-06-30,47.79665,-122.8501333,"retain","WGS84",-1.15824,"staple",2,2,4,4,0.3,"60",240,60,60,"Quilcene Bay",NA,"zos_rest_3_deltas__USACE__PNNL",170
"248","Quilcene Delta","Quilcene Delta - PNNL - Southern line test plot 2 - 2016","QLC_south2","single",2016,"Thom, RM, and L Hallum. 1990. Long‐term changes in the areal extent of tidal marshes, eelgrass meadows, and kelp forests of Puget Sound. FRI‐UW‐9008, Fisheries Research Institute, School of Fisheries, University of Washington, Seattle. Pp. 110.","point","Quilcene Bay","HDC","test","test",2016-06-30,47.79668333,-122.8502,"retain","WGS84",-1.46304,"staple",2,2,4,4,0.3,"60",240,60,60,"Quilcene Bay",NA,"zos_rest_3_deltas__USACE__PNNL",171
"249","Quilcene Delta","Quilcene Delta - PNNL - Southern line test plot 3 (offshore) - 2016","QLC_south3","single",2016,"Thom, RM, and L Hallum. 1990. Long‐term changes in the areal extent of tidal marshes, eelgrass meadows, and kelp forests of Puget Sound. FRI‐UW‐9008, Fisheries Research Institute, School of Fisheries, University of Washington, Seattle. Pp. 110.","point","Quilcene Bay","HDC","test","test",2016-06-30,47.79668333,-122.8502333,"retain","WGS84",-2.07264,"staple",2,2,4,4,0.3,"60",240,60,60,"Quilcene Bay",NA,"zos_rest_3_deltas__USACE__PNNL",172
"250","Shine Beach","Shine Beach - Squamish Harbor - DNR - test 1 - 2023","SHB_1","single",2023,NA,"point","Squamish Harbor","HDC","test","test",2023-06-04,47.866654,-122.67272,"retain","WGS84",-0.5,"rebar",NA,NA,0,2.25,0.225,"9",NA,NA,0,"Shine Beach",NA,"unaffiliated__unspecified__unspecified",173
"251","Skagit Delta","Skagit Delta - PNNL - test - 1 - 2016","SKG_1","single",2016,"Thom, RM, and L Hallum. 1990. Long‐term changes in the areal extent of tidal marshes, eelgrass meadows, and kelp forests of Puget Sound. FRI‐UW‐9008, Fisheries Research Institute, School of Fisheries, University of Washington, Seattle. Pp. 110.
SVMP Program","point","Skagit Bay","SWH","test","test",2016-09-08,48.3471066666667,-122.541366666667,"retain","WGS84",-0.70104,"rebar",2,2,4,5,0.5,"20",500,125,100,"Skagit Bay","screw anchors 3 meters apart","zos_rest_3_deltas__USACE__PNNL",174
"252","Skagit Delta","Skagit Delta - PNNL - test - 2 - 2016","SKG_2","single",2016,"Thom, RM, and L Hallum. 1990. Long‐term changes in the areal extent of tidal marshes, eelgrass meadows, and kelp forests of Puget Sound. FRI‐UW‐9008, Fisheries Research Institute, School of Fisheries, University of Washington, Seattle. Pp. 110.
SVMP Program","point","Skagit Bay","SWH","test","test",2016-09-08,48.3475666666667,-122.54205,"retain","WGS84",-0.70104,"rebar",2,2,4,5,0.5,"20",500,125,100,"Skagit Bay","screw anchors 2 meters apart","zos_rest_3_deltas__USACE__PNNL",175
"253","Skagit Delta","Skagit Delta - PNNL - test - 5 - 2016","SKG_5","single",2016,"Thom, RM, and L Hallum. 1990. Long‐term changes in the areal extent of tidal marshes, eelgrass meadows, and kelp forests of Puget Sound. FRI‐UW‐9008, Fisheries Research Institute, School of Fisheries, University of Washington, Seattle. Pp. 110.
SVMP Program","point","Skagit Bay","SWH","test","test",2016-09-09,48.3482,-122.54325,"retain","WGS84",-0.42672,"rebar",1.5,2,3,4,0.4,"16",400,133.333333333333,100,"Skagit Bay","screw anchors 1.5 meters apart","zos_rest_3_deltas__USACE__PNNL",176
"254","Skagit Delta","Skagit Delta - PNNL - test - 6 - 2016","SKG_6","single",2016,"Thom, RM, and L Hallum. 1990. Long‐term changes in the areal extent of tidal marshes, eelgrass meadows, and kelp forests of Puget Sound. FRI‐UW‐9008, Fisheries Research Institute, School of Fisheries, University of Washington, Seattle. Pp. 110.
SVMP Program","point","Skagit Bay","SWH","test","test",2016-09-09,48.3482,-122.543816666667,"retain","WGS84",-0.51816,"rebar",1.5,2,3,4,0.4,"16",400,133.333333333333,100,"Skagit Bay","screw anchors 1.5 meters apart","zos_rest_3_deltas__USACE__PNNL",177
"255","Stretch Island","Stretch Island - PNNL - test - 2015","STI","single",2015,NA,"point","Case Inlet","CPS","test","test",2015-03-12,47.320098,-122.831565,"retain","WGS84",-1.0668,"staple",5,5,25,25,0.625,"125",500,20,20,"Windy Bluff","""mega""-bundles were planted with 260 shoots on 26 staples outside of the plot 4 m west of the SW corner, at -1.5m, MLLW","zos_rest_ps__DNR__PNNL",178
"256","Taylor Bay","Taylor Bay North - HC - test - 2016","TAY_L1","single",2016,NA,"line","Case Inlet","CPS","test","test",2016-05-19,47.1830905583333,-122.777793994444,"retain","WGS84",-2,"burlap",25,5,125,75,9.75,"156",780,6.24,10.4,"Rocky Bay","transect line that includes 3 test plots","zos_rest_ps__WDFW__Hart Crowser",179
"257","Taylor Bay","Taylor Bay South - HC - test - 2016","TAY_L1","single",2016,NA,"line","Case Inlet","CPS","test","--",2016-05-19,47.1828600777778,-122.777782322222,"retain","WGS84",NA,NA,NA,NA,NA,NA,NA,NA,NA,NA,NA,NA,NA,"zos_rest_ps__WDFW__Hart Crowser",179
"258","Westcott Bay","Westcott Bay East - PNNL - test - 2013","WES_east","single",2013,"Thom, RM, and L Hallum. 1990. Long‐term changes in the areal extent of tidal marshes, eelgrass meadows, and kelp forests of Puget Sound. FRI‐UW‐9008, Fisheries Research Institute, School of Fisheries, University of Washington, Seattle. Pp. 110.","point","Westcott Bay","SJS","test","test",2013-06-14,48.6017833333333,-123.1394,"retain","WGS84",-1.2192,"staple",5,95,475,25,0.56,"112",448,0.943157894736842,17.92,"PNNL - MSL Tanks","head of bay, planted along a depth gradient from -4.0' to -6.0'","twentypc__WDFW__PNNL",180
"259","Westcott Bay","Westcott Bay West - PNNL - test - 2013","WES_west","single",2013,"Thom, RM, and L Hallum. 1990. Long‐term changes in the areal extent of tidal marshes, eelgrass meadows, and kelp forests of Puget Sound. FRI‐UW‐9008, Fisheries Research Institute, School of Fisheries, University of Washington, Seattle. Pp. 110.","point","Westcott Bay","SJS","test","test",2013-06-14,48.59645,-123.160866666667,"retain","WGS84",-1.524,"staple",5,57,285,25,0.59,"118",472,1.65614035087719,18.88,"PNNL - MSL Tanks","middle of bay, planted along a depth gradient from -5.0' to -9.0'","twentypc__WDFW__PNNL",181
"260","Westcott Bay","Westcott Bay - PNNL - Test Plot A - 2017","WES_A","single",2017,"Thom, RM, and L Hallum. 1990. Long‐term changes in the areal extent of tidal marshes, eelgrass meadows, and kelp forests of Puget Sound. FRI‐UW‐9008, Fisheries Research Institute, School of Fisheries, University of Washington, Seattle. Pp. 110.","point","Westcott Bay","SJS","test","test",2017-06-01,48.5958666666667,-123.16155,"retain","WGS84",-1.40208,"rebar",2.5,2.5,6.25,5,0.5,"20",500,80,100,"Bell Point, Stuart Island",NA,"zos_rec_ps__USFWS__PNNL",182
"261","Westcott Bay","Westcott Bay - PNNL - Test Plot B - 2017","WES_B","single",2017,"Thom, RM, and L Hallum. 1990. Long‐term changes in the areal extent of tidal marshes, eelgrass meadows, and kelp forests of Puget Sound. FRI‐UW‐9008, Fisheries Research Institute, School of Fisheries, University of Washington, Seattle. Pp. 110.","point","Westcott Bay","SJS","test","test",2017-06-01,48.59645,-123.161283333333,"retain","WGS84",-1.46304,"rebar",2.5,2.5,6.25,5,0.5,"20",500,80,100,"Bell Point",NA,"zos_rec_ps__USFWS__PNNL",183
"262","Westcott Bay","Westcott Bay - PNNL - Test Plot C - 2017","WES_C","single",2017,"Thom, RM, and L Hallum. 1990. Long‐term changes in the areal extent of tidal marshes, eelgrass meadows, and kelp forests of Puget Sound. FRI‐UW‐9008, Fisheries Research Institute, School of Fisheries, University of Washington, Seattle. Pp. 110.","point","Westcott Bay","SJS","test","test",2017-06-02,48.5977166666667,-123.159983333333,"retain","WGS84",-1.49352,"rebar",2.5,2.5,6.25,4.75,0.475,"19",475,76,100,"Mitchell Bay",NA,"zos_rec_ps__USFWS__PNNL",184
"263","Westcott Bay","Westcott Bay - PNNL - Test Plot D - 2017","WES_D","single",2017,"Thom, RM, and L Hallum. 1990. Long‐term changes in the areal extent of tidal marshes, eelgrass meadows, and kelp forests of Puget Sound. FRI‐UW‐9008, Fisheries Research Institute, School of Fisheries, University of Washington, Seattle. Pp. 110.","point","Westcott Bay","SJS","test","test",2017-06-02,48.5984833333333,-123.156833333333,"retain","WGS84",-1.524,"rebar",3,2.5,7.5,6.18,0.618,"24.72",618,82.4,100,"Henry Island",NA,"zos_rec_ps__USFWS__PNNL",185
"264","Westcott Bay","Westcott Bay - Bell Point North - DNR - test - 2020-Dumas","WES_test_1","single",2020,"SVMP","line","Westcott Bay","SJS","test","test",2020-08-01,48.59394,-123.15505,"retain","WGS84",-1.7,"rebar",14,1,14,6,0.6,"24",640,45.7142857142857,106.666666666667,"Dumas Bay","GPS marks the 0 m helical anchor. Another helical is set at 14 m (48.59399, -123.15520). Planting started at 2 m and ended at 10 m to keep transplants 2 m away from helicals at the end of the 14 m transect. Eelgrass harvested from the Shannon Point Marine Center mesocosms on 31 Jul 2020.","zos_rec_sji__DNR__unspecified",186
"265","Westcott Bay","Westcott Bay - Bell Point North - DNR - test - 2020-Fay","WES_test_1","single",2020,"SVMP","line","Westcott Bay","SJS","test","test",2020-08-01,48.59394,-123.15505,"retain","WGS84",-1.7,"rebar",14,1,14,0.75,0.075,"3",60,4.28571428571429,80,"Fay Bainbridge","GPS marks the 0 m helical anchor. Another helical is set at 14 m (48.59399, -123.15520). Planting started at 2 m and ended at 10 m to keep transplants 2 m away from helicals at the end of the 14 m transect. Eelgrass harvested from the Shannon Point Marine Center mesocosms on 31 Jul 2020.","zos_rec_sji__DNR__unspecified",187
"266","Westcott Bay","Westcott Bay - Bell Point North - DNR - test - 2020-Henry","WES_test_1","single",2020,"SVMP","line","Westcott Bay","SJS","test","test",2020-08-01,48.59394,-123.15505,"retain","WGS84",-1.7,"rebar",14,1,14,2.25,0.225,"9",135,9.64285714285714,60,"Henry Island","GPS marks the 0 m helical anchor. Another helical is set at 14 m (48.59399, -123.15520). Planting started at 2 m and ended at 10 m to keep transplants 2 m away from helicals at the end of the 14 m transect. Eelgrass harvested from the Pacific Northwest National Laboratory mesocosms on 31 July 2020.","zos_rec_sji__DNR__unspecified",188
"267","Westcott Bay","Westcott Bay - Bell Point North - DNR - test - 2020-Ship","WES_test_1","single",2020,"SVMP","line","Westcott Bay","SJS","test","test",2020-08-01,48.59394,-123.15505,"retain","WGS84",-1.7,"rebar",14,1,14,3.75,0.375,"15",210,15,56,"Ship Harbor","GPS marks the 0 m helical anchor. Another helical is set at 14 m (48.59399, -123.15520). Planting started at 2 m and ended at 10 m to keep transplants 2 m away from helicals at the end of the 14 m transect. Eelgrass harvested from the Shannon Point Marine Center mesocosms on 31 Jul 2020.","zos_rec_sji__DNR__unspecified",189
"268","Westcott Bay","Westcott Bay - Bell Point North - DNR - test - 2020-Mixed","WES_test_1","single",2020,"SVMP","line","Westcott Bay","SJS","test","test",2020-08-01,48.59394,-123.15505,"retain","WGS84",-1.7,"rebar",14,1,14,2.25,0.225,"9",275,19.6428571428571,122.222222222222,"Mixed","GPS marks the 0 m helical anchor. Another helical is set at 14 m (48.59399, -123.15520). Planting started at 2 m and ended at 10 m to keep transplants 2 m away from helicals at the end of the 14 m transect. Eelgrass harvested from the Shannon Point Marine Center mesocosms on 31 Jul 2020.","zos_rec_sji__DNR__unspecified",190
"269","Zangle Cove","Zangle Cove - PNNL - test - 2013","ZAN_1","single",2013,"personal observation","point","Dana Passage","SPS","test","test",2013-06-06,47.14555,-122.893233333333,"retain","WGS84",-1.2192,"staple",5,9,45,45,1.09,"218",872,19.3777777777778,19.3777777777778,"Thompson Cove",NA,"twentypc__WDFW__PNNL",191
"270","Zangle Cove","Zangle Cove - NW - PNNL - large - 2015","ZAN_P1","single",2015,"personal observation","polygon","Dana Passage","SPS","large scale","large scale",2015-05-04,47.1457333333333,-122.893183333333,"retain","WGS84",-2.286,"staple",55,30,1650,220,11.225,"2245",8980,5.44242424242424,40.8181818181818,"Thompson Cove","See planting diagram","zos_rest_ps__DNR__PNNL",192
"271","Zangle Cove","Zangle Cove - NE - PNNL - large - 2015","ZAN_P1","single",2015,"personal observation","polygon","Dana Passage","SPS","large scale","--",2015-05-04,47.1456333333333,-122.892466666667,"retain","WGS84",NA,"staple",NA,NA,NA,NA,NA,NA,NA,NA,NA,NA,NA,"zos_rest_ps__DNR__PNNL",192
"272","Zangle Cove","Zangle Cove - SE - PNNL - large - 2015","ZAN_P1","single",2015,"personal observation","polygon","Dana Passage","SPS","large scale","--",2015-05-04,47.1454,-122.89255,"retain","WGS84",NA,"staple",NA,NA,NA,NA,NA,NA,NA,NA,NA,NA,NA,"zos_rest_ps__DNR__PNNL",192
"273","Zangle Cove","Zangle Cove - SW - PNNL - large - 2015","ZAN_P1","single",2015,"personal observation","polygon","Dana Passage","SPS","large scale","--",2015-05-04,47.14555,-122.893233333333,"retain","WGS84",-1.12776,"staple",NA,NA,NA,NA,NA,NA,NA,NA,NA,NA,NA,"zos_rest_ps__DNR__PNNL",192
"274","Zangle Cove","Zangle Cove - SW - PNNL - test - 2015","ZAN_2","single",2015,"personal observation","point","Dana Passage","SPS","test","test",2015-05-06,47.1457,-122.89225,"retain","WGS84",-2.34696,"staple",5,5,25,25,0.625,"125",500,20,20,"Thompson Cove",NA,"zos_rest_ps__DNR__PNNL",193
"275","Zangle Cove","Zangle Cove - DNR - test - 1 Chia - 2016","ZAN_3","single",2016,"personal observation","point","Dana Passage","SPS","test","test",2016-06-06,47.1456367895,-122.8932577651,"retain","WGS84",NA,"rebar",0.25,0.25,0.0625,0.25,0.025,"1",40,640,160,"DuPont Wharf","1, 0.0625 m2 rebar quads planted and PAR sensor installed ~ 2 m away","dnr__DNR__unspecified",194
"276","Zangle Cove","Zangle Cove - DNR - test - 4 Chia - 2016","ZAN_4","single",2016,"personal observation","point","Dana Passage","SPS","test","test",2016-07-21,47.14549329,-122.8937296,"retain","WGS84",-0.5,"rebar",4,0.25,1,1,0.1,"4",200,200,200,"DuPont Wharf","4, 0.0625 m2 rebar quads planted (chia pets)","dnr__DNR__unspecified",195
